<?xml version="1.0" encoding="iso-8859-1" ?>
<newsitem itemid="2295" id="root" date="1996-08-20" xml:lang="en">
<title>USA: Kansas, Arizona add to suits against tobacco firms.</title>
<headline>Kansas, Arizona add to suits against tobacco firms.</headline>
<byline>Greg Frost</byline>
<dateline>KANSAS CITY, Mo. 1996-08-20</dateline>
<text>
<p>Kansas and Arizona filed lawsuits against some of the biggest tobacco firms Tuesday, joining a growing list of states seeking to recover hundreds of millions of dollars for the costs of treating smoking-related illnesses.</p>
<p>At the same time, sources said that Michigan and Oklahoma were preparing to file similar lawsuits this week, bringing to 14 the total number of states suing the industry.</p>
<p>Kansas Attorney General Carla Stovall called tobacco &quot;the most lethal consumer product ever sold&quot; and said her state's lawsuit was warranted because of the &quot;enormous financial burden&quot; that the tobacco industry had shifted to Kansas taxpayers.</p>
<p>Philip Morris Cos. Inc., one of nine tobacco companies named in the suit, said it would vigorously defend itself against the suit, which it said had no basis in law.</p>
<p>Meanwhile, aides to Michigan Attorney General Frank Kelley said he would file a suit against tobacco companies on Wednesday while legal sources said Oklahoma would file suit Thursday.</p>
<p>In Indianapolis, meanwhile, another liability challenge to the tobacco industry headed toward a decision.</p>
<p>A jury was expected to begin deliberations Wednesday or Thursday in the case of Richard Rogers, an Indianapolis lawyer who began smoking at age 6 and died of lung cancer 46 years later. Rogers' widow and teen-age children are seeking unspecified damages.</p>
<p>Also on Tuesday, New York City's public advocate urged Mayor Rudolph Giuliani to sue the tobacco industry to recover what the city paid out for health care costs of smokers.</p>
<p>Public Advocate Mark Green said the city should join the group of states and the city of San Francisco in their efforts to obtain Medicaid refunds from cigarette companies.</p>
<p>The Rogers case in Indianapolis is similar to hundreds that have been filed across the country. Earlier this month in Jacksonville, Fla., a jury awarded $750,000 to a man who smoked for 44 years before he was stricken with lung cancer.</p>
<p>In that case the jury said the Lucky Strikes he smoked were a defective product and that cigarette maker Brown &amp; Williamson Tobacco Corp., a unit of Britain's B.A.T. Industries Plc, was negligent by failing to inform the public about the health risks of smoking.</p>
<p>The company said it will appeal the jury decision.</p>
<p>The Kansas lawsuit only listed damages in excess of $50,000, but Stovall said the actual figure would probably run to hundreds of millions of dollars.</p>
<p>&quot;During the course of discovery we'll be able to come up with a finite amount of money that we're claiming in terms of damages, but it's hundreds of millions of dollars ... for what the state has paid out in Medicaid,&quot; Stovall said.</p>
<p>Arizona Attorney General Grant Woods said his state was seeking more than $300 million in damages related to costs Arizona incurred in Medicaid costs for smokers' illnesses.</p>
<p>Stovall said the Kansas lawsuit suit was the broadest to date because it sought to force tobacco firms to pay for programs aimed at educating children about the hazards of smoking.</p>
<p>Named as defendants in the Kansas suit were RJR Nabisco Holding Corp.'s RJ Reynolds Tobacco Co.; B.A.T. and its divisions Brown &amp; Williamson and The American Tobacco Co.; Philip Morris Co., Loews Corp.'s Lorillard Tobacco Co. Inc.; the public relations firm Hill and Knowlton, the Council for Tobacco Research, and the Tobacco Institute.</p>
<p>The Arizona suit also named Brooke Group Ltd.'s Liggett Group Inc. as a defendant.</p>
</text>
<copyright>(c) Reuters Limited 1996</copyright>
<metadata>
<codes class="bip:countries:1.0">
  <code code="USA">
    <editdetail attribution="Reuters BIP Coding Group" action="confirmed" date="1996-08-20"/>
  </code>
</codes>
<codes class="bip:industries:1.0">
  <code code="I42900">
    <editdetail attribution="Reuters BIP Coding Group" action="confirmed" date="1996-08-20"/>
  </code>
  <code code="I83960">
    <editdetail attribution="Reuters BIP Coding Group" action="confirmed" date="1996-08-20"/>
  </code>
</codes>
<codes class="bip:topics:1.0">
  <code code="C12">
    <editdetail attribution="Reuters BIP Coding Group" action="confirmed" date="1996-08-20"/>
  </code>
  <code code="CCAT">
    <editdetail attribution="Reuters BIP Coding Group" action="confirmed" date="1996-08-20"/>
  </code>
  <code code="GCAT">
    <editdetail attribution="Reuters BIP Coding Group" action="confirmed" date="1996-08-20"/>
  </code>
  <code code="GCRIM">
    <editdetail attribution="Reuters BIP Coding Group" action="confirmed" date="1996-08-20"/>
  </code>
</codes>
<dc element="dc.date.created" value="1996-08-20"/>
<dc element="dc.publisher" value="Reuters Holdings Plc"/>
<dc element="dc.date.published" value="1996-08-20"/>
<dc element="dc.source" value="Reuters"/>
<dc element="dc.creator.location" value="KANSAS CITY, Mo."/>
<dc element="dc.creator.location.country.name" value="USA"/>
<dc element="dc.source" value="Reuters"/>
</metadata>
</newsitem>
