<?xml version="1.0" encoding="iso-8859-1" ?>
<newsitem itemid="2303" id="root" date="1996-08-20" xml:lang="en">
<title>USA: War hero Colin Powell hits road with Dole campaign.</title>
<headline>War hero Colin Powell hits road with Dole campaign.</headline>
<byline>Joanne Kenen</byline>
<dateline>LOUISVILLE, Ky 1996-08-20</dateline>
<text>
<p>Gulf War hero Colin Powell lent his prestige and popularity to the Republican presidential ticket on Tuesday, making a surprise appearance alongside Bob Dole and Jack Kemp as they campaigned among U.S. war veterans for a strong national defence.</p>
<p>The Veterans of Foreign Wars convention in Kentucky was a natural setting for Powell, a retired general who helped lead U.S. troops to victory in Operation Desert Storm in the Gulf, and for Bob Dole, who nearly died in the Second World War.</p>
<p>&quot;One of the great lessons of history is that if America is prepared to fight many wars and greater wars and any wars that come, then we will fight fewer wars and lesser wars and perhaps no wars at all,&quot; said Dole.</p>
<p>Dole accused the Clinton administration of spending too little on modernising U.S. forces and meeting the needs of U.S. troops. He said nearly 17,000 junior enlisted personnel needed food stamps to make ends meet last year.</p>
<p>&quot;That should not happen if you wear the American uniform,&quot; Dole said in a speech that outlined his career-long commitment to veterans.</p>
<p>Powell, apparently trying to keep the spotlight on the Republican candidate and not on rumours that he may be secretary of state in a Dole administration, said he and Dole &quot;haven't had any discussion&quot; about a cabinet post and the priority now was to &quot;get the team elected.&quot;</p>
<p>With his well-received speech at the Republican convention in San Diego last week, the retired general and best-selling author helped the party project an image of tolerance and inclusion. Republicans hope Powell, a moderate on social issues, can reel in the independents Dole needs if he is to oust President Bill Clinton from the White House on Nov. 5.</p>
<p>Powell had to remind well-wishers who had come out to greet Dole at the Louisville airport, &quot;I'm not running for anything.&quot; Introducing Dole at the VFW rally, he praised him as a champion of a strong defence who &quot;proudly wears a purple heart&quot; for his war wounds and &quot;now offers himself for service as the leader of this great nation.&quot;</p>
<p>&quot;His vision includes providing leadership to the world in a way that will reassure and comfort our friends and put our enemies on clear notice that we have the strength and the will to defend ourselves and to defend our interests,&quot; he added.</p>
<p>Before heading back to Washington, Dole, Kemp and Powell, who were not accompanied by their wives on Tuesday, paid a brief visit to the Ladies Auxiliary meeting at a nearby auditorium where the women had been unable to see or hear the main event.</p>
<p>&quot;They've never come to the ladies before, this is a first, first, first,&quot; said a delighted Marion Watson, from Louisville, chuckling as the former Kansas senator told the crowd, &quot;You'll get a tax cut whether you want one or not.&quot;</p>
<p>Opinion polls show that the harmonious Republican convention and the energy Kemp infused into the campaign helped Dole cut into Clinton's lead, although Clinton, who at 50 is 23 years younger than Dole, still was ahead and the latest polls showed the gap widening again, to 12 points.</p>
<p>Dole and his running mate Kemp have made the economy the centrepiece of their joint campaign, pledging to cut income taxes by 15 percent and balance the federal budget without harming veterans or the elderly. But they have given scant details of how they plan to do that.</p>
<p>&quot;It's simply a matter of presidential will. If you've got it, you can do it, and I've got it and I will do it,&quot;  said Dole, who in his 35 years in Congress took part in many budget struggles.</p>
</text>
<copyright>(c) Reuters Limited 1996</copyright>
<metadata>
<codes class="bip:countries:1.0">
  <code code="USA">
    <editdetail attribution="Reuters BIP Coding Group" action="confirmed" date="1996-08-20"/>
  </code>
</codes>
<codes class="bip:topics:1.0">
  <code code="GCAT">
    <editdetail attribution="Reuters BIP Coding Group" action="confirmed" date="1996-08-20"/>
  </code>
  <code code="GPOL">
    <editdetail attribution="Reuters BIP Coding Group" action="confirmed" date="1996-08-20"/>
  </code>
</codes>
<dc element="dc.date.created" value="1996-08-20"/>
<dc element="dc.publisher" value="Reuters Holdings Plc"/>
<dc element="dc.date.published" value="1996-08-20"/>
<dc element="dc.source" value="Reuters"/>
<dc element="dc.creator.location" value="LOUISVILLE, Ky"/>
<dc element="dc.creator.location.country.name" value="USA"/>
<dc element="dc.source" value="Reuters"/>
</metadata>
</newsitem>
