<?xml version="1.0" encoding="iso-8859-1" ?>
<newsitem itemid="2316" id="root" date="1996-08-20" xml:lang="en">
<title>GERMANY: Viag stays positive after first half profit slump.</title>
<headline>Viag stays positive after first half profit slump.</headline>
<byline>Catherine O'Mahony</byline>
<dateline>FRANKFURT 1996-08-20</dateline>
<text>
<p>German utility group Viag AG on Tuesday said its net profit this year ought to at least match 1995's 1.32 billion marks ($886.1 million) despite a 21 percent slide in its earnings in first-half 1996.</p>
<p>The diversified group said its pre-tax profit slumped to 1.178 billion marks in the first six months of 1996, but chairman Georg Obermeier stressed that the comparative 1995 figure was swollen by one-off gains from selling off units.</p>
<p>Speaking to a news conference, Obermeier said operating profit had risen 10 percent in the six-month period, but declined to give absolute figures.</p>
<p>He also noted that the bulk of Viag's first-half profit in 1995 was the result of one-off gains from the sale of its 43.4 percent stake in Germany's biggest paper maker PWA and the final consolidaton of its SKW Trostberg unit.</p>
<p>&quot;Overall the Viag group is developing in line with ... expectations. The economic weakness of the winter period had an effect on the cyclical divisions, however growth tendencies are evident again in several areas,&quot; Viag said.</p>
<p>Viag also said its group sales expanded by two percent to 21.803 billion marks from 21.375 billion in the first half of 1996.</p>
<p>The group said sales growth was varied across different divisions, with strong gains in its energy units, in its SKW unit's natural fibres division, drinks packaging at its Schmalbach-Lubeca unit and at Computer 2000.</p>
<p>However turnover in aluminium business at its VAW unit and steel trading at its Kloeckner unit had come under strong pressure, Viag said.</p>
<p>Overall packaging sales dropped to 5.9 billion marks from 6.3 billion marks, while the other core business segments -- energy, chemicals and logistics -- posted sales growth.</p>
<p>Viag said it would continue to expand its core business areas and proceed with a range of restructuring and cost-cutting measures.</p>
<p>Group investment in fixed assets dropped to 792 million marks from 913 million marks in the first half of 1996 while group spending on participations dropped dramatically to 178 million marks from 1.49 billion.</p>
<p>In the first half of 1995, Viag and its units bought several major companies including SBI Systems Bio-Industries, bought by Viag's chemicals division and a majority stake in Computer 2000.</p>
<p>Viag's workforce was little changed at 82,874 compared with 84,939 in the first six months of 1995.</p>
<p>($1=1.4895 Mark)</p>
</text>
<copyright>(c) Reuters Limited 1996</copyright>
<metadata>
<codes class="bip:countries:1.0">
  <code code="GFR">
    <editdetail attribution="Reuters BIP Coding Group" action="confirmed" date="1996-08-20"/>
  </code>
</codes>
<codes class="bip:industries:1.0">
  <code code="I83960">
    <editdetail attribution="Reuters BIP Coding Group" action="confirmed" date="1996-08-20"/>
  </code>
</codes>
<codes class="bip:topics:1.0">
  <code code="C15">
    <editdetail attribution="Reuters BIP Coding Group" action="confirmed" date="1996-08-20"/>
  </code>
  <code code="C151">
    <editdetail attribution="Reuters BIP Coding Group" action="confirmed" date="1996-08-20"/>
  </code>
  <code code="CCAT">
    <editdetail attribution="Reuters BIP Coding Group" action="confirmed" date="1996-08-20"/>
  </code>
</codes>
<dc element="dc.date.created" value="1996-08-20"/>
<dc element="dc.publisher" value="Reuters Holdings Plc"/>
<dc element="dc.date.published" value="1996-08-20"/>
<dc element="dc.source" value="Reuters"/>
<dc element="dc.creator.location" value="FRANKFURT"/>
<dc element="dc.creator.location.country.name" value="GERMANY"/>
<dc element="dc.source" value="Reuters"/>
</metadata>
</newsitem>
