<?xml version="1.0" encoding="iso-8859-1" ?>
<newsitem itemid="2317" id="root" date="1996-08-20" xml:lang="en">
<title>USA: Sprint to offer consumer Internet access service.</title>
<headline>Sprint to offer consumer Internet access service.</headline>
<dateline>KANSAS CITY, Mo.</dateline>
<text>
<p>Sprint Corp. Tuesday announced plans to offer Internet access to consumers, jumping into the market to help millions of homes go online after similar moves by rivals AT&amp;T Corp. and MCI Communications Corp.</p>
<p>Kansas City, Mo.-based Sprint, which has operated a big chunk of the Internet for American businesses since 1992, said it would offer the service for free to 200,000 of its existing telephone customers until it is introduced widely in the fall.</p>
<p>After that, consumers will be able to choose a flat rate of $19.95 a month for unlimited access, or $1.50 an hour with no minimum or maximum usage requirement, the nation's third-largest long-distance company said.</p>
<p>&quot;A key goal of Sprint has been to make its comprehensive Internet capabilities directly available to the American public,&quot; said Robba Benjamin, president of Sprint's Multimedia Group.</p>
<p>&quot;Most people who have used an online service in the last 10 years have used a Sprint network. They will be able to access this powerful network directly for the first time this fall,&quot; Benjamin said in a statement.</p>
<p>Sprint said the service, dubbed Sprint Internet Passport, will provide around-the-clock access to the network with a local phone call in 212 cities at first, which will rise to more than 300 by year-end.</p>
<p>The offering compares with the services rolled out by AT&amp;T and MCI, as well as regional Bell operating companies, earlier this year.</p>
<p>AT&amp;T's entry into the market early this year, which included some free access time, sparked a flurry of competition that sent shockwaves through the consumer Internet access business.</p>
<p>In 1992, Sprint became the first long-distance company to offer commercial Internet service, and now offers access to more than 1,000 Internet service providers and to a host of other businesses. Sprint also provides on-line access for most major proprietary online services.</p>
<p>Sprint has $12.8 billion in annual revenues and serves more than 15 million business and residential customers.</p>
<p>It said its offerings would also include Netscape Navigator, a rebate certificate for a high-speed modem, access speeds of up to 14.4 and 28.8 kilobits per second, a dedicated Web site with e-mail, news, directory and search services, and technical support online or through a toll-free 800 number.</p>
<p>Credit card billing will be offered.</p>
</text>
<copyright>(c) Reuters Limited 1996</copyright>
<metadata>
<codes class="bip:countries:1.0">
  <code code="USA">
    <editdetail attribution="Reuters BIP Coding Group" action="confirmed" date="1996-08-20"/>
  </code>
</codes>
<codes class="bip:industries:1.0">
  <code code="I33030">
    <editdetail attribution="Reuters BIP Coding Group" action="confirmed" date="1996-08-20"/>
  </code>
  <code code="I79020">
    <editdetail attribution="Reuters BIP Coding Group" action="confirmed" date="1996-08-20"/>
  </code>
</codes>
<codes class="bip:topics:1.0">
  <code code="C11">
    <editdetail attribution="Reuters BIP Coding Group" action="confirmed" date="1996-08-20"/>
  </code>
  <code code="C22">
    <editdetail attribution="Reuters BIP Coding Group" action="confirmed" date="1996-08-20"/>
  </code>
  <code code="CCAT">
    <editdetail attribution="Reuters BIP Coding Group" action="confirmed" date="1996-08-20"/>
  </code>
</codes>
<dc element="dc.publisher" value="Reuters Holdings Plc"/>
<dc element="dc.date.published" value="1996-08-20"/>
<dc element="dc.source" value="Reuters"/>
<dc element="dc.creator.location" value="KANSAS CITY, Mo."/>
<dc element="dc.creator.location.country.name" value="USA"/>
<dc element="dc.source" value="Reuters"/>
</metadata>
</newsitem>
