<?xml version="1.0" encoding="iso-8859-1" ?>
<newsitem itemid="2333" id="root" date="1996-08-20" xml:lang="en">
<title>USA: U.S. farm trade surplus $1.741 billion in June.</title>
<headline>U.S. farm trade surplus $1.741 billion in June.</headline>
<dateline>WASHINGTON</dateline>
<text>
<p>The U.S. trade surplus in agricultural commodities was $1.741 billion in June, down from a revised $1.879 billion in May, the Commerce Department said Tuesday.</p>
<p>In its monthly trade report, Commerce pegged farm exports at $4.276 billion in June, down from $4.723 billion in May. Imports were $2.535 billion, compared with $2.844 billion the previous month.</p>
<p>The cumulative surplus in farm trade was $13.667 billion in the first six months of the year, compared with $11.400 billion in the same period last year.</p>
<p>In June, the value of U.S. corn exports fell to $640 million from $885 million in May, and wheat exports fell to $448 million from $475 million. Soybean exports rose to $430 million from $352 million, the department said.</p>
<p>Imports of vegetable oils and fats fell in June to $110 million from $157 million in May.</p>
</text>
<copyright>(c) Reuters Limited 1996</copyright>
<metadata>
<codes class="bip:countries:1.0">
  <code code="USA">
    <editdetail attribution="Reuters BIP Coding Group" action="confirmed" date="1996-08-20"/>
  </code>
</codes>
<codes class="bip:industries:1.0">
  <code code="I01001">
    <editdetail attribution="Reuters BIP Coding Group" action="confirmed" date="1996-08-20"/>
  </code>
</codes>
<codes class="bip:topics:1.0">
  <code code="C31">
    <editdetail attribution="Reuters BIP Coding Group" action="confirmed" date="1996-08-20"/>
  </code>
  <code code="C311">
    <editdetail attribution="Reuters BIP Coding Group" action="confirmed" date="1996-08-20"/>
  </code>
  <code code="C312">
    <editdetail attribution="Reuters BIP Coding Group" action="confirmed" date="1996-08-20"/>
  </code>
  <code code="CCAT">
    <editdetail attribution="Reuters BIP Coding Group" action="confirmed" date="1996-08-20"/>
  </code>
  <code code="E51">
    <editdetail attribution="Reuters BIP Coding Group" action="confirmed" date="1996-08-20"/>
  </code>
  <code code="E512">
    <editdetail attribution="Reuters BIP Coding Group" action="confirmed" date="1996-08-20"/>
  </code>
  <code code="ECAT">
    <editdetail attribution="Reuters BIP Coding Group" action="confirmed" date="1996-08-20"/>
  </code>
</codes>
<dc element="dc.publisher" value="Reuters Holdings Plc"/>
<dc element="dc.date.published" value="1996-08-20"/>
<dc element="dc.source" value="Reuters"/>
<dc element="dc.creator.location" value="WASHINGTON"/>
<dc element="dc.creator.location.country.name" value="USA"/>
<dc element="dc.source" value="Reuters"/>
</metadata>
</newsitem>
