<?xml version="1.0" encoding="iso-8859-1" ?>
<newsitem itemid="2341" id="root" date="1996-08-20" xml:lang="en">
<title>INDIA: BOMBAY LEADING STOCKS CLOSING PRICES - Aug 20.</title>
<headline>BOMBAY LEADING STOCKS CLOSING PRICES - Aug 20.</headline>
<text>
<p>Today's close	  Previous close</p>
<p> Bombay 30-share index	  3,316.06		  3,281.49</p>
<p> 100 Share national index     1,516.20		  1,514.01</p>
<p> Associated Cement Cos	  2,024.50		  2,027.00</p>
<p> Arvind Mills			 110.00		    112.00</p>
<p> Bajaj Auto			   990.00		    972.50</p>
<p> BHEL				   157.00		    153.75</p>
<p> BSES				   180.50		    177.00</p>
<p> Colgate				245.50		    246.00</p>
<p> G E Shipping			  41.00		     42.00</p>
<p> Glaxo India			  237.50		    236.50</p>
<p> Grasim Industries		  416.00		    418.75</p>
<p> Gujarat Ambuja		     300.25		    301.50</p>
<p> Hindalco			     950.00		    938.00</p>
<p> Hindustan Lever		    826.75		    818.75</p>
<p> HPCL				   328.00		    325.00</p>
<p> ICICI				   69.75		     71.50</p>
<p> IDBI				   113.50		    114.00</p>
<p> Indian Hotels			767.25		    757.75</p>
<p> IPCL				   124.25		    123.50</p>
<p> ITC				    286.00		    282.00</p>
<p> Larsen &amp; Toubro		    241.75		    239.25</p>
<p> Mahindra &amp; Mahindra		334.25		    336.00</p>
<p> MTNL				   191.50		    187.00</p>
<p> Nestle				 262.25		    265.00</p>
<p> Ranbaxy Laboratories	     608.75		    600.25</p>
<p> Reliance Industries		201.00		    195.00</p>
<p> SAIL				    25.00		     25.00</p>
<p> SBI New				266.25		    264.00</p>
<p> Tata Chemicals		     196.25		    193.50</p>
<p> Tata Power			   144.75		    142.75</p>
<p> Tata Engineering		   465.00		    455.00</p>
<p> Tata Steel			   183.75		    180.50</p>
</text>
<copyright>(c) Reuters Limited 1996</copyright>
<metadata>
<codes class="bip:countries:1.0">
  <code code="INDIA">
    <editdetail attribution="Reuters BIP Coding Group" action="confirmed" date="1996-08-20"/>
  </code>
</codes>
<codes class="bip:topics:1.0">
  <code code="M11">
    <editdetail attribution="Reuters BIP Coding Group" action="confirmed" date="1996-08-20"/>
  </code>
  <code code="MCAT">
    <editdetail attribution="Reuters BIP Coding Group" action="confirmed" date="1996-08-20"/>
  </code>
</codes>
<dc element="dc.publisher" value="Reuters Holdings Plc"/>
<dc element="dc.date.published" value="1996-08-20"/>
<dc element="dc.source" value="Reuters"/>
<dc element="dc.creator.location.country.name" value="INDIA"/>
<dc element="dc.source" value="Reuters"/>
</metadata>
</newsitem>
