<?xml version="1.0" encoding="iso-8859-1" ?>
<newsitem itemid="2356" id="root" date="1996-08-20" xml:lang="en">
<title>UK: Key stock and currency market movements at 1600 GMT.</title>
<headline>Key stock and currency market movements at 1600 GMT.</headline>
<dateline>LONDON 1996-08-20</dateline>
<text>
<p>The following table shows the latest close of key indices* on major world stock exchanges, the day's change in points and the indices' 1996 closing highs and lows (with dates). Also shown are the London closing values of the German mark, the Japanese yen, the British pound and gold bullion (previous day's closes in brackets):</p>
<p>		  AUG 20  DAY'S CHANGE    1996 HIGH   1996 LOW</p>
<p>		  CLOSE	 IN POINTS</p>
<p> NEW YORK    5,706.46	 +7.02	 5,778.00    5,032.94</p>
<p>		 (midday)			 (May 22)    (Jan 10)</p>
<p> LONDON	3,883.2	 +19.5	  3,883.2     3,632.3</p>
<p>						    (Aug 20)    (Jul 16)</p>
<p> TOKYO	21,127.01	+20.60	22,666.80   19,734.70</p>
<p>						    (Jun 26)    (Mar 13)</p>
<p> FRANKFURT   2,560.26	 -2.50	 2,583.49)   2,284.86</p>
<p>						    (Jul 5)     (Jan 2)</p>
<p> PARIS	 2,019.26	+33.05	 2,146.79    1,897.85</p>
<p>						    (Apr 30)    (Jan 11)</p>
<p> SYDNEY	2,264.7	  +3.2	  2,326.00    2,096.10</p>
<p>						    (Apr 26)    (Jul 17)</p>
<p> HONG KONG  11,312.51	+99.03	11,594.99   10,204.87</p>
<p>						    (Feb 16)    (Jan 2)</p>
<p>- - - - FOREIGN EXCHANGE/GOLD BULLION CLOSE IN LONDON  Dollar/mark... 1.4884   (1.4875)</p>
<p> Dollar/yen.... 108.28   (107.90)</p>
<p> Pound/dollar.. 1.5475   ($1.5447)</p>
<p>Gold (ounce).. $387.55  ($386.65) - - - - *INDICES USED AND THEIR ALL-TIME CLOSING HIGHS New York Dow Jones industrial average -- 5,778.00 (May 22/96) London FTSE-100 index -- 3,883.2 (Aug 20/96) Tokyo Nikkei average -- 38,915.87 (Dec 29/89) Frankfurt DAX-3O index -- 2,583.49 (Jul 5/96) Paris CAC-40 General index -- 2,355.93 (Feb 2/94) Sydney Australian All-Ordinaries index -- 2,340.6 (Feb 3/94) Hong Kong Hang Seng index -- 12,201.09 (Jan 4/94)</p>
</text>
<copyright>(c) Reuters Limited 1996</copyright>
<metadata>
<codes class="bip:countries:1.0">
  <code code="FRA">
    <editdetail attribution="Reuters BIP Coding Group" action="confirmed" date="1996-08-20"/>
  </code>
  <code code="GFR">
    <editdetail attribution="Reuters BIP Coding Group" action="confirmed" date="1996-08-20"/>
  </code>
  <code code="HKONG">
    <editdetail attribution="Reuters BIP Coding Group" action="confirmed" date="1996-08-20"/>
  </code>
  <code code="JAP">
    <editdetail attribution="Reuters BIP Coding Group" action="confirmed" date="1996-08-20"/>
  </code>
  <code code="UK">
    <editdetail attribution="Reuters BIP Coding Group" action="confirmed" date="1996-08-20"/>
  </code>
</codes>
<codes class="bip:topics:1.0">
  <code code="M11">
    <editdetail attribution="Reuters BIP Coding Group" action="confirmed" date="1996-08-20"/>
  </code>
  <code code="M132">
    <editdetail attribution="Reuters BIP Coding Group" action="confirmed" date="1996-08-20"/>
  </code>
</codes>
<dc element="dc.date.created" value="1996-08-20"/>
<dc element="dc.publisher" value="Reuters Holdings Plc"/>
<dc element="dc.date.published" value="1996-08-20"/>
<dc element="dc.source" value="Reuters"/>
<dc element="dc.creator.location" value="LONDON"/>
<dc element="dc.creator.location.country.name" value="UK"/>
<dc element="dc.source" value="Reuters"/>
</metadata>
</newsitem>
