<?xml version="1.0" encoding="iso-8859-1" ?>
<newsitem itemid="2359" id="root" date="1996-08-20" xml:lang="en">
<title>UK: UK Investment Trust discounts stable end July - AITC.</title>
<headline>UK Investment Trust discounts stable end July - AITC.</headline>
<dateline>LONDON 1996-08-20</dateline>
<text>
<p>Average discounts on UK investment trusts were stable at the end of July at 10.86 percent, slightly down from the June average of 10.94 percent, a statement from the Association of Investment Trust Companies (AITC) showed.</p>
<p>There was also evidence discounts could be narrowing again. Figures from the Datastream Consortium List showed the average discount at nine percent on August 14, the AITC said.</p>
<p>Ernest Fenton, director general of the AITC noted that discounts are &quot;often misunderstood by individual investors.&quot;</p>
<p>He said &quot;Discounts are not an automatic indication of poor performance or poor returns on investments. In fact, the most popular funds -- generalist investment trusts -- show a 11-12 percent discount and have an exemplary record over the last 10 years.&quot;</p>
<p>Since 1986, the average discount has hit a low of 4.11 percent in 1994 and a high of 22.08 percent in 1987, AITC data showed.</p>
<p>In sector averages at the end of June, property, Continental Europe, Emerging market, single country funds and venture and development capital funds had the highest discounts (above 18 percent) while the lowest discounts applied to Far East funds, including and excluding Japan.</p>
<p>At the end of July, the highest discounts hit North American, Continental Europe and single country funds while the lowest were closed end funds.</p>
<p>-- Caroline Allen, London Investment desk *44 171 542 6414</p>
</text>
<copyright>(c) Reuters Limited 1996</copyright>
<metadata>
<codes class="bip:countries:1.0">
  <code code="UK">
    <editdetail attribution="Reuters BIP Coding Group" action="confirmed" date="1996-08-20"/>
  </code>
</codes>
<codes class="bip:industries:1.0">
  <code code="I81502">
    <editdetail attribution="Reuters BIP Coding Group" action="confirmed" date="1996-08-20"/>
  </code>
  <code code="I8150211">
    <editdetail attribution="Reuters BIP Coding Group" action="confirmed" date="1996-08-20"/>
  </code>
</codes>
<codes class="bip:topics:1.0">
  <code code="C15">
    <editdetail attribution="Reuters BIP Coding Group" action="confirmed" date="1996-08-20"/>
  </code>
  <code code="C151">
    <editdetail attribution="Reuters BIP Coding Group" action="confirmed" date="1996-08-20"/>
  </code>
  <code code="CCAT">
    <editdetail attribution="Reuters BIP Coding Group" action="confirmed" date="1996-08-20"/>
  </code>
</codes>
<dc element="dc.date.created" value="1996-08-20"/>
<dc element="dc.publisher" value="Reuters Holdings Plc"/>
<dc element="dc.date.published" value="1996-08-20"/>
<dc element="dc.source" value="Reuters"/>
<dc element="dc.creator.location" value="LONDON"/>
<dc element="dc.creator.location.country.name" value="UK"/>
<dc element="dc.source" value="Reuters"/>
</metadata>
</newsitem>
