<?xml version="1.0" encoding="iso-8859-1" ?>
<newsitem itemid="2365" id="root" date="1996-08-20" xml:lang="en">
<title>UK: BSkyB sees no corporation tax in 1996/97.</title>
<headline>BSkyB sees no corporation tax in 1996/97.</headline>
<dateline>LONDON 1996-08-20</dateline>
<text>
<p>British Sky Broadcasting said on Tuesday it had not been charged mainstream UK corporation tax in its last financial year and did not expect to do so in the current year.</p>
<p>Finance director Richard Brooke said the company did not expect to pay corporation tax until 1997/98.</p>
<p>The company said in its results statement for the year to June 30, 1996 that there was no charge &quot;as each company in the Group either incurred losses or made profits which were offset by tax losses brought forward or by group relief.&quot;</p>
<p>&quot;There remain within the Group substantial tax losses and other timing differences which are expected to be available in the future to offset against Mainstream Corporation Tax liabilities,&quot; the statement added.</p>
<p>It said that during the year just ended the company had provided for 23.6 million stg of Advance Corporation Tax (ACT) on the year's dividends.</p>
<p>-- London Newsroom +44 171 542 8793</p>
</text>
<copyright>(c) Reuters Limited 1996</copyright>
<metadata>
<codes class="bip:countries:1.0">
  <code code="UK">
    <editdetail attribution="Reuters BIP Coding Group" action="confirmed" date="1996-08-20"/>
  </code>
</codes>
<dc element="dc.date.created" value="1996-08-20"/>
<dc element="dc.publisher" value="Reuters Holdings Plc"/>
<dc element="dc.date.published" value="1996-08-20"/>
<dc element="dc.source" value="Reuters"/>
<dc element="dc.creator.location" value="LONDON"/>
<dc element="dc.creator.location.country.name" value="UK"/>
<dc element="dc.source" value="Reuters"/>
</metadata>
</newsitem>
