<?xml version="1.0" encoding="iso-8859-1" ?>
<newsitem itemid="2366" id="root" date="1996-08-20" xml:lang="en">
<title>UK: BSkyB sees digital TV link with BT.</title>
<headline>BSkyB sees digital TV link with BT.</headline>
<dateline>LONDON 1996-08-20</dateline>
<text>
<p>Satellite broadcaster British Sky Broadcasting could link up with British Telecom to provide new services when it launches digital television next year.</p>
<p>&quot;That is a possibility,&quot; said BSkyB chief executive Sam Chisholm when asked about the prospect of linking with BT to supply interactive services.</p>
<p>BSkyB is planning to launch digital satellite television late next year and is reportedly talking to a number of partners about promoting and subsidising the launch.</p>
<p>&quot;We need to be able to get decoders to customers at the best price,&quot; said Chisholm.  </p>
<p>&quot;There is no question that there is a very big demand for it (digital satellite) if you can get it right,&quot; he added.</p>
<p>He said that BSkyB was ideally placed for a digital launch thanks to the success of its analogue services. BSkyB now has some 5.5 million subscribers in Britain and Ireland.</p>
<p>Chisholm said he could not comment on negotiations with the BBC on setting up new channels based on BBC programming.</p>
<p>&quot;Most of it is widely reported in the press...I don't want to add anything to it,&quot; he said.</p>
<p>BSkyB faces strong competition from cable and satellite channel group Flextech for the deal with the BBC.  </p>
<p>Flextech, 51 percent owned by Tele-Communications Inc of Denver, is seen as the favourite to clinch an agreement as it could provide the BBC with access to the north American market.</p>
<p>-- Keith Weir, London Newsroom +44 171 542 8793</p>
</text>
<copyright>(c) Reuters Limited 1996</copyright>
<metadata>
<codes class="bip:countries:1.0">
  <code code="UK">
    <editdetail attribution="Reuters BIP Coding Group" action="confirmed" date="1996-08-20"/>
  </code>
</codes>
<codes class="bip:industries:1.0">
  <code code="I79020">
    <editdetail attribution="Reuters BIP Coding Group" action="confirmed" date="1996-08-20"/>
  </code>
  <code code="I9741110">
    <editdetail attribution="Reuters BIP Coding Group" action="confirmed" date="1996-08-20"/>
  </code>
</codes>
<codes class="bip:topics:1.0">
  <code code="C11">
    <editdetail attribution="Reuters BIP Coding Group" action="confirmed" date="1996-08-20"/>
  </code>
  <code code="C22">
    <editdetail attribution="Reuters BIP Coding Group" action="confirmed" date="1996-08-20"/>
  </code>
  <code code="CCAT">
    <editdetail attribution="Reuters BIP Coding Group" action="confirmed" date="1996-08-20"/>
  </code>
</codes>
<dc element="dc.date.created" value="1996-08-20"/>
<dc element="dc.publisher" value="Reuters Holdings Plc"/>
<dc element="dc.date.published" value="1996-08-20"/>
<dc element="dc.source" value="Reuters"/>
<dc element="dc.creator.location" value="LONDON"/>
<dc element="dc.creator.location.country.name" value="UK"/>
<dc element="dc.source" value="Reuters"/>
</metadata>
</newsitem>
