<?xml version="1.0" encoding="iso-8859-1" ?>
<newsitem itemid="2369" id="root" date="1996-08-20" xml:lang="en">
<title>UK: Daily Mail buys 40 pct stake in study group.</title>
<headline>Daily Mail buys 40 pct stake in study group.</headline>
<dateline>LONDON 1996-08-20</dateline>
<text>
<p>Daily Mail and General Trust Plc expanded its informaiton publishing interests on Tuesday by paying 9.2 million stg for a 40 percent stake in the British Study Group Ltd.</p>
<p>The deal allows the group to become a wholly owned subsidiary by the year 2002 based on a payment which is related to the company's performance. This would value the acquisition at 23 milion stg in total.</p>
<p>DMGT has paid three million cash and the balance through the issue of loan notes.</p>
<p>The group made a 1.3 million 1995 pretax profit.</p>
<p>-- London newsroom +44 171 542 7717</p>
</text>
<copyright>(c) Reuters Limited 1996</copyright>
<metadata>
<codes class="bip:countries:1.0">
  <code code="UK">
    <editdetail attribution="Reuters BIP Coding Group" action="confirmed" date="1996-08-20"/>
  </code>
</codes>
<codes class="bip:industries:1.0">
  <code code="I47510">
    <editdetail attribution="Reuters BIP Coding Group" action="confirmed" date="1996-08-20"/>
  </code>
</codes>
<codes class="bip:topics:1.0">
  <code code="C18">
    <editdetail attribution="Reuters BIP Coding Group" action="confirmed" date="1996-08-20"/>
  </code>
  <code code="C181">
    <editdetail attribution="Reuters BIP Coding Group" action="confirmed" date="1996-08-20"/>
  </code>
  <code code="CCAT">
    <editdetail attribution="Reuters BIP Coding Group" action="confirmed" date="1996-08-20"/>
  </code>
</codes>
<dc element="dc.date.created" value="1996-08-20"/>
<dc element="dc.publisher" value="Reuters Holdings Plc"/>
<dc element="dc.date.published" value="1996-08-20"/>
<dc element="dc.source" value="Reuters"/>
<dc element="dc.creator.location" value="LONDON"/>
<dc element="dc.creator.location.country.name" value="UK"/>
<dc element="dc.source" value="Reuters"/>
</metadata>
</newsitem>
