<?xml version="1.0" encoding="iso-8859-1" ?>
<newsitem itemid="2409" id="root" date="1996-08-20" xml:lang="en">
<title>RUSSIA: Russian securities body names three fund managers.</title>
<headline>Russian securities body names three fund managers.</headline>
<dateline>MOSCOW 1996-08-20</dateline>
<text>
<p>Russia's Federal Commission on the Capital Market granted investment fund management licences to OAO Credis (Moscow) A/O, ZAO Upravlyayushchy Payevovo Fonda Neftegazeksport and ZAO Pallada Asset Management, the commission said on Tuesday.</p>
<p>Credis is the investment arm of the Credit Suisse Group.</p>
<p>Credis (Moscow) A/O together with Credit Suisse (Moscow) plans to start operations in 1996, distributing investment funds to private and institutional investors in Russia, the company said in a statement.</p>
<p>Credis has subsidiaries in 10 countries and has a range of over 140 funds on offer, it said. It will initially focus on Russian government securities, it said.</p>
<p>The total number of companies with investment fund managing licences is now six, a commission official said.</p>
<p>--Julie Tolkacheva, Moscow Newsroom, +7095 941 8520</p>
</text>
<copyright>(c) Reuters Limited 1996</copyright>
<metadata>
<codes class="bip:countries:1.0">
  <code code="RUSS">
    <editdetail attribution="Reuters BIP Coding Group" action="confirmed" date="1996-08-20"/>
  </code>
</codes>
<codes class="bip:topics:1.0">
  <code code="C41">
    <editdetail attribution="Reuters BIP Coding Group" action="confirmed" date="1996-08-20"/>
  </code>
  <code code="C411">
    <editdetail attribution="Reuters BIP Coding Group" action="confirmed" date="1996-08-20"/>
  </code>
</codes>
<dc element="dc.date.created" value="1996-08-20"/>
<dc element="dc.publisher" value="Reuters Holdings Plc"/>
<dc element="dc.date.published" value="1996-08-20"/>
<dc element="dc.source" value="Reuters"/>
<dc element="dc.creator.location" value="MOSCOW"/>
<dc element="dc.creator.location.country.name" value="RUSSIA"/>
<dc element="dc.source" value="Reuters"/>
</metadata>
</newsitem>
