<?xml version="1.0" encoding="iso-8859-1" ?>
<newsitem itemid="2414" id="root" date="1996-08-20" xml:lang="en">
<title>BRAZIL: Chrysler to build $315 mln factory in Brazil.</title>
<headline>Chrysler to build $315 mln factory in Brazil.</headline>
<text>
<p>BRASILIA, Aug 20 (reuter) - Chrysler Corp said on Tuesday it would invest $315 million to build a factory in Brazil to produce its new Dodge Dakota pickup truck.</p>
<p>Chrysler said in a statement issued in Brasilia that the factory should be finished in mid-1998 and will have an initial capacity to produce 12,000 vehicles per year, with an eventual production potential of 40,000 per year.</p>
<p>The location of the factory has not yet been decided, it added.</p>
<p>-- Michael Christie, Brasilia Newsroom 55-61-2230358</p>
</text>
<copyright>(c) Reuters Limited 1996</copyright>
<metadata>
<codes class="bip:countries:1.0">
  <code code="BRAZ">
    <editdetail attribution="Reuters BIP Coding Group" action="confirmed" date="1996-08-20"/>
  </code>
</codes>
<codes class="bip:topics:1.0">
  <code code="C11">
    <editdetail attribution="Reuters BIP Coding Group" action="confirmed" date="1996-08-20"/>
  </code>
  <code code="C21">
    <editdetail attribution="Reuters BIP Coding Group" action="confirmed" date="1996-08-20"/>
  </code>
  <code code="C24">
    <editdetail attribution="Reuters BIP Coding Group" action="confirmed" date="1996-08-20"/>
  </code>
</codes>
<dc element="dc.publisher" value="Reuters Holdings Plc"/>
<dc element="dc.date.published" value="1996-08-20"/>
<dc element="dc.source" value="Reuters"/>
<dc element="dc.creator.location.country.name" value="BRAZIL"/>
<dc element="dc.source" value="Reuters"/>
</metadata>
</newsitem>
