<?xml version="1.0" encoding="iso-8859-1" ?>
<newsitem itemid="2415" id="root" date="1996-08-20" xml:lang="en">
<title>AUSTRALIA: Australian govt pushes budget, despite protests.</title>
<headline>Australian govt pushes budget, despite protests.</headline>
<byline>Bradley Perrett</byline>
<dateline>CANBERRA 1996-08-21</dateline>
<text>
<p>Australia's new conservative government on Wednesday began selling its tough deficit-slashing budget, which sparked violent protests by Aborigines, unions, students and welfare groups even before it was announced.</p>
<p>Two days of anti-budget street protests preceded spending cuts officially unveiled by Treasurer Peter Costello.</p>
<p>&quot;This is a once-in-a-decade chance to get it right,&quot; Costello said in a radio interview.</p>
<p>&quot;If we don't do it now, Australia is going to be in deficit and debt into the next century.&quot;</p>
<p>Tuesday's budget sliced A$4 billion (US$3.1 billion) from the budget for the current fiscal year, to June 1997, as a first instalment towards an underlying surplus (excluding asset sales) by 1998/99.</p>
<p>Costello told parliament the 1996/97 deficit would be A$5.6 billion, down from A$10.3 last year.</p>
<p>Earlier, about 150 protesting Aborigines had attacked police with bricks, bottles and stakes during a 20-minute confrontation near the Parliament House.</p>
<p>As the protesters had feared, Costello revealed a cut to the government's Aboriginal welfare commission among the hundreds of measures implemented to claw back the deficit.</p>
<p>Programmes for the unemployed were heavily cut, and Costello fended off criticism that the government, driven by conservative ideology, had targetted the poor.</p>
<p>&quot;There'll be a lot of people quaffing their wines down at Pitt Street who won't like it,&quot; he said, referring to Sydney's central business district.</p>
<p>Financial markets were mildly disappointed that the budget failed to be as tough as they expected. The Australian dollar and bonds fell immediately after the budget announcement.</p>
<p>The government's political opponents accused it of sleight of hand, taking from the public when it appeared to give.</p>
<p>The budget's fate was not immediately clear, with minor parties refusing to guarantee passage through the Senate, the upper house of parliament.</p>
<p>Australian Democrats leader Cheryl Kernot said it was too early to say if her party would pass all measures.</p>
<p>The government needs two extra votes -- from the Democrats, the two Greens or two Independents -- to get its legislation past the Labor Opposition in the Senate.</p>
<p>Labor, beaten in the March 2 federal election and which the government blames for Australia's economic woes after 13 years of Labor rule, said the government was hurting the weakest groups in society and was short on detail.</p>
<p>The head of the Australian Council of Trade Unions, Jennie George, told reporters the budget hurt the weakest groups in the community and did nothing to solve Australia's high unemployment rate - now 8.5 percent.</p>
<p>&quot;The scenario for unemployment is very bleak indeed,&quot; George said.</p>
<p>The cuts, many of which had been disclosed ahead of the budget, have sparked protests around the country and triggered rioting during a protest by unionists, students, Aborigines and welfare groups at Parliament House on Monday.</p>
<p>Violence flared again on Tuesday as Aboriginals gathered in Canberra to protest against funding cuts.</p>
<p>But financial markets, which had been expecting a lower deficit were lukewarm.</p>
<p>&quot;It's a relatively tough budget but not as tough as advertised. That's the bottom line that is coming through,&quot; UBS Australia chief economist Stephen Roberts told Reuters.</p>
<p>(A$ -- US$0.785)</p>
</text>
<copyright>(c) Reuters Limited 1996</copyright>
<metadata>
<codes class="bip:countries:1.0">
  <code code="AUSTR">
    <editdetail attribution="Reuters BIP Coding Group" action="confirmed" date="1996-08-20"/>
  </code>
</codes>
<codes class="bip:topics:1.0">
  <code code="E21">
    <editdetail attribution="Reuters BIP Coding Group" action="confirmed" date="1996-08-20"/>
  </code>
  <code code="E211">
    <editdetail attribution="Reuters BIP Coding Group" action="confirmed" date="1996-08-20"/>
  </code>
  <code code="ECAT">
    <editdetail attribution="Reuters BIP Coding Group" action="confirmed" date="1996-08-20"/>
  </code>
  <code code="GCAT">
    <editdetail attribution="Reuters BIP Coding Group" action="confirmed" date="1996-08-20"/>
  </code>
  <code code="GPOL">
    <editdetail attribution="Reuters BIP Coding Group" action="confirmed" date="1996-08-20"/>
  </code>
  <code code="GVIO">
    <editdetail attribution="Reuters BIP Coding Group" action="confirmed" date="1996-08-20"/>
  </code>
</codes>
<dc element="dc.date.created" value="1996-08-21"/>
<dc element="dc.publisher" value="Reuters Holdings Plc"/>
<dc element="dc.date.published" value="1996-08-20"/>
<dc element="dc.source" value="Reuters"/>
<dc element="dc.creator.location" value="CANBERRA"/>
<dc element="dc.creator.location.country.name" value="AUSTRALIA"/>
<dc element="dc.source" value="Reuters"/>
</metadata>
</newsitem>
