<?xml version="1.0" encoding="iso-8859-1" ?>
<newsitem itemid="2416" id="root" date="1996-08-20" xml:lang="en">
<title>NEW ZEALAND: Progressive to cut G/Pie investment.</title>
<headline>Progressive to cut G/Pie investment.</headline>
<dateline>WELLINGTON 1996-08-21</dateline>
<text>
<p>Progressive Enterprises Ltd said on Wednesday it would reduce its investment in restaurant chain Georgie Pie.</p>
</text>
<copyright>(c) Reuters Limited 1996</copyright>
<metadata>
<codes class="bip:countries:1.0">
  <code code="NZ">
    <editdetail attribution="Reuters BIP Coding Group" action="confirmed" date="1996-08-20"/>
  </code>
</codes>
<dc element="dc.date.created" value="1996-08-21"/>
<dc element="dc.publisher" value="Reuters Holdings Plc"/>
<dc element="dc.date.published" value="1996-08-20"/>
<dc element="dc.source" value="Reuters"/>
<dc element="dc.creator.location" value="WELLINGTON"/>
<dc element="dc.creator.location.country.name" value="NEW ZEALAND"/>
<dc element="dc.source" value="Reuters"/>
</metadata>
</newsitem>
