<?xml version="1.0" encoding="iso-8859-1" ?>
<newsitem itemid="2421" id="root" date="1996-08-20" xml:lang="en">
<title>AUSTRALIA: RTRS-Australis in US$105 mln finance deal.</title>
<headline>RTRS-Australis in US$105 mln finance deal.</headline>
<dateline>SYDNEY 1996-08-20</dateline>
<text>
<p>Australis Media Ltd said on Tuesday a consortium involving Kerry Packer's Publishing and Broadcasting Ltd and Lenfest Communications Inc would provide the company with US$105 million of equity finance.</p>
<p>Australis also said it had concluded a joint venture agreement to share DTH satellite infractructure with fellow pay television operator Optus Vision.</p>
</text>
<copyright>(c) Reuters Limited 1996</copyright>
<metadata>
<codes class="bip:countries:1.0">
  <code code="AUSTR">
    <editdetail attribution="Reuters BIP Coding Group" action="confirmed" date="1996-08-20"/>
  </code>
</codes>
<dc element="dc.date.created" value="1996-08-20"/>
<dc element="dc.publisher" value="Reuters Holdings Plc"/>
<dc element="dc.date.published" value="1996-08-20"/>
<dc element="dc.source" value="Reuters"/>
<dc element="dc.creator.location" value="SYDNEY"/>
<dc element="dc.creator.location.country.name" value="AUSTRALIA"/>
<dc element="dc.source" value="Reuters"/>
</metadata>
</newsitem>
