<?xml version="1.0" encoding="iso-8859-1" ?>
<newsitem itemid="2435" id="root" date="1996-08-20" xml:lang="en">
<title>SINGAPORE: Raised bid to ensure Transmarco takeover.</title>
<headline>Raised bid to ensure Transmarco takeover.</headline>
<byline>Josephine Ng</byline>
<dateline>SINGAPORE 1996-08-20</dateline>
<text>
<p>Indonesian tobacco tycoon Putera Sampoerna sharply raised on Tuesday his offer for Singapore's Transmarco Ltd as its share price surged, a move which dealers said was likely to make the bid successful.</p>
<p>Standard Chartered Merchant Bank Asia said on Tuesday that Miel Investment Corp, wholly owned by Sampoerna, had raised its takeover offer for Transmarco to Singapore $8.55 per share from S$6.50 bid at the weekend.</p>
<p>Transmarco, a trading and telecommunications firm, had suspended its share trading in mid-afternoon on Tuesday pending the announcement.</p>
<p>&quot;It looks like Sampoerna is serious. I think he will be able to get more than 51 percent. Sukamto is likely to sell most of his stake to him as he might not be able to unload that much in the market,&quot; one head of institutional sales at a local brokerage told Reuters.</p>
<p>Indonesian-born Sukamto Sia garnered 55 percent of the company with a bid of S$6.50 per share in late 1994. He later stepped down as chairman and director and has since reduced his stake to 36.2 percent.</p>
</text>
<copyright>(c) Reuters Limited 1996</copyright>
<metadata>
<codes class="bip:countries:1.0">
  <code code="INDON">
    <editdetail attribution="Reuters BIP Coding Group" action="confirmed" date="1996-08-20"/>
  </code>
  <code code="SINGP">
    <editdetail attribution="Reuters BIP Coding Group" action="confirmed" date="1996-08-20"/>
  </code>
</codes>
<codes class="bip:topics:1.0">
  <code code="C181">
    <editdetail attribution="Reuters BIP Coding Group" action="confirmed" date="1996-08-20"/>
  </code>
</codes>
<dc element="dc.date.created" value="1996-08-20"/>
<dc element="dc.publisher" value="Reuters Holdings Plc"/>
<dc element="dc.date.published" value="1996-08-20"/>
<dc element="dc.source" value="Reuters"/>
<dc element="dc.creator.location" value="SINGAPORE"/>
<dc element="dc.creator.location.country.name" value="SINGAPORE"/>
<dc element="dc.source" value="Reuters"/>
</metadata>
</newsitem>
