<?xml version="1.0" encoding="iso-8859-1" ?>
<newsitem itemid="2442" id="root" date="1996-08-20" xml:lang="en">
<title>INDONESIA: Sampoerna denies link to Transmarco takeover.</title>
<headline>Sampoerna denies link to Transmarco takeover.</headline>
<dateline>JAKARTA 1996-08-20</dateline>
<text>
<p>Indonesia's leading cigarette maker PT Handjaya Mandala Sampoerna said on Tuesday it had no link to a move by majority owner Putera Sampoerna to take over Transmarco Holdings of Singapore.</p>
<p>&quot;It is a private investment of Putera Sampoerna and his son Jonathan and there is no connection with PT HM Sampoerna,&quot; Ekadharmajanto Kasih, chief financial officer of the firm, told Reuters.</p>
<p>Miel Investment Corp, wholly-owned by Putera Sampoerna, said on Saturday it was making a conditional takeover offer for Transmarco Holdings, a trading and telecommunications company.</p>
<p>-- Jakarta newsroom +6221 384-6364</p>
</text>
<copyright>(c) Reuters Limited 1996</copyright>
<metadata>
<codes class="bip:countries:1.0">
  <code code="INDON">
    <editdetail attribution="Reuters BIP Coding Group" action="confirmed" date="1996-08-20"/>
  </code>
  <code code="SINGP">
    <editdetail attribution="Reuters BIP Coding Group" action="confirmed" date="1996-08-20"/>
  </code>
</codes>
<codes class="bip:topics:1.0">
  <code code="C11">
    <editdetail attribution="Reuters BIP Coding Group" action="confirmed" date="1996-08-20"/>
  </code>
  <code code="C181">
    <editdetail attribution="Reuters BIP Coding Group" action="confirmed" date="1996-08-20"/>
  </code>
</codes>
<dc element="dc.date.created" value="1996-08-20"/>
<dc element="dc.publisher" value="Reuters Holdings Plc"/>
<dc element="dc.date.published" value="1996-08-20"/>
<dc element="dc.source" value="Reuters"/>
<dc element="dc.creator.location" value="JAKARTA"/>
<dc element="dc.creator.location.country.name" value="INDONESIA"/>
<dc element="dc.source" value="Reuters"/>
</metadata>
</newsitem>
