<?xml version="1.0" encoding="iso-8859-1" ?>
<newsitem itemid="2446" id="root" date="1996-08-20" xml:lang="en">
<title>THAILAND: Thai rice traders greet expected end of Mexico ban.</title>
<headline>Thai rice traders greet expected end of Mexico ban.</headline>
<byline>Vithoon Amorn</byline>
<dateline>BANGKOK 1996-08-20</dateline>
<text>
<p>Thai exporters on Tuesday welcomed Mexico's reported impending decision to lift a ban on Asian rice but said high Thai prices would delay their quick return to the Mexican market.</p>
<p>Trade and diplomatic sources said any Mexican move to end its four-year import embargo would benefit Vietnam more than other Asian producers.</p>
<p>A U.S. agriculture attache said on Monday there were indications Mexico would lift a phytosanitary ban on Asian rice soon and he expected such a move could hurt U.S. rice exports to Mexico.</p>
<p>&quot;It is good news but to what extent we can re-enter the market is another matter. Current steep Thai prices would make our rice relatively uncompetitive,&quot; said Somboon Phtaichan, manager of the Thai Rice Exporters Association.</p>
<p>Somboon said Thailand had gained a share of the Mexican market before 1992 because its rice then was $20-30 a tonne cheaper than U.S. rice.</p>
<p>Mexico bought about 40,000 tonnes of medium grade 10-15 percent Thai white rice a year before the 1992 ban, which affected other Asian producers including Vietnam, China and Indonesia.</p>
<p>Traders said the distance between Thailand and Mexico made it difficult for Thai rice to compete with U.S. grains.</p>
<p>&quot;It would be tough to compete with U.S. rice which can just be trucked across the Mexican border from Texas or Arkansas,&quot; a major Thai exporter said.</p>
<p>Mexico imposed the 1992 ban after it said some Asian shipments were contaminated with bacteria and insects.</p>
<p>Thailand, the world biggest exporter, has protested against the Mexican embargo.</p>
<p>Arun Anprasertporn, agricultural services manager of cargo surveyor firm SGS Far East Ltd, said it was standard practice for Thai export shipments to all destinations to be fumigated against insects and bacteria.</p>
<p>&quot;Our fumigation is effective in killing any hidden insects in the first two days and there should not be any question of shipments being re-infested during long journeys,&quot; he said.</p>
<p>Thai traders said the underlying cause of the 1992 Mexican ban stemmed from substantially low prices offered by Vietnam in the early 1990s that heavily undercut U.S. rice sold to Mexico.</p>
<p>&quot;It is not the question of more exports that Thailand will benefit from a lifting of the ban. Renewed imports from Thailand would not change our bilateral trade picture. What Thailand will gain, however, is its reputation,&quot; a Mexican trade attache said.</p>
<p>Somboon of the exporters assocation said that Thailand, forecast to export more than five million tonnes this year, regarded Latin America as its new rice market.</p>
<p>He said Peru topped the list of South American buyers of Thai rice this year by importing 45,600 tonnes during January/June, followed by Chile which bought about 1,000 tonnes.</p>
</text>
<copyright>(c) Reuters Limited 1996</copyright>
<metadata>
<codes class="bip:countries:1.0">
  <code code="MEX">
    <editdetail attribution="Reuters BIP Coding Group" action="confirmed" date="1996-08-20"/>
  </code>
  <code code="THAIL">
    <editdetail attribution="Reuters BIP Coding Group" action="confirmed" date="1996-08-20"/>
  </code>
  <code code="VIETN">
    <editdetail attribution="Reuters BIP Coding Group" action="confirmed" date="1996-08-20"/>
  </code>
</codes>
<codes class="bip:industries:1.0">
  <code code="I01001">
    <editdetail attribution="Reuters BIP Coding Group" action="confirmed" date="1996-08-20"/>
  </code>
  <code code="I0100132">
    <editdetail attribution="Reuters BIP Coding Group" action="confirmed" date="1996-08-20"/>
  </code>
</codes>
<codes class="bip:topics:1.0">
  <code code="C13">
    <editdetail attribution="Reuters BIP Coding Group" action="confirmed" date="1996-08-20"/>
  </code>
  <code code="C31">
    <editdetail attribution="Reuters BIP Coding Group" action="confirmed" date="1996-08-20"/>
  </code>
  <code code="C311">
    <editdetail attribution="Reuters BIP Coding Group" action="confirmed" date="1996-08-20"/>
  </code>
  <code code="C312">
    <editdetail attribution="Reuters BIP Coding Group" action="confirmed" date="1996-08-20"/>
  </code>
  <code code="CCAT">
    <editdetail attribution="Reuters BIP Coding Group" action="confirmed" date="1996-08-20"/>
  </code>
  <code code="M14">
    <editdetail attribution="Reuters BIP Coding Group" action="confirmed" date="1996-08-20"/>
  </code>
  <code code="M141">
    <editdetail attribution="Reuters BIP Coding Group" action="confirmed" date="1996-08-20"/>
  </code>
  <code code="MCAT">
    <editdetail attribution="Reuters BIP Coding Group" action="confirmed" date="1996-08-20"/>
  </code>
</codes>
<dc element="dc.date.created" value="1996-08-20"/>
<dc element="dc.publisher" value="Reuters Holdings Plc"/>
<dc element="dc.date.published" value="1996-08-20"/>
<dc element="dc.source" value="Reuters"/>
<dc element="dc.creator.location" value="BANGKOK"/>
<dc element="dc.creator.location.country.name" value="THAILAND"/>
<dc element="dc.source" value="Reuters"/>
</metadata>
</newsitem>
