<?xml version="1.0" encoding="iso-8859-1" ?>
<newsitem itemid="2447" id="root" date="1996-08-20" xml:lang="en">
<title>SOUTH KOREA: Students isolated on Korean reunification issue.</title>
<headline>Students isolated on Korean reunification issue.</headline>
<byline>Lim Yun-suk</byline>
<dateline>SEOUL 1996-08-20</dateline>
<text>
<p>South Korea's militant students find themselves isolated from a hostile public as they press a violent campaign for reunification with North Korea.</p>
<p>Heroes of the battle for democracy in the late 1980s, when the middle classes rallied behind them, the radical students have now alienated ordinary South Koreans by embracing Pyongyang's blueprint for a single Korea.</p>
<p>Authorities say their leaders are Communist stooges blocking their efforts to bring peace to the divided Korean peninsula.</p>
<p>Tuesday's assault by riot police on Yonsei University to flush out several thousand undergraduates who had occupied two buildings was the worst campus violence since President Kim Young-sam took power in 1993.</p>
<p>Critics partly blame Kim for the unrest, saying it is the outcome of confusion caused by what they see as his lack of a coherent policy on the North.</p>
<p>Yet there is little sympathy for the methods adopted by the young protesters, even though anti-government protests that pit rock-throwing students against riot police have long been a fixture of campus life.</p>
<p>&quot;Things have changed. What the students are doing now was accepted in the 1960s, 70s and 80s. It is not fit for the 90s,&quot; said Kim Sung-joo, a professor of political science at Sungkyunkwan University.</p>
<p>Korean students have traditionally acted as the conscience of the nation, speaking out in times of national crisis.</p>
<p>College campuses were the breeding grounds for fearless student pro-democracy fighters willing to sacrifice their lives for the cause. They helped end military-backed rule and usher in democracy.</p>
<p>But as democracy began to take root and communism crumbled worldwide, many students abandoned their socialist leanings.</p>
<p>&quot;Students calling for reunification is fine, but their method is too violent and extreme,&quot; said Kim Ho-jin, a professor at Korea University. &quot;The government also is to blame as they cracked down too harshly,&quot; he added.</p>
<p>Another academic, with links to the main opposition National Congress for New Politics, placed the blame for Tuesday's mayhem at the feet of the government.</p>
<p>&quot;South-North Korea relations are not just going through a cool or rigid period, they have totally broken down. And who is responsible for this? No one but the government.&quot;</p>
<p>&quot;If the government had done a better job with South-North Korea relations, students would have no reason to be out there. As the government is confused about its North Korea policy, how can we blame the students?&quot; he said.</p>
<p>South and North Korea have remained technically at war since their 1950-53 conflict, but relations worsened after the death of the North's Great Leader Kim Il-sung two years ago.</p>
<p>Since then, there have been no official government contacts between the two Koreas.</p>
<p>South Korea and the United States have proposed four-party peace talks together with the North and China, but Pyongyang has yet to respond.</p>
<p>The students support Pyongyang's vision for a reunified Korea that would leave the governments of both Koreas intact.</p>
<p>Elderly South Koreans still remember the Korean War, and analysts say that is part of the reason why students have not been able to get support from the public.</p>
<p>&quot;In the past, students fought for democracy calling for the end of the militant government, which the public supported. But reunification is another matter as many have been through the war,&quot; said Kim at Korea University.</p>
<p>&quot;The students are simply calling for reunification because we are one. Everyone knows that, and have for a long time, but how it should be done is different.&quot;</p>
<p>South Korean authorities had called the protests at Yonsei a &quot;pro-North Korean riot&quot;, but analysts said they were playing up the North Korean threat to garner public support for the crackdown on campus dissent.</p>
<p>&quot;Only a handful of them are really pro-North Korea. The government knows this, but is playing along that line to receive public support,&quot; said the opposition academic.</p>
</text>
<copyright>(c) Reuters Limited 1996</copyright>
<metadata>
<codes class="bip:countries:1.0">
  <code code="NKOREA">
    <editdetail attribution="Reuters BIP Coding Group" action="confirmed" date="1996-08-20"/>
  </code>
  <code code="SKOREA">
    <editdetail attribution="Reuters BIP Coding Group" action="confirmed" date="1996-08-20"/>
  </code>
</codes>
<codes class="bip:topics:1.0">
  <code code="GCAT">
    <editdetail attribution="Reuters BIP Coding Group" action="confirmed" date="1996-08-20"/>
  </code>
  <code code="GPOL">
    <editdetail attribution="Reuters BIP Coding Group" action="confirmed" date="1996-08-20"/>
  </code>
  <code code="GVIO">
    <editdetail attribution="Reuters BIP Coding Group" action="confirmed" date="1996-08-20"/>
  </code>
</codes>
<dc element="dc.date.created" value="1996-08-20"/>
<dc element="dc.publisher" value="Reuters Holdings Plc"/>
<dc element="dc.date.published" value="1996-08-20"/>
<dc element="dc.source" value="Reuters"/>
<dc element="dc.creator.location" value="SEOUL"/>
<dc element="dc.creator.location.country.name" value="SOUTH KOREA"/>
<dc element="dc.source" value="Reuters"/>
</metadata>
</newsitem>
