<?xml version="1.0" encoding="iso-8859-1" ?>
<newsitem itemid="2451" id="root" date="1996-08-20" xml:lang="en">
<title>JAPAN: Mazda's new ad campaign sports unlikely celebrity.</title>
<headline>Mazda's new ad campaign sports unlikely celebrity.</headline>
<byline>Mitsuo Suzuki</byline>
<dateline>TOKYO 1996-08-20</dateline>
<text>
<p>Mazda is using a foreign celebrity to revamp its image in Japan, and has chosen its very own president Henry Wallace for the job.</p>
<p>Wallace, a famous figure in Japan as the first foreigner to head a major Japanese firm, is to star in Mazda's new advertising campaign.</p>
<p>The 50-year-old Wallace will appear in full-page Mazda advertisments in five major Japanese newspapers on Thursday.</p>
<p>&quot;We aim to elevate our image through this ad campaign,&quot; a Mazda spokesman said on Tuesday.</p>
<p>Mazda broke with corporate tradition by putting a foreigner in the driving seat and is doing so again with its new sales promotion -- it is rare for a Japanese company to use photos of its top management in a campaign to sell its merchandise.</p>
<p>The ads will have a full picture of Wallace standing to the left and his comments about the company on the right.</p>
<p>Wallace has become something of a celebrity in Japan after being appointed president at Mazda, Japan's fifth largest carmaker, in June.</p>
<p>Seconded by Ford several years ago to help turn around the troubled Japanese automaker, Wallace was given the top spot when Ford increased its equity stake in the company to about one-third.</p>
<p>The new president comes originally from Edinburgh, Scotland, and has been employed by Ford for 25 years. He first joined Ford's British operation.</p>
<p>Mazda decided to use Wallace in its ads as the result of a survey showing that Japanese found him likeable and impressive, the spokesman said. The survey also showed that they had high expectations for him to succeed in running the distressed company.</p>
<p>Mazda has been struggling with poor demand for most of its cars and has been in the red on a group net basis for the past three years.</p>
<p>The losses were the result of a number of errors in assessing the market, analysts say.</p>
<p>The company failed to profit on a sales boom in medium-class luxury cars after coming into the market too late, and saw operating costs soar by trying to expand its domestic sales network too much, they say.</p>
<p>At the same time, the strong yen cut into its profit on sales of its cars in the United States and other overseas markets.</p>
<p>Mazda is hoping a straight-forward approach in its ad will distinguish it from its rivals and capture the attention of consumers.</p>
<p>The ads displaying Wallace will carry a slogan &quot;Practical car, Enjoyable car, That's Mazda.&quot;</p>
<p>Mazda will be promoting its new compact recreational vehicle, the Demio, which will debut in Japan on August 26.</p>
<p>Compact recreational vehicles are one of the hottest selling models for all Japanese automakers.</p>
<p>Mazda has had a relationship with Ford for many years. In May, Ford raised its stake in Mazda to 33.4 percent from 25 percent which gave it control of the management.</p>
<p>Ford sent Wallace to Japan to represent its interests in Mazda two years ago.</p>
<p>&quot;If successful, Wallace may continue appearing in Mazda's future ads,&quot; the company spokesman said.</p>
</text>
<copyright>(c) Reuters Limited 1996</copyright>
<metadata>
<codes class="bip:countries:1.0">
  <code code="JAP">
    <editdetail attribution="Reuters BIP Coding Group" action="confirmed" date="1996-08-20"/>
  </code>
</codes>
<codes class="bip:industries:1.0">
  <code code="I35101">
    <editdetail attribution="Reuters BIP Coding Group" action="confirmed" date="1996-08-20"/>
  </code>
</codes>
<codes class="bip:topics:1.0">
  <code code="C32">
    <editdetail attribution="Reuters BIP Coding Group" action="confirmed" date="1996-08-20"/>
  </code>
  <code code="CCAT">
    <editdetail attribution="Reuters BIP Coding Group" action="confirmed" date="1996-08-20"/>
  </code>
</codes>
<dc element="dc.date.created" value="1996-08-20"/>
<dc element="dc.publisher" value="Reuters Holdings Plc"/>
<dc element="dc.date.published" value="1996-08-20"/>
<dc element="dc.source" value="Reuters"/>
<dc element="dc.creator.location" value="TOKYO"/>
<dc element="dc.creator.location.country.name" value="JAPAN"/>
<dc element="dc.source" value="Reuters"/>
</metadata>
</newsitem>
