<?xml version="1.0" encoding="iso-8859-1" ?>
<newsitem itemid="2463" id="root" date="1996-08-20" xml:lang="en">
<title>SOUTH KOREA: Samsung to spin-off commercial car unit.</title>
<headline>Samsung to spin-off commercial car unit.</headline>
<dateline>SEOUL 1996-08-20</dateline>
<text>
<p>Samsung Heavy Industries Co, a unit of the Samsung Group, said on Tuesday it would officially spin-off its commercial vehicle division into a wholly-owned subsidiary on Thursday.</p>
<p>The new company, tentatively named &quot;Samsung Commercial Vehicle Ltd,&quot; will have a paid-in capital of 100 billion won, a Samsung Heavy spokesman said.</p>
<p>The subsidiary plans to invest 1.2 trillion won until 1999 in capacity expansion, a statement from Samsung Heavy said. The company expects annual production to reach 50,000 light trucks by September 1998 and steadily increase to 200,000 units.</p>
<p>It also plans to become one of the world's top 10 commercial vehicle makers by 2003.</p>
<p>--Seoul Newsroom (822) 727 5643</p>
</text>
<copyright>(c) Reuters Limited 1996</copyright>
<metadata>
<codes class="bip:countries:1.0">
  <code code="SKOREA">
    <editdetail attribution="Reuters BIP Coding Group" action="confirmed" date="1996-08-20"/>
  </code>
</codes>
<codes class="bip:industries:1.0">
  <code code="I35102">
    <editdetail attribution="Reuters BIP Coding Group" action="confirmed" date="1996-08-20"/>
  </code>
  <code code="I36101">
    <editdetail attribution="Reuters BIP Coding Group" action="confirmed" date="1996-08-20"/>
  </code>
  <code code="I83960">
    <editdetail attribution="Reuters BIP Coding Group" action="confirmed" date="1996-08-20"/>
  </code>
</codes>
<codes class="bip:topics:1.0">
  <code code="C18">
    <editdetail attribution="Reuters BIP Coding Group" action="confirmed" date="1996-08-20"/>
  </code>
  <code code="C181">
    <editdetail attribution="Reuters BIP Coding Group" action="confirmed" date="1996-08-20"/>
  </code>
  <code code="CCAT">
    <editdetail attribution="Reuters BIP Coding Group" action="confirmed" date="1996-08-20"/>
  </code>
</codes>
<dc element="dc.date.created" value="1996-08-20"/>
<dc element="dc.publisher" value="Reuters Holdings Plc"/>
<dc element="dc.date.published" value="1996-08-20"/>
<dc element="dc.source" value="Reuters"/>
<dc element="dc.creator.location" value="SEOUL"/>
<dc element="dc.creator.location.country.name" value="SOUTH KOREA"/>
<dc element="dc.source" value="Reuters"/>
</metadata>
</newsitem>
