<?xml version="1.0" encoding="iso-8859-1" ?>
<newsitem itemid="2465" id="root" date="1996-08-20" xml:lang="en">
<title>IRAN: Iran says signs $1.2bln Pakistan oil refinery deal.</title>
<headline>Iran says signs $1.2bln Pakistan oil refinery deal.</headline>
<dateline>TEHRAN 1996-08-20</dateline>
<text>
<p>Iran said it signed on Tuesday a $1.2 billion deal to build a joint oil refinery in Pakistan, appearing again to work around U.S. moves to choke Tehran's oil industry.</p>
<p>State-run Tehran radio said the refinery deal was signed in Islamabad by Iran's Oil Minister Gholamreza Aghazadeh and Pakistani Production Minister Mohammad Asghar.</p>
<p>The radio said the two Moslem neighbours would invest jointly in the construction of the 120,000 barrels per day (bpd) refinery in Pakistan's southwestern Balochistan Province.</p>
<p>&quot;It has been estimated that the construction of this refinery will cost $1.2 billion, 75 percent of which will be met by international sources and the rest will be paid jointly by the two countries,&quot; the radio added without giving financing details.</p>
<p>Tuesday's deal follows a controversial $23 billion accord last week with Tehran's western neighbour Turkey to supply it with Iranian natural gas to the year 2020.</p>
<p>The accord with Washington's NATO ally angered the United States which is seeking to isolate Iran politically and force it to change what it sees as Tehran's anti-Western stand by cutting international financing for oil and gas projects.</p>
<p>Washington accuses Tehran of sponsoring terrorism and seeking to develop nuclear arms. Iran denies both charges.</p>
<p>President Bill Clinton on August 5 signed the Iran-Libya Sanctions Act which will penalise companies that invest $40 million or more a year in oil and gas projects in both states.</p>
<p>The radio said Iran's equity share in the Pakistan project would be met by providing technical services and equipment for the refinery which will process Iranian crude.</p>
<p>The two states also signed an agreement to conduct a feasibility study for a proposed project to supply Pakistan and India with Iranian natural gas by pipeline. The project is estimated to cost around $3.5 billion, the radio added.</p>
<p>U.S. Senator Alfonse D'Amato, an architect of the Iran-Libya sanctions, has warned foreign firms against involvement in the pipeline project and has urged Clinton to pressure Turkey and other states to abandon projects with the Islamic republic.</p>
<p>Several Western powers and other world states have strongly criticised the unilateral U.S. sanctions against Iran.</p>
<p>On Monday French oil group Total SA said that Malaysia's Petronas had taken a 30 percent stake in a huge project to develop two oil and gas Siri fields in Iran, the world's third largest oil exporter.</p>
<p>The announcement ended a search of more than a year for risk-sharing partners on the $600 million projects.</p>
<p>Tehran also said on Tuesday that it had started work on its South Pars Gulf field to produce one billion cubic feet of gas and 40,000 barrels of liquefied gas per day. Iran has the world's second largest natural gas reserves after Russia.</p>
<p>The Iranian news agency IRNA quoted Mostafa Khoei, director of the engineering and development department at the National Iranian Oil Company, as saying the company was studying proposals from foreign firms to carry out the project which is worth about $900 million.</p>
</text>
<copyright>(c) Reuters Limited 1996</copyright>
<metadata>
<codes class="bip:countries:1.0">
  <code code="IRAN">
    <editdetail attribution="Reuters BIP Coding Group" action="confirmed" date="1996-08-20"/>
  </code>
  <code code="PAKIS">
    <editdetail attribution="Reuters BIP Coding Group" action="confirmed" date="1996-08-20"/>
  </code>
</codes>
<codes class="bip:industries:1.0">
  <code code="I14000">
    <editdetail attribution="Reuters BIP Coding Group" action="confirmed" date="1996-08-20"/>
  </code>
</codes>
<codes class="bip:topics:1.0">
  <code code="C13">
    <editdetail attribution="Reuters BIP Coding Group" action="confirmed" date="1996-08-20"/>
  </code>
  <code code="C24">
    <editdetail attribution="Reuters BIP Coding Group" action="confirmed" date="1996-08-20"/>
  </code>
  <code code="CCAT">
    <editdetail attribution="Reuters BIP Coding Group" action="confirmed" date="1996-08-20"/>
  </code>
</codes>
<dc element="dc.date.created" value="1996-08-20"/>
<dc element="dc.publisher" value="Reuters Holdings Plc"/>
<dc element="dc.date.published" value="1996-08-20"/>
<dc element="dc.source" value="Reuters"/>
<dc element="dc.creator.location" value="TEHRAN"/>
<dc element="dc.creator.location.country.name" value="IRAN"/>
<dc element="dc.source" value="Reuters"/>
</metadata>
</newsitem>
