<?xml version="1.0" encoding="iso-8859-1" ?>
<newsitem itemid="2474" id="root" date="1996-08-20" xml:lang="en">
<title>EGYPT: Nile Delta proves fertile ground for natgas - Amoco.</title>
<headline>Nile Delta proves fertile ground for natgas - Amoco.</headline>
<byline>Jonathan Wright</byline>
<dateline>CAIRO 1996-08-20</dateline>
<text>
<p>A rapid succession of gas discoveries in Egyptian waters off the Nile Delta are making the area one of the most promising in the world for the oil industry, a senior oil company executive said on Tuesday.</p>
<p>&quot;Only now are we understanding the magnitude of the opportunity,&quot; Amoco Egypt vice president Gary Bose told Reuters in an interview. &quot;As a whole, the basin could be world class.&quot;</p>
<p>Amoco, one of the leading companies in the field, has made nine discoveries in the past two years. The company and its partners have identified five trillion cubic feet in the area and that could be just the tip of the iceberg.</p>
<p>The oil ministry said on Tuesday that another company, Petrobel/Belayim Petroleum, had found more gas in its Port Fouad concession, north of the region's first producing gas field.</p>
<p>Petrobel is a joint venture between the state's Egyptian General Petroleum Corporation (EGPC) and International Egyptian Oil Company, local subsidiary of the Italian company Agip.</p>
<p>Amoco and its partners have invested more than $250 million in exploration scheme in Egypt since 1992, the year it won its first Nile Delta concession, and the company plans to keep pouring money in as long as its lucky streak lasts.</p>
<p>&quot;Conceivably billions of dollars could be committed if our success continues,&quot; said Bose. &quot;Drilling has confirmed significant reserves and the potential for further finds.&quot;</p>
<p>&quot;We are already committed to half a billion (dollars) to developing these fields, starting this year and up to about 2002/2003,&quot; he added.</p>
<p>Amoco is the largest concession holder in Egypt, with a stake in 8.4 million acres (340,000 square km). It is a partner in nine concessions in the Nile Delta area.</p>
<p>Amoco Egypt's exploration budget alone is $50 million this year and the same amount in 1997.</p>
<p>The company expects to start gas production by the end of the year from its Baltim South field, initially at a modest rate of 20 million cubic feet a day.</p>
<p>It will simultaneously work out development plans with its partners and the Egyptian government for the Baltim East, Temsah and then the Ras al-Barr fields, Bose said.</p>
<p>Amoco is still trying to define the size of the Temsah field. &quot;It may be part of a much larger contiguous field and there's the possibility of large fields in deeper water in our and in other concessions,&quot; said Bose.</p>
<p>Initially the gas will go to the Egyptian market, where demand is rising fast as power stations convert to gas and the gas grid reaches new domestic and industrial consumers.</p>
<p>&quot;The Egyptian market is significant but EGPC and other ministries are cooperating very effectively with the contractors to look at export markets,&quot; Bose said.</p>
<p>Much depends on progress in the Egyptian government's gas negotiations with Israel, the natural destination for gas exports. The plan is to build a gas pipeline across northern Sinai but Egypt and Israel have not yet agreed on the price.</p>
<p>&quot;Given the potential we are also looking at liquefaction for export by tanker to Europe,&quot; said Bose.</p>
</text>
<copyright>(c) Reuters Limited 1996</copyright>
<metadata>
<codes class="bip:countries:1.0">
  <code code="EGYPT">
    <editdetail attribution="Reuters BIP Coding Group" action="confirmed" date="1996-08-20"/>
  </code>
</codes>
<codes class="bip:industries:1.0">
  <code code="I13000">
    <editdetail attribution="Reuters BIP Coding Group" action="confirmed" date="1996-08-20"/>
  </code>
  <code code="I1300014">
    <editdetail attribution="Reuters BIP Coding Group" action="confirmed" date="1996-08-20"/>
  </code>
  <code code="I14000">
    <editdetail attribution="Reuters BIP Coding Group" action="confirmed" date="1996-08-20"/>
  </code>
</codes>
<codes class="bip:topics:1.0">
  <code code="C24">
    <editdetail attribution="Reuters BIP Coding Group" action="confirmed" date="1996-08-20"/>
  </code>
  <code code="CCAT">
    <editdetail attribution="Reuters BIP Coding Group" action="confirmed" date="1996-08-20"/>
  </code>
</codes>
<dc element="dc.date.created" value="1996-08-20"/>
<dc element="dc.publisher" value="Reuters Holdings Plc"/>
<dc element="dc.date.published" value="1996-08-20"/>
<dc element="dc.source" value="Reuters"/>
<dc element="dc.creator.location" value="CAIRO"/>
<dc element="dc.creator.location.country.name" value="EGYPT"/>
<dc element="dc.source" value="Reuters"/>
</metadata>
</newsitem>
