<?xml version="1.0" encoding="iso-8859-1" ?>
<newsitem itemid="2483" id="root" date="1996-08-20" xml:lang="en">
<title>USA: Former Orange County Treasurer takes stand in trial.</title>
<headline>Former Orange County Treasurer takes stand in trial.</headline>
<dateline>SANTA ANA, Calif. 1996-08-20</dateline>
<text>
<p>Orange County, Calif.,'s former Treasurer Robert Citron testified Tuesday that he never discussed with the county's former budget director an alleged scheme to divert funds from cities and schools.</p>
<p>Former Budget Director Ronald Rubino, 44, was indicted by a county grand jury in December for allegedly aiding Citron in diverting funds from other government agencies for the county's benefit. Rubino, who has denied any wrongdoing, faces up to nine years in prison if convicted on the felony counts.</p>
<p>During his eargerly awaited testimony Tuesday, Citron told the jury he did not tell Rubino about the alleged transfer of funds, or the alleged manipulation of interest rates in the county-run investment portfolio.</p>
<p>Citron testified that Merrill Lynch &amp; Co. bond salesman Michael Stamenson was well aware of the alleged actions. &quot;I told Mr. Michael Stamenson of Merrill Lynch that we were doing this,&quot; Citron testified.</p>
<p>Citron also said that he informed Stamenson monthly about the true investment earnings vs. the interest rate reported to investors in the county portfolio.</p>
<p>Citron's testimony will be closely studied by Orange County's attorneys. The county has sued Merrill Lynch, seeking damages in excess of $2 billion. Merrill Lynch has denied any wrongdoing and is contesting the suit.</p>
<p>In response to Citron's testimony, a Merrill Lynch spokesman in New York said Tuesday that Stamenson never received reports showing different investment pool earnings.</p>
<p>&quot;As we have previously stated, Mr. Stamenson was not involved in the internal record keeping of the Orange County Treasurer's Office,&quot; Merrill Lynch spokesman Andrew Sieg said.</p>
<p>During his testimony, Citron alleged that assistant county Treasurer Matthew Raabe came up with the idea of diverting the interest from cities and schools to the county's benefit.</p>
<p>&quot;Mr. Raabe came to me and said we were currently earning tremendous amounts of interest and that, if we kept reporting these very high interest returns, the pool investors would see something wrong in that and pull the money out,&quot; Citron said. &quot;(Raabe) suggested we send the money over to the county general fund.&quot;</p>
<p>In May 1995, Raabe was indicted on several felony counts, including misappropriating public funds. Raabe has denied wrongdoing. He faces trial in September.</p>
<p>Citron pleaded guilty in April 1995 to six felonies related to the county's financial crisis, including counts of making untrue material statements in the sale of securities and misappropriating public funds.</p>
<p>The Rubino trial has been closely watched by municipal finance experts and public officials in Orange County. The bankruptcy shocked Wall Street and prompted a massive Securities and Exchange Commission probe.</p>
</text>
<copyright>(c) Reuters Limited 1996</copyright>
<metadata>
<codes class="bip:countries:1.0">
  <code code="USA">
    <editdetail attribution="Reuters BIP Coding Group" action="confirmed" date="1996-08-20"/>
  </code>
</codes>
<codes class="bip:topics:1.0">
  <code code="GCRIM">
    <editdetail attribution="Reuters BIP Coding Group" action="confirmed" date="1996-08-20"/>
  </code>
</codes>
<dc element="dc.date.created" value="1996-08-20"/>
<dc element="dc.publisher" value="Reuters Holdings Plc"/>
<dc element="dc.date.published" value="1996-08-20"/>
<dc element="dc.source" value="Reuters"/>
<dc element="dc.creator.location" value="SANTA ANA, Calif."/>
<dc element="dc.creator.location.country.name" value="USA"/>
<dc element="dc.source" value="Reuters"/>
</metadata>
</newsitem>
