<?xml version="1.0" encoding="iso-8859-1" ?>
<newsitem itemid="2487" id="root" date="1996-08-20" xml:lang="en">
<title>USA: Huntsman Corp. drops $460 million bid for Rexene.</title>
<headline>Huntsman Corp. drops $460 million bid for Rexene.</headline>
<byline>Robin Sidel</byline>
<dateline>NEW YORK 1996-08-20</dateline>
<text>
<p>Huntsman Corp. on Tuesday dropped its $460 million bid for Rexene Corp. after being spurned twice by the Dallas-based chemical firm.</p>
<p>Huntsman, which is the largest privately held chemical company in the country, also said it would not pursue a hostile tender offer for Rexene -- a move that had been anticipated by some Wall Street takeover traders.</p>
<p>&quot;I'm washing my hands of the entire matter. Huntsman Corp. is not interested in pursuing further negotiations nor in commencing an unsolicited tender offer at this time. It is simply not worth the aggravation,&quot; said Jon Huntsman, chief executive officer and chairman of the family-owned company based in Salt Lake City.</p>
<p>Huntsman said the decision came after Rexene financial adviser Schroder-Wertheim indicated the Rexene board would reject bids substantially above its $15 per share offer.</p>
<p>Huntsman's first bid of $14 per share was rejected by Rexene on July 22. It then sweetened the offer to $15 per share on Aug. 1, but Rexene rejected that bid as well.</p>
<p>The unsolicited bid also included the assumption of $175 million of debt.</p>
<p>Rexene did not have any immediate comment on Huntsman's decision.</p>
<p>But Rexene's stock, which had risen sharply from about $9 per share after Huntsman first launched its bid, tumbled $2 to $10.50 in after-hours trading on news Huntsman was dropping the offer. Huntsman made its announcement after the market closed.</p>
<p>Huntsman blasted Rexene's rejection of its offer and warned that the cyclical chemical industry is already seeing a decline in margins and prices. In spurning the offer, Rexene said shareholder value would be boosted by its strategic investment plan, which includes additional capacity and the expansion of product offerings.</p>
<p>&quot;In my opinion, Rexene's shareholders won't see our offering in the value of Rexene stock for years to come. The shareholders should be very disappointed,&quot; Huntsman said.</p>
<p>The move marks the second time in recent months that Huntsman, long known for successful acquisitions, failed to win a target company.</p>
<p>Huntsman launched a bid for Sterling Chemicals Inc. in April, but the effort failed when the target instead opted for a management and investor buyout.</p>
<p>In 1994, Huntsman doubled its size when it acquired Texaco Inc.'s chemical business for $850 million.</p>
</text>
<copyright>(c) Reuters Limited 1996</copyright>
<metadata>
<codes class="bip:countries:1.0">
  <code code="USA">
    <editdetail attribution="Reuters BIP Coding Group" action="confirmed" date="1996-08-20"/>
  </code>
</codes>
<codes class="bip:topics:1.0">
  <code code="C181">
    <editdetail attribution="Reuters BIP Coding Group" action="confirmed" date="1996-08-20"/>
  </code>
</codes>
<dc element="dc.date.created" value="1996-08-20"/>
<dc element="dc.publisher" value="Reuters Holdings Plc"/>
<dc element="dc.date.published" value="1996-08-20"/>
<dc element="dc.source" value="Reuters"/>
<dc element="dc.creator.location" value="NEW YORK"/>
<dc element="dc.creator.location.country.name" value="USA"/>
<dc element="dc.source" value="Reuters"/>
</metadata>
</newsitem>
