<?xml version="1.0" encoding="iso-8859-1" ?>
<newsitem itemid="2490" id="root" date="1996-08-20" xml:lang="en">
<title>USA: CompuServe reports loss, cutting work force.</title>
<headline>CompuServe reports loss, cutting work force.</headline>
<dateline>COLUMBUS, Ohio 1996-08-20</dateline>
<text>
<p>CompuServe Inc., the No. 2 online service, Tuesday reported a $29.6 million fiscal first-quarter loss and said it would cut 150 jobs, or 4 percent of its work force, as part of a $30 million cost-cutting programme.</p>
<p>The Columbus, Ohio-based company also said it would sell its Spry Inc. software unit as part of the cost cuts.  </p>
<p>The loss of $29.6 million, or 32 cents a share, in the fiscal first quarter ended July 31, compared with last year's quarterly profit of $26.8 million, or 36 cents a share.</p>
<p>The company said it expected losses to continue into the second fiscal quarter due to the costs of new product introduction, but predicted improved earnings in the second half of fiscal 1997.</p>
<p>The oldest major online service, second only to America Online Inc., reported total revenues of $208.6 million for the quarter vs. $186.5 million in the previous year's quarter.</p>
<p>CompuServe announced its financial results after markets closed. Its stock dropped 12.5 cents to $13.50 on Nasdaq in earlier trading.</p>
</text>
<copyright>(c) Reuters Limited 1996</copyright>
<metadata>
<codes class="bip:countries:1.0">
  <code code="USA">
    <editdetail attribution="Reuters BIP Coding Group" action="confirmed" date="1996-08-20"/>
  </code>
</codes>
<codes class="bip:topics:1.0">
  <code code="C151">
    <editdetail attribution="Reuters BIP Coding Group" action="confirmed" date="1996-08-20"/>
  </code>
</codes>
<dc element="dc.date.created" value="1996-08-20"/>
<dc element="dc.publisher" value="Reuters Holdings Plc"/>
<dc element="dc.date.published" value="1996-08-20"/>
<dc element="dc.source" value="Reuters"/>
<dc element="dc.creator.location" value="COLUMBUS, Ohio"/>
<dc element="dc.creator.location.country.name" value="USA"/>
<dc element="dc.source" value="Reuters"/>
</metadata>
</newsitem>
