<?xml version="1.0" encoding="iso-8859-1" ?>
<newsitem itemid="2497" id="root" date="1996-08-20" xml:lang="en">
<title>USA: U.S. diesel tax suspended for pleasure boats.</title>
<headline>U.S. diesel tax suspended for pleasure boats.</headline>
<dateline>WASHINGTON 1996-08-20</dateline>
<text>
<p>President Clinton Tuesday signed legislation to suspend the 24.4 cents per gallon federal tax on diesel fuel used by recreational boaters.</p>
<p>The suspension, in effect from Aug. 27, 1996, to Dec. 31, 1997, was included in a law to raise the minimum wage.</p>
<p>&quot;Seven days from now, our waterways will be less hazardous for many boaters who should be able to purchase the same red-dyed, non-taxed fuel used by commercial mariners, which is more widely available around the country,&quot; Michael Sciulla, government affairs director of the Boat Owners Association of the United States, said in a statement.</p>
<p>Recreational boaters have complained that the government's fuel-dying programme caused fuel shortages and safety problems.</p>
<p>The Treasury Department must send a report to Congress by April 1, 1997, on alternative means of collecting the diesel tax, first levied in 1994.</p>
</text>
<copyright>(c) Reuters Limited 1996</copyright>
<metadata>
<codes class="bip:countries:1.0">
  <code code="USA">
    <editdetail attribution="Reuters BIP Coding Group" action="confirmed" date="1996-08-20"/>
  </code>
</codes>
<codes class="bip:topics:1.0">
  <code code="E21">
    <editdetail attribution="Reuters BIP Coding Group" action="confirmed" date="1996-08-20"/>
  </code>
  <code code="E211">
    <editdetail attribution="Reuters BIP Coding Group" action="confirmed" date="1996-08-20"/>
  </code>
  <code code="GPOL">
    <editdetail attribution="Reuters BIP Coding Group" action="confirmed" date="1996-08-20"/>
  </code>
</codes>
<dc element="dc.date.created" value="1996-08-20"/>
<dc element="dc.publisher" value="Reuters Holdings Plc"/>
<dc element="dc.date.published" value="1996-08-20"/>
<dc element="dc.source" value="Reuters"/>
<dc element="dc.creator.location" value="WASHINGTON"/>
<dc element="dc.creator.location.country.name" value="USA"/>
<dc element="dc.source" value="Reuters"/>
</metadata>
</newsitem>
