<?xml version="1.0" encoding="iso-8859-1" ?>
<newsitem itemid="2510" id="root" date="1996-08-20" xml:lang="en">
<title>USA: ValuJet begins saftey &quot;proving runs&quot; with FAA.</title>
<headline>ValuJet begins saftey &quot;proving runs&quot; with FAA.</headline>
<byline>David Morgan</byline>
<dateline>ATLANTA 1996-08-16</dateline>
<text>
<p>ValuJet Inc. said it began two-days of federal safety &quot;proving runs&quot; Tuesday, in hopes of getting a regulatory green light to resume scheduled flights this week.</p>
<p>The discount carrier, which suspended operations in June amid a series of alleged safety violations and after a deadly crash, also has recalled 70 pilots and 100 flight attendants to staff flights to five cities in the event that ValuJet receives final approval from the Federal Aviation Administration.</p>
<p>FAA inspectors Tuesday morning began putting a McDonnell Douglas DC-9 and two ValuJet crews through various flight exercises, including emergency procedures, said airline spokesman Gregg Kenyon. A ValuJet DC-9 crew consists of a pilot, a co-pilot and three flight attendants.</p>
<p>The proving runs were scheduled to continue through Wednesday afternoon. Kenyon declined to discuss the number of flights or cities involved.</p>
<p>In recent days, ValuJet put the same DC-9 aircraft through a series of test flights between Atlanta and Washington in preparation for the proving runs.</p>
<p>&quot;They will run through a variety of flight situations with FAA personnel on board, including some emergency scenarios,&quot; Kenyon said.</p>
<p>ValuJet suspended operations after the May 11 crash of Flight 592, which killed 110 people in the Florida Everglades. Maintenance was not identified as a contributing factor. But the crash led the FAA to step up safety inspections, which in turn led to the suspension.</p>
<p>The low-cost carrier, once a dream for Wall Street investors but a nightmare for big carriers such as Delta Air Lines Inc., now must prove its ability to meet the terms of an FAA consent order, under which the proving runs were taking place.</p>
<p>ValuJet hopes to resume flights Friday but cannot do so without FAA approval.</p>
<p>&quot;We're sitting at a red light, waiting for it to turn green,&quot; Kenyon said when asked to characterise the airline's situation.</p>
<p>ValuJet wants to resume operations with seven planes and flights to five cities.</p>
<p>In preparation for that day, pilots and flight attendants have already begun attending retraining programmes developed to meet the consent order.</p>
<p>Between 175 and 200 registration agents and 145 customer service representatives also have been notified that they could start work soon if the Transportation Department allows the airline to begin selling tickets and advertising flight service.</p>
<p>ValuJet stock was unchanged Tuesday afternoon, trading at $10.875 on Nasdaq.</p>
</text>
<copyright>(c) Reuters Limited 1996</copyright>
<metadata>
<codes class="bip:countries:1.0">
  <code code="USA">
    <editdetail attribution="Reuters BIP Coding Group" action="confirmed" date="1996-08-20"/>
  </code>
</codes>
<codes class="bip:topics:1.0">
  <code code="C21">
    <editdetail attribution="Reuters BIP Coding Group" action="confirmed" date="1996-08-20"/>
  </code>
</codes>
<dc element="dc.date.created" value="1996-08-16"/>
<dc element="dc.publisher" value="Reuters Holdings Plc"/>
<dc element="dc.date.published" value="1996-08-20"/>
<dc element="dc.source" value="Reuters"/>
<dc element="dc.creator.location" value="ATLANTA"/>
<dc element="dc.creator.location.country.name" value="USA"/>
<dc element="dc.source" value="Reuters"/>
</metadata>
</newsitem>
