<?xml version="1.0" encoding="iso-8859-1" ?>
<newsitem itemid="2522" id="root" date="1996-08-20" xml:lang="en">
<title>USA: US corporate bonds firm ahead of FOMC announcement.</title>
<headline>US corporate bonds firm ahead of FOMC announcement.</headline>
<dateline>NEW YORK 1996-08-20</dateline>
<text>
<p>U.S. high-yield bonds were mostly unchanged at mid-session, although traders said new issuance and gaming sector trade punctuated the quietude.</p>
<p>Investment grade trade, meanwhile, was also lackluster ahead of an announcement on short-term rates by the Federal Open Market Committee. The tone was firm, however, and some selected spreads firmed by one or two basis points.</p>
<p>Back in junk trade, Haynes International Inc's $14O million bonds, priced to yield 12 percent on Tuesday, were quoted around the issue price after a Standard &amp; Poor's upgrade of the company's corporate credit rating.  </p>
<p>Standard &amp; Poor's raised the company's corporate credit rating to B-minus from CCC-plus, reflecting the fact that the refinancing will allow the company to repay its outstanding debt and avoid onerous near-term maturities.</p>
<p>The new Haynes debt, due in 2004, was given a 11.625 percent coupon and priced at 98.095 by lead manager Merrill Lynch &amp; Co Inc. S&amp;P assigned a B-minus rating to the issue. Moody's Investors Service rates the issue B3.</p>
<p>Elsewhere, Sprint Spectrum LP set a total $523 million (proceeds) debt in two-tranches via lead managers Merrill Lynch and Lehman Brothers.</p>
</text>
<copyright>(c) Reuters Limited 1996</copyright>
<metadata>
<codes class="bip:countries:1.0">
  <code code="USA">
    <editdetail attribution="Reuters BIP Coding Group" action="confirmed" date="1996-08-20"/>
  </code>
</codes>
<codes class="bip:topics:1.0">
  <code code="C172">
    <editdetail attribution="Reuters BIP Coding Group" action="confirmed" date="1996-08-20"/>
  </code>
  <code code="M131">
    <editdetail attribution="Reuters BIP Coding Group" action="confirmed" date="1996-08-20"/>
  </code>
</codes>
<dc element="dc.date.created" value="1996-08-20"/>
<dc element="dc.publisher" value="Reuters Holdings Plc"/>
<dc element="dc.date.published" value="1996-08-20"/>
<dc element="dc.source" value="Reuters"/>
<dc element="dc.creator.location" value="NEW YORK"/>
<dc element="dc.creator.location.country.name" value="USA"/>
<dc element="dc.source" value="Reuters"/>
</metadata>
</newsitem>
