<?xml version="1.0" encoding="iso-8859-1" ?>
<newsitem itemid="2525" id="root" date="1996-08-20" xml:lang="en">
<title>USA: Standex acquires Vidalia Onion Store.</title>
<headline>Standex acquires Vidalia Onion Store.</headline>
<dateline>SALEM, N.H. 1996-08-20</dateline>
<text>
<p>Standex International Corp said on Tuesday that it has acquired assets of Vidalia Onion Store of Peachtree City, Georgia for an undisclosed maount of cash.</p>
<p>Vidalia Onion is a mail order marketer of Vidalia onions grown in Georgia and has annual sales of about $2 million.</p>
</text>
<copyright>(c) Reuters Limited 1996</copyright>
<metadata>
<codes class="bip:countries:1.0">
  <code code="USA">
    <editdetail attribution="Reuters BIP Coding Group" action="confirmed" date="1996-08-20"/>
  </code>
</codes>
<codes class="bip:topics:1.0">
  <code code="C18">
    <editdetail attribution="Reuters BIP Coding Group" action="confirmed" date="1996-08-20"/>
  </code>
  <code code="C181">
    <editdetail attribution="Reuters BIP Coding Group" action="confirmed" date="1996-08-20"/>
  </code>
  <code code="CCAT">
    <editdetail attribution="Reuters BIP Coding Group" action="confirmed" date="1996-08-20"/>
  </code>
</codes>
<dc element="dc.date.created" value="1996-08-20"/>
<dc element="dc.publisher" value="Reuters Holdings Plc"/>
<dc element="dc.date.published" value="1996-08-20"/>
<dc element="dc.source" value="Reuters"/>
<dc element="dc.creator.location" value="SALEM, N.H."/>
<dc element="dc.creator.location.country.name" value="USA"/>
<dc element="dc.source" value="Reuters"/>
</metadata>
</newsitem>
