<?xml version="1.0" encoding="iso-8859-1" ?>
<newsitem itemid="2532" id="root" date="1996-08-20" xml:lang="en">
<title>USA: Wall Street stocks little changed at open.</title>
<headline>Wall Street stocks little changed at open.</headline>
<dateline>NEW YORK 1996-08-20</dateline>
<text>
<p>U.S. stocks were steady at the open on Tuesday as investors took a cautious approach ahead of the conclusion of the Federal Reserve's Open Market Committee (FOMC) meeting.</p>
<p>The Dow Industrials was unchanged at 5,699, while the NASDAQ Index rose one to 1,132 and the S&amp;P Index was off fractionally at 667</p>
<p>The 30-year U.S. Treasury bond was down 2/32 to yield 6.80 percent.</p>
</text>
<copyright>(c) Reuters Limited 1996</copyright>
<metadata>
<codes class="bip:countries:1.0">
  <code code="USA">
    <editdetail attribution="Reuters BIP Coding Group" action="confirmed" date="1996-08-20"/>
  </code>
</codes>
<codes class="bip:topics:1.0">
  <code code="C13">
    <editdetail attribution="Reuters BIP Coding Group" action="confirmed" date="1996-08-20"/>
  </code>
  <code code="M11">
    <editdetail attribution="Reuters BIP Coding Group" action="confirmed" date="1996-08-20"/>
  </code>
</codes>
<dc element="dc.date.created" value="1996-08-20"/>
<dc element="dc.publisher" value="Reuters Holdings Plc"/>
<dc element="dc.date.published" value="1996-08-20"/>
<dc element="dc.source" value="Reuters"/>
<dc element="dc.creator.location" value="NEW YORK"/>
<dc element="dc.creator.location.country.name" value="USA"/>
<dc element="dc.source" value="Reuters"/>
</metadata>
</newsitem>
