<?xml version="1.0" encoding="iso-8859-1" ?>
<newsitem itemid="2535" id="root" date="1996-08-20" xml:lang="en">
<title>USA: Wall Street stocks seen steady ahead of FOMC.</title>
<headline>Wall Street stocks seen steady ahead of FOMC.</headline>
<byline>Richard Melville</byline>
<dateline>NEW YORK 1996-08-20</dateline>
<text>
<p>U.S. stocks were expected to continue in a holding pattern ahead of tuesday's meeting of the Federal Reserve's Open Market Committee.</p>
<p>Despite almost universal agreement that the Fed will opt against an interest rate increase at the meeting, analysts said there was little chance the market would choose today to snap out of its quiet, summertime ways.</p>
<p>&quot;There may be some more volume today but it should shape up like yesterday, limited to special situations,&quot; said Larry Wachtel, market analyst at Prudential Securities.</p>
</text>
<copyright>(c) Reuters Limited 1996</copyright>
<metadata>
<codes class="bip:countries:1.0">
  <code code="USA">
    <editdetail attribution="Reuters BIP Coding Group" action="confirmed" date="1996-08-20"/>
  </code>
</codes>
<codes class="bip:topics:1.0">
  <code code="C13">
    <editdetail attribution="Reuters BIP Coding Group" action="confirmed" date="1996-08-20"/>
  </code>
  <code code="M11">
    <editdetail attribution="Reuters BIP Coding Group" action="confirmed" date="1996-08-20"/>
  </code>
</codes>
<dc element="dc.date.created" value="1996-08-20"/>
<dc element="dc.publisher" value="Reuters Holdings Plc"/>
<dc element="dc.date.published" value="1996-08-20"/>
<dc element="dc.source" value="Reuters"/>
<dc element="dc.creator.location" value="NEW YORK"/>
<dc element="dc.creator.location.country.name" value="USA"/>
<dc element="dc.source" value="Reuters"/>
</metadata>
</newsitem>
