<?xml version="1.0" encoding="iso-8859-1" ?>
<newsitem itemid="2538" id="root" date="1996-08-20" xml:lang="en">
<title>USA: Netscape launch marks new phase in browser battle.</title>
<headline>Netscape launch marks new phase in browser battle.</headline>
<byline>Martin Wolk</byline>
<dateline>SEATTLE 1996-08-19</dateline>
<text>
<p>The Internet browser wars heated up Monday as market leader Netscape Communications Corp launched its latest Navigator software and officials of rival Microsoft Corp. said they saw little new.</p>
<p>Netscape, countering Microsoft's high-profile launch of its Internet Explorer 3.0 last week, said it had linked up with more than 20 content providers, including The New York Times and Sportsline USA, to offer tailored news and information to users.</p>
<p>Microsoft last week made a similar offer, saying that users who download its new browser would get free trial subscriptions to The Wall Street Journal Interactive Edition, ESPN SportsZone and other services.</p>
<p>While Netscape has a commanding lead in the growing browser market, with a share estimated at over 80 percent, industry analysts say Microsoft's latest software poses a threat to that dominance.</p>
<p>&quot;I'd say at the very minimum Microsoft has leveled the playing field, and the real battle can now begin,&quot; said Adam Schoenfeld of the Jupiter Communications research firm.</p>
<p>Microsoft said more than 1 million users had downloaded its browser off the Internet since it became available last Tuesday.</p>
<p>Microsoft stock fell 75 cents to $123.50 a share, while Netscape dropped $2.375 to $36.50, its lowest close since October.</p>
<p>In launching the latest version of Navigator, Mountain View, Calif.-based Netscape highlighted a new electronic mail feature that will deliver information from selected content providers directly to the user's computer &quot;in box.&quot;</p>
<p>The new software also offers enhanced audio, video and three-dimensional animation.</p>
<p>In a statement sent to reporters, Redmond, Wash.-based Microsoft called Netscape's new electronic mail feature &quot;glorified junk mail&quot; and said its own Internet Explorer offers faster access to multimedia clips.</p>
<p>On its World Wide Web site, Microsoft was less blunt but invited users to try both products and compare.</p>
<p>&quot;We're confident that in this scenario Internet Explorer 3.0 will fare very well,&quot; Microsoft said in the Web statement.</p>
<p>Schoenfeld agreed, saying, &quot;To the average user now, the products are probably indistinguishable in terms of quality.&quot;</p>
<p>Microsoft also pointed out that its product is free, while Netscape charges most users a $49 license fee after a free 90-day trial period.</p>
<p>While Navigator is available for a variety of computer platforms, the new version of Internet Explorer so far requires Microsoft's most recent operating systems, Windows 95 or Windows NT.</p>
<p>Microsoft officials said versions for previous versions of Windows and for Apple Computer Inc.'s Macintosh system were forthcoming.</p>
<p>Analysts said while the rapidly expanding Internet market was big enough for both players, Netscape was certain to see its share of the browser market diminish.</p>
<p>They said the browser war was likely to become even more intense when Microsoft unveiled its Internet Explorer version 4.0, expected early next year.</p>
<p>The new browser will be integrated into the Windows operating system, allowing users to &quot;browse&quot; through their local computer as well as the Internet.</p>
<p>&quot;Netscape doesn't own the operating system, so it will be very difficult for them to counter that,&quot; said Michael Wallace of UBS Securities.</p>
</text>
<copyright>(c) Reuters Limited 1996</copyright>
<metadata>
<codes class="bip:countries:1.0">
  <code code="USA">
    <editdetail attribution="Reuters BIP Coding Group" action="confirmed" date="1996-08-20"/>
  </code>
</codes>
<codes class="bip:industries:1.0">
  <code code="I33020">
    <editdetail attribution="Reuters BIP Coding Group" action="confirmed" date="1996-08-20"/>
  </code>
  <code code="I3302003">
    <editdetail attribution="Reuters BIP Coding Group" action="confirmed" date="1996-08-20"/>
  </code>
  <code code="I3302020">
    <editdetail attribution="Reuters BIP Coding Group" action="confirmed" date="1996-08-20"/>
  </code>
</codes>
<codes class="bip:topics:1.0">
  <code code="C22">
    <editdetail attribution="Reuters BIP Coding Group" action="confirmed" date="1996-08-20"/>
  </code>
  <code code="C31">
    <editdetail attribution="Reuters BIP Coding Group" action="confirmed" date="1996-08-20"/>
  </code>
  <code code="CCAT">
    <editdetail attribution="Reuters BIP Coding Group" action="confirmed" date="1996-08-20"/>
  </code>
</codes>
<dc element="dc.date.created" value="1996-08-19"/>
<dc element="dc.publisher" value="Reuters Holdings Plc"/>
<dc element="dc.date.published" value="1996-08-20"/>
<dc element="dc.source" value="Reuters"/>
<dc element="dc.creator.location" value="SEATTLE"/>
<dc element="dc.creator.location.country.name" value="USA"/>
<dc element="dc.source" value="Reuters"/>
</metadata>
</newsitem>
