<?xml version="1.0" encoding="iso-8859-1" ?>
<newsitem itemid="2546" id="root" date="1996-08-20" xml:lang="en">
<title>NETHERLANDS: DUTCH SHELL RAISES GASOLINE, DIESEL PRICES.</title>
<headline>DUTCH SHELL RAISES GASOLINE, DIESEL PRICES.</headline>
<dateline>AMSTERDAM 1996-08-20</dateline>
<text>
<p>Royal Dutch/Shell unit Shell Nederland BV said on Tuesday it will raise its retail prices for gasolines in the Netherlands by one cent per litre and of diesel by two cents per litre with effect from August 22.</p>
<p>The moves reflect changes in international product prices and the value of the dollar against the guilder, the company said.</p>
<p>From Thursday the price of premium unleaded gasoline at Shell's self-service stations goes up to 2.05 guilders per litre. The price of premium leaded rises to 2.21 guilders and that of Euro regular unleaded to 2.00 guilders.</p>
<p>The recommended price for diesel goes up to 1.42 guilders per litre, Shell said.</p>
<p>-- Amsterdam newsroom +31 20 504 5000</p>
</text>
<copyright>(c) Reuters Limited 1996</copyright>
<metadata>
<codes class="bip:countries:1.0">
  <code code="NETH">
    <editdetail attribution="Reuters BIP Coding Group" action="confirmed" date="1996-08-20"/>
  </code>
</codes>
<codes class="bip:industries:1.0">
  <code code="I13000">
    <editdetail attribution="Reuters BIP Coding Group" action="confirmed" date="1996-08-20"/>
  </code>
  <code code="I1300003">
    <editdetail attribution="Reuters BIP Coding Group" action="confirmed" date="1996-08-20"/>
  </code>
  <code code="I14000">
    <editdetail attribution="Reuters BIP Coding Group" action="confirmed" date="1996-08-20"/>
  </code>
  <code code="I65200">
    <editdetail attribution="Reuters BIP Coding Group" action="confirmed" date="1996-08-20"/>
  </code>
</codes>
<codes class="bip:topics:1.0">
  <code code="C31">
    <editdetail attribution="Reuters BIP Coding Group" action="confirmed" date="1996-08-20"/>
  </code>
  <code code="CCAT">
    <editdetail attribution="Reuters BIP Coding Group" action="confirmed" date="1996-08-20"/>
  </code>
</codes>
<dc element="dc.date.created" value="1996-08-20"/>
<dc element="dc.publisher" value="Reuters Holdings Plc"/>
<dc element="dc.date.published" value="1996-08-20"/>
<dc element="dc.source" value="Reuters"/>
<dc element="dc.creator.location" value="AMSTERDAM"/>
<dc element="dc.creator.location.country.name" value="NETHERLANDS"/>
<dc element="dc.source" value="Reuters"/>
</metadata>
</newsitem>
