<?xml version="1.0" encoding="iso-8859-1" ?>
<newsitem itemid="2547" id="root" date="1996-08-20" xml:lang="en">
<title>FINLAND: FINNISH H1 HOTEL, RESTAURANT SALES UP 2.1 PCT YR/YR.</title>
<headline>FINNISH H1 HOTEL, RESTAURANT SALES UP 2.1 PCT YR/YR.</headline>
<dateline>HELSINKI 1996-08-20</dateline>
<text>
<p>The value of sales of the Finnish hotel and restaurant branch increased 2.1 percent year-on-year in January-June, the Hotel and Restaurant Council said in a statement on Tuesday.</p>
<p>The volume of sales rose 0.9 percent, it said.</p>
<p>&quot;June does not seem to have brought any change to the weak development of restaurant sales in the early months this year,&quot; the council said.</p>
<p>&quot;The hotel accommodation sales trend, which has been quite satisfactory in the earlier months of the year, was clearly below expectations in June,&quot; it said.</p>
<p>The value of restaurant sales rose 1.2 percent year-on-year in June and 1.3 percent in the first six months of the year compared to the corresponding period in 1995. The volume of restaurant sales rose 1.0 percent and 0.7 percent respectively.</p>
<p>The value of hotel accommodation sales rose 1.9 percent year-on-year in June and the January-June increase was 6.2 percent.</p>
<p>The number of hotel rooms sold fell 3.0 percent year-on-year in June while the first-half change was a 2.0 percent increase, the council said.</p>
<p>The hotel occupancy rate fell to 52.5 percent in June, down 2.1 percentage points on June last year. In January-June, the hotel occupancy rate was up 0.4 percentage points year-on-year at 45 percent.</p>
<p>--Helsinki Newsroom +358 - 0 - 680 50 245</p>
</text>
<copyright>(c) Reuters Limited 1996</copyright>
<metadata>
<codes class="bip:countries:1.0">
  <code code="FIN">
    <editdetail attribution="Reuters BIP Coding Group" action="confirmed" date="1996-08-20"/>
  </code>
</codes>
<codes class="bip:industries:1.0">
  <code code="I66100">
    <editdetail attribution="Reuters BIP Coding Group" action="confirmed" date="1996-08-20"/>
  </code>
  <code code="I66500">
    <editdetail attribution="Reuters BIP Coding Group" action="confirmed" date="1996-08-20"/>
  </code>
</codes>
<codes class="bip:topics:1.0">
  <code code="C31">
    <editdetail attribution="Reuters BIP Coding Group" action="confirmed" date="1996-08-20"/>
  </code>
  <code code="CCAT">
    <editdetail attribution="Reuters BIP Coding Group" action="confirmed" date="1996-08-20"/>
  </code>
</codes>
<dc element="dc.date.created" value="1996-08-20"/>
<dc element="dc.publisher" value="Reuters Holdings Plc"/>
<dc element="dc.date.published" value="1996-08-20"/>
<dc element="dc.source" value="Reuters"/>
<dc element="dc.creator.location" value="HELSINKI"/>
<dc element="dc.creator.location.country.name" value="FINLAND"/>
<dc element="dc.source" value="Reuters"/>
</metadata>
</newsitem>
