<?xml version="1.0" encoding="iso-8859-1" ?>
<newsitem itemid="2557" id="root" date="1996-08-20" xml:lang="en">
<title>GERMANY: German company failures up 15 pct in 96-Hermes.</title>
<headline>German company failures up 15 pct in 96-Hermes.</headline>
<dateline>HAMBURG 1996-08-20</dateline>
<text>
<p>Hermes Kreditversicherungs-AG, Germany's biggest credit insurer, said it expects 25,000 company insolvencies during the current year.</p>
<p>The insurer said on Tuesday that this would represent a 15 percent rise in bankruptcies compared to the previous year.</p>
<p>On the European level the outlook was worsening as well. Hermes said it expected a six percent increase in bankruptcies in Europe this year. In 1995 the number stagnated.</p>
<p>The Hermes forecast came despite its expectations of an upswing in the European economy during the second half of 1996.</p>
<p>Hermes said this was due to the momentum given to the economy by monetary policy, in particular by low interest rates.</p>
<p>Hermes said it recorded an 11 percent increase in premium income to 438 million marks ($294 million) during the first half of this year.</p>
<p>At the same time the volume of claims increased. Hermes said bankruptcies of big companies such as shipbuilder Bremer Vulkan Verbund and construction group Maculan were responsible for this development.</p>
<p>--Hannfried von Hindenburg, Frankfurt Newsrom +49 69 756525 ($ = 1.489 German Marks)</p>
</text>
<copyright>(c) Reuters Limited 1996</copyright>
<metadata>
<codes class="bip:countries:1.0">
  <code code="GFR">
    <editdetail attribution="Reuters BIP Coding Group" action="confirmed" date="1996-08-20"/>
  </code>
</codes>
<codes class="bip:topics:1.0">
  <code code="C16">
    <editdetail attribution="Reuters BIP Coding Group" action="confirmed" date="1996-08-20"/>
  </code>
  <code code="CCAT">
    <editdetail attribution="Reuters BIP Coding Group" action="confirmed" date="1996-08-20"/>
  </code>
  <code code="ECAT">
    <editdetail attribution="Reuters BIP Coding Group" action="confirmed" date="1996-08-20"/>
  </code>
</codes>
<dc element="dc.date.created" value="1996-08-20"/>
<dc element="dc.publisher" value="Reuters Holdings Plc"/>
<dc element="dc.date.published" value="1996-08-20"/>
<dc element="dc.source" value="Reuters"/>
<dc element="dc.creator.location" value="HAMBURG"/>
<dc element="dc.creator.location.country.name" value="GERMANY"/>
<dc element="dc.source" value="Reuters"/>
</metadata>
</newsitem>
