<?xml version="1.0" encoding="iso-8859-1" ?>
<newsitem itemid="2578" id="root" date="1996-08-20" xml:lang="en">
<title>REPUBLIC OF IRELAND: Ireland's Kerry says half-year profit up 21 pct.</title>
<headline>Ireland's Kerry says half-year profit up 21 pct.</headline>
<dateline>DUBLIN 1996-08-20</dateline>
<text>
<p>Ireland's largest food company, Kerry Group Plc, said on Tuesday that pre-tax profits rose by 21 percent to 20.0 million punts ($32.08 million) in the first half of 1996, reflecting a strong performance in all divisions.</p>
<p>The group's main ingredients division, bolstered by the $402 million acquisition of U.S. food ingredients group DCA in November 1994, reported a seven percent increase in operating profits to 29.4 million punts.</p>
<p>On the consumer foods side, Kerry Foods reported a 15 percent increase in operating profits to 10.0 million punts while operating margins rose to 4.4 percent from 4.1 percent in the first half of 1995.</p>
<p>&quot;While the bovine spongiform encephalopathy (BSE) scare did affect sales in some business areas at the end of the first quarter, strong advances in branded product sales in the second quarter contributed to the satisfactory margin improvement reported,&quot; the company said in a statement.</p>
<p>The group's agribusiness division reported an operating profit of 0.9 million on turnover of 30.4 million.</p>
<p>Kerry said current trading was in line with group targets and it remained confident of a satisfactory outcome for the full year.</p>
<p>Chairman Michael Hanrahan said the company would now focus on maximising the potential of its fruit ingredients business on a Europe-wide basis following the acquisition of Ciprial, a specialist fruit ingredients company with operations in France and Italy, in February.</p>
<p>Kerry's debt-equity ratio, which soared to 120 percent following the purchase of DCA, stood at 108 percent by June 30, 1996.</p>
<p>But the 54 million punt acquisition of Ciprial has led the group to revise its end-year net debt target upward. Kerry, which had planned to cut its debt-equity ratio to 70 percent before buying Ciprial, is now aiming for gearing of 90 percent at end-1996.</p>
<p>Kerry announced an interim dividend of 1.265 Irish pence per share. The share price was unchanged at 592 by 1255 GMT. ($1=.6234 Punt)</p>
</text>
<copyright>(c) Reuters Limited 1996</copyright>
<metadata>
<codes class="bip:countries:1.0">
  <code code="IRE">
    <editdetail attribution="Reuters BIP Coding Group" action="confirmed" date="1996-08-20"/>
  </code>
</codes>
<codes class="bip:industries:1.0">
  <code code="I41000">
    <editdetail attribution="Reuters BIP Coding Group" action="confirmed" date="1996-08-20"/>
  </code>
</codes>
<codes class="bip:topics:1.0">
  <code code="C15">
    <editdetail attribution="Reuters BIP Coding Group" action="confirmed" date="1996-08-20"/>
  </code>
  <code code="C151">
    <editdetail attribution="Reuters BIP Coding Group" action="confirmed" date="1996-08-20"/>
  </code>
  <code code="CCAT">
    <editdetail attribution="Reuters BIP Coding Group" action="confirmed" date="1996-08-20"/>
  </code>
</codes>
<dc element="dc.date.created" value="1996-08-20"/>
<dc element="dc.publisher" value="Reuters Holdings Plc"/>
<dc element="dc.date.published" value="1996-08-20"/>
<dc element="dc.source" value="Reuters"/>
<dc element="dc.creator.location" value="DUBLIN"/>
<dc element="dc.creator.location.country.name" value="REPUBLIC OF IRELAND"/>
<dc element="dc.source" value="Reuters"/>
</metadata>
</newsitem>
