<?xml version="1.0" encoding="iso-8859-1" ?>
<newsitem itemid="2585" id="root" date="1996-08-20" xml:lang="en">
<title>GREECE: Greek PM Simitis to call early elections on Friday.</title>
<headline>Greek PM Simitis to call early elections on Friday.</headline>
<byline>Costas Paris</byline>
<dateline>ATHENS 1996-08-20</dateline>
<text>
<p>Greek Prime Minister Costas Simitis looks set to call early elections on Friday citing as reasons the economy and relations with Turkey, government officials said on Tuesday.</p>
<p>&quot;We expect the announcement on Friday after a special cabinet meeting. All indications at the moment show that the premier will call early elections to take place in late September or early October,&quot; one official told Reuters.</p>
<p>Government spokesman Dimitris Reppas reiterated on Tuesday that Simitis will announce his final decision on the matter this week. Elections are now scheduled for October next year.</p>
<p>Simitis, who took over as premier from late socialist party founder Andreas Papandreou in January, scores highly in public opinion polls and would be favourite to win an election against the conservative New Democracy party, which seems disoriented and plagued by internal strife.</p>
<p>This would give him a free hand to implement sweeping reforms in the ailing economy and to find ways to deal with rival Turkey on differences over territorial rights in the Aegean Sea and the divided island of Cyprus.</p>
<p>Simitis and his Finance Minister Alexandros Papadopoulos are in the final stages of putting together next year's budget, which includes cuts of $1.2 billion in state spending and the restructuring of public companies to boost growth.</p>
<p>Papadopoulos has warned that Greece is still a long way from meeting the criteria necessary to join European Monetary Union (EMU) in 1999 and that in the next two years Greeks must make sacrifices to slash inflation and a towering public debt.</p>
<p>Inflation was running at a rate of 8.6 percent year-on-year in June -- the highest by far in the European Union -- and the public debt was still well over 100 per cent of the country's GDP.</p>
<p>The EMU target is for the debt to drop to 60 percent of GDP and inflation to be slashed to about two points above the average inflation of the three best performing EU members.</p>
<p>&quot;The government must take some very tough decisions next year which can't be taken if elections take place as scheduled. Simitis wants four years and needs four years to restructure Greece,&quot; the official said.</p>
<p>Greek markets welcomed the possibility of early elections with the Athens general share index rising by 2.30 on Tuesday.</p>
<p>&quot;I am optimistic,&quot; said a fund manager at a private investment company. &quot;The bourse discounts the re-election of Simitis, much desired political stability and economic measures to help the country join EMU.&quot;</p>
<p>Simitis is also being pressed by the country's top brass to spend about $10 billion on the purchase of new weapons so that Greece is prepared to face any Turkish moves in the Aegean.</p>
<p>This could mean foreign borrowing or extra taxes before the scheduled elections next year, a move that would not go down well with voters.</p>
</text>
<copyright>(c) Reuters Limited 1996</copyright>
<metadata>
<codes class="bip:countries:1.0">
  <code code="GREECE">
    <editdetail attribution="Reuters BIP Coding Group" action="confirmed" date="1996-08-20"/>
  </code>
</codes>
<codes class="bip:topics:1.0">
  <code code="GCAT">
    <editdetail attribution="Reuters BIP Coding Group" action="confirmed" date="1996-08-20"/>
  </code>
  <code code="GPOL">
    <editdetail attribution="Reuters BIP Coding Group" action="confirmed" date="1996-08-20"/>
  </code>
  <code code="GVOTE">
    <editdetail attribution="Reuters BIP Coding Group" action="confirmed" date="1996-08-20"/>
  </code>
</codes>
<dc element="dc.date.created" value="1996-08-20"/>
<dc element="dc.publisher" value="Reuters Holdings Plc"/>
<dc element="dc.date.published" value="1996-08-20"/>
<dc element="dc.source" value="Reuters"/>
<dc element="dc.creator.location" value="ATHENS"/>
<dc element="dc.creator.location.country.name" value="GREECE"/>
<dc element="dc.source" value="Reuters"/>
</metadata>
</newsitem>
