<?xml version="1.0" encoding="iso-8859-1" ?>
<newsitem itemid="2586" id="root" date="1996-08-20" xml:lang="en">
<title>SPAIN: Higher tax income helps Spanish budget deficit.</title>
<headline>Higher tax income helps Spanish budget deficit.</headline>
<dateline>MADRID 1996-08-20</dateline>
<text>
<p>Higher tax revenues helped Spain reduce its central government deficit by 18.7 percent in the first seven months of this year.</p>
<p>Economy ministry figures released earlier showed there was a budget surplus of 282 billion peseta in July and the accumulated deficit fell to 1.18 trillion pesetas.</p>
<p>Corporate tax income rose 37.2 percent to 326.6 billion pesetas in July and the accumulated seven month figure was 31.4 percent higher at 596.7 billion.</p>
<p>Personal income tax revenues also rose 6.8 percent in the year to date to 3.71 trillion pesetas.</p>
<p>Total non-financial income was 8.5 percent higher at 9.02 trillion.</p>
<p>Financial costs, that is the debt servicing burden, fell 11.1 percent in the month although the accumulated figure rose 19.9 percent to 1.98 trillion pesetas.</p>
<p>The central government deficit target for the year is 3.4 percent of GDP or some 2.6 trillion pesetas. The social security body and the autonomous regions are expected to add another percentage point to this to take the overall public sector deficit to 4.4 percent.</p>
</text>
<copyright>(c) Reuters Limited 1996</copyright>
<metadata>
<codes class="bip:countries:1.0">
  <code code="SPAIN">
    <editdetail attribution="Reuters BIP Coding Group" action="confirmed" date="1996-08-20"/>
  </code>
</codes>
<codes class="bip:topics:1.0">
  <code code="E21">
    <editdetail attribution="Reuters BIP Coding Group" action="confirmed" date="1996-08-20"/>
  </code>
  <code code="E211">
    <editdetail attribution="Reuters BIP Coding Group" action="confirmed" date="1996-08-20"/>
  </code>
  <code code="ECAT">
    <editdetail attribution="Reuters BIP Coding Group" action="confirmed" date="1996-08-20"/>
  </code>
</codes>
<dc element="dc.date.created" value="1996-08-20"/>
<dc element="dc.publisher" value="Reuters Holdings Plc"/>
<dc element="dc.date.published" value="1996-08-20"/>
<dc element="dc.source" value="Reuters"/>
<dc element="dc.creator.location" value="MADRID"/>
<dc element="dc.creator.location.country.name" value="SPAIN"/>
<dc element="dc.source" value="Reuters"/>
</metadata>
</newsitem>
