<?xml version="1.0" encoding="iso-8859-1" ?>
<newsitem itemid="2587" id="root" date="1996-08-20" xml:lang="en">
<title>SWITZERLAND: Jungfraubahn prices new shares at 220 Sfr.</title>
<headline>Jungfraubahn prices new shares at 220 Sfr.</headline>
<dateline>ZURICH 1996-08-20</dateline>
<text>
<p>Jungfraubahn Holding AG, which owns the transportation network surrounding the towering Jungfrau mountain in central Switzerland, said on Tuesday it would issue new registered shares at 220 Swiss francs each.</p>
<p>Jungfraubahn, which last month said it wanted to broaden its shareholder basis, will offer 150,000 registered shares with a face value of 20 francs for sale from August 21 to August 27.</p>
<p>Jungfraubahn is by far the largest operator of scenic, tourist railways in Switzerland. Its goal is to market the prime tourist attractions of the Jungfrau region, which includes the Eiger, Moench and Jungfrau mountains as well as the picturesque towns of Grindelwald, Wengen, Muerren and Interlaken.</p>
<p>Jungfraubahn's chairman Walter Reinhardt told a news conference the company had applied for a listing of the shares on the Swiss Exchange from August 29.</p>
<p>The share capital of Jungfraubahn amounts to 11.67 million francs, divided into 583,500 shares and the public offering is lead managed by Bank J. Vontobel &amp; Co. AG.</p>
<p>So far the shares of Jungfraubahn have been traded by telephone on Berne's regional exchange.</p>
<p>After the placement, 47 percent of Jungfraubahn's shares will be held by the public, 21 percent by Berner Cantonalbank, 25 percent by Spar + Leihkasse in Berne and 7.0 percent by the Bernese Kraftwerke (BKW) FMB holding company.</p>
<p>The shares on public offer, worth 33 million francs, came from Berner Cantonalbank and Spar + Leikasse.</p>
<p>Reinhardt said the shares were particularly suitable for investors interested in preserving their capital and receiving dividend income and the company was interested in a stable base of shareholders.</p>
<p>Jungfraubahn has a target payout ratio of 30 percent of net income and is paying a seven franc dividend on 1995 results.</p>
<p>Jungfraubahn made a group net profit of 2.7 million francs in the first six months, down from 4.8 million the year before.</p>
<p>The company, however, earns most of its money in the second half of the year and chief financial officer Daniel Hertig said the company was on target this year.</p>
<p>For the full 1996 year, Jungfraubahn expects to report a group profit of 13 million francs, down from 15.9 million, on sales of 88 million, down from 95 million. About five million of the lower turnover is due to the sales of a travel agency.</p>
<p>-- Peter Nielsen, Zurich Editorial +41 1 631 7340</p>
</text>
<copyright>(c) Reuters Limited 1996</copyright>
<metadata>
<codes class="bip:countries:1.0">
  <code code="SWITZ">
    <editdetail attribution="Reuters BIP Coding Group" action="confirmed" date="1996-08-20"/>
  </code>
</codes>
<codes class="bip:industries:1.0">
  <code code="I71000">
    <editdetail attribution="Reuters BIP Coding Group" action="confirmed" date="1996-08-20"/>
  </code>
</codes>
<codes class="bip:topics:1.0">
  <code code="C17">
    <editdetail attribution="Reuters BIP Coding Group" action="confirmed" date="1996-08-20"/>
  </code>
  <code code="C171">
    <editdetail attribution="Reuters BIP Coding Group" action="confirmed" date="1996-08-20"/>
  </code>
  <code code="CCAT">
    <editdetail attribution="Reuters BIP Coding Group" action="confirmed" date="1996-08-20"/>
  </code>
</codes>
<dc element="dc.date.created" value="1996-08-20"/>
<dc element="dc.publisher" value="Reuters Holdings Plc"/>
<dc element="dc.date.published" value="1996-08-20"/>
<dc element="dc.source" value="Reuters"/>
<dc element="dc.creator.location" value="ZURICH"/>
<dc element="dc.creator.location.country.name" value="SWITZERLAND"/>
<dc element="dc.source" value="Reuters"/>
</metadata>
</newsitem>
