<?xml version="1.0" encoding="iso-8859-1" ?>
<newsitem itemid="2588" id="root" date="1996-08-20" xml:lang="en">
<title>SWEDEN: Trelleborg H1 profits fall, sees weaker H2.</title>
<headline>Trelleborg H1 profits fall, sees weaker H2.</headline>
<dateline>STOCKHOLM 1996-08-20</dateline>
<text>
<p>Swedish mining, metals and engineering group Trelleborg said on Tuesday it expected profitability to fall in the second half of the year if currency exchange rates and metals prices remained at current levels.</p>
<p>&quot;Assuming currency exchange rates and metals prices now in force, which in the case of copper means a far lower level than in the past ... we expect weaker profit generation in the second half year,&quot; Trelleborg said in its first half profit statement.</p>
<p>The group posted a profit after financial net of 657 million crowns ($99 million) for the first half of 1996, a sharp drop from the 954 million crowns reported for the same 1995 period.</p>
<p>The comparison with the first half of 1995 was rendered less flattering by a positive restructuring item of 102 million crowns taken in the second quarter of 1995.</p>
<p>Operating income for the period dipped to 10.62 billion crowns from 11.10 billion for the comparative period.</p>
<p>This, Trelleborg said, was the result of a weaker economic scenario on its main markets.</p>
<p>&quot;The weaker economy, particularly on European markets, has led to weaker prices and lower volumes,&quot; it said.</p>
<p>The mining and metals unit reported virtually unchanged sales for the period at 4.28 billion crowns, but operating profits dipped to 296 million crowns from 317 million, a fall Trelleborg said was due to the weaker economy.</p>
<p>However, hedging had rendered the business area virtually immune to disadvantageous moves in currencies and metals prices over the period, it said.</p>
<p>The operating profit of Trelleborg's distribution division, the second largest in the group, was more than halved to 141 million crowns.</p>
<p>Around half of the slump was attributable to inventory losses as metals prices fell, but the unit also suffered from falling volumes and the effect of the crown appreciation on the reported sales of overseas units. ($= 6.611 swedish crowns)</p>
</text>
<copyright>(c) Reuters Limited 1996</copyright>
<metadata>
<codes class="bip:countries:1.0">
  <code code="SWED">
    <editdetail attribution="Reuters BIP Coding Group" action="confirmed" date="1996-08-20"/>
  </code>
</codes>
<codes class="bip:industries:1.0">
  <code code="I21000">
    <editdetail attribution="Reuters BIP Coding Group" action="confirmed" date="1996-08-20"/>
  </code>
</codes>
<codes class="bip:topics:1.0">
  <code code="C15">
    <editdetail attribution="Reuters BIP Coding Group" action="confirmed" date="1996-08-20"/>
  </code>
  <code code="C151">
    <editdetail attribution="Reuters BIP Coding Group" action="confirmed" date="1996-08-20"/>
  </code>
  <code code="C152">
    <editdetail attribution="Reuters BIP Coding Group" action="confirmed" date="1996-08-20"/>
  </code>
  <code code="CCAT">
    <editdetail attribution="Reuters BIP Coding Group" action="confirmed" date="1996-08-20"/>
  </code>
</codes>
<dc element="dc.date.created" value="1996-08-20"/>
<dc element="dc.publisher" value="Reuters Holdings Plc"/>
<dc element="dc.date.published" value="1996-08-20"/>
<dc element="dc.source" value="Reuters"/>
<dc element="dc.creator.location" value="STOCKHOLM"/>
<dc element="dc.creator.location.country.name" value="SWEDEN"/>
<dc element="dc.source" value="Reuters"/>
</metadata>
</newsitem>
