<?xml version="1.0" encoding="iso-8859-1" ?>
<newsitem itemid="2593" id="root" date="1996-08-20" xml:lang="en">
<title>DENMARK: Denmark's Unibank first-half profits up 18 pct.</title>
<headline>Denmark's Unibank first-half profits up 18 pct.</headline>
<dateline>COPENHAGEN 1996-08-20</dateline>
<text>
<p>Denmark's second biggest banking group, Unidanmark A/S, on Tuesday said that first-half 1996 pre-tax profits rose 18.4 percent to 1.275 billion crowns ($221.4 million) from 1.077 billion in the same period last year.</p>
<p>A statement said that the result, above analysts' expectations, benefited from improved earnings on net interest, fees and lending but said it saw a slowdown in economic growth squeezing profits for the rest of the year.</p>
<p>&quot;Operating profit in the second half of 1996 is projected to be lower than for the first half of the year,&quot; it said.</p>
<p>Operating profit was 1.264 billion crowns against 1.158 billion last year, better than forecasts of 1.172 billion.</p>
<p>Unidanmark said that interest and fee income was 2.6 percent up on the first six months of 1995 at 4.430 billion crowns and mortgage lending rose 30 percent to 158.8 million crowns.</p>
<p>It said that bank lending was 7.4 percent up and forecast sustained growth for both, and for deposits, in the second half.</p>
<p>The stock market was unmoved by the Unidanmark result, with the share trading at 270 crowns at 1220 GMT, unchanged from Monday's close but two crowns lower than before the result.</p>
<p>--Chris Follett, Copenhagen newsroom +45 33969652</p>
<p>($ = 5.758 Danish Crowns)</p>
</text>
<copyright>(c) Reuters Limited 1996</copyright>
<metadata>
<codes class="bip:countries:1.0">
  <code code="DEN">
    <editdetail attribution="Reuters BIP Coding Group" action="confirmed" date="1996-08-20"/>
  </code>
</codes>
<codes class="bip:industries:1.0">
  <code code="I81402">
    <editdetail attribution="Reuters BIP Coding Group" action="confirmed" date="1996-08-20"/>
  </code>
</codes>
<codes class="bip:topics:1.0">
  <code code="C15">
    <editdetail attribution="Reuters BIP Coding Group" action="confirmed" date="1996-08-20"/>
  </code>
  <code code="C151">
    <editdetail attribution="Reuters BIP Coding Group" action="confirmed" date="1996-08-20"/>
  </code>
  <code code="CCAT">
    <editdetail attribution="Reuters BIP Coding Group" action="confirmed" date="1996-08-20"/>
  </code>
</codes>
<dc element="dc.date.created" value="1996-08-20"/>
<dc element="dc.publisher" value="Reuters Holdings Plc"/>
<dc element="dc.date.published" value="1996-08-20"/>
<dc element="dc.source" value="Reuters"/>
<dc element="dc.creator.location" value="COPENHAGEN"/>
<dc element="dc.creator.location.country.name" value="DENMARK"/>
<dc element="dc.source" value="Reuters"/>
</metadata>
</newsitem>
