<?xml version="1.0" encoding="iso-8859-1" ?>
<newsitem itemid="2594" id="root" date="1996-08-20" xml:lang="en">
<title>GERMANY: Ex-Mannesmann chief to seek legal advice.</title>
<headline>Ex-Mannesmann chief to seek legal advice.</headline>
<dateline>BONN 1996-08-20</dateline>
<text>
<p>Werner Dieter, former chief executive of Mannesmann AG, said he would seek legal advice before deciding whether to accept a deal offered by prosecutors.</p>
<p>In an interview with the newspaper Boersen Zeitung published on Tuesday, Dieter said he had not yet received the prosecutors' offer directly, but had only learned of it through news media.</p>
<p>According to the reports, prosecutors offered to drop their investigation against Dieter, who stepped down as management board chief in July 1994, if he agreed to pay a fine of one million marks ($671,000). He is suspected of having steered Mannesmann contracts to a family-run company.</p>
<p>-- Terence Gallagher, Bonn newsroom, 49-228-2609750 ($ = 1.489 German Marks)</p>
</text>
<copyright>(c) Reuters Limited 1996</copyright>
<metadata>
<codes class="bip:countries:1.0">
  <code code="GFR">
    <editdetail attribution="Reuters BIP Coding Group" action="confirmed" date="1996-08-20"/>
  </code>
</codes>
<codes class="bip:topics:1.0">
  <code code="C12">
    <editdetail attribution="Reuters BIP Coding Group" action="confirmed" date="1996-08-20"/>
  </code>
</codes>
<dc element="dc.date.created" value="1996-08-20"/>
<dc element="dc.publisher" value="Reuters Holdings Plc"/>
<dc element="dc.date.published" value="1996-08-20"/>
<dc element="dc.source" value="Reuters"/>
<dc element="dc.creator.location" value="BONN"/>
<dc element="dc.creator.location.country.name" value="GERMANY"/>
<dc element="dc.source" value="Reuters"/>
</metadata>
</newsitem>
