<?xml version="1.0" encoding="iso-8859-1" ?>
<newsitem itemid="2602" id="root" date="1996-08-20" xml:lang="en">
<title>BELGIUM: Rexrodt and Van Miert to talk about VW aid.</title>
<headline>Rexrodt and Van Miert to talk about VW aid.</headline>
<dateline>BRUSSELS 1996-08-20</dateline>
<text>
<p>German Economics Minister Guenter Rexrodt is to talk to European Competition Commissioner Karel Van Miert on Tuesday in a bid to cool a growing row about payments to Volkswagen AG, a Commission spokesman said.</p>
<p>&quot;There will be a contact this afternoon between Mr Rexrodt and Mr Van Miert to see how to proceed with this affair and how to calm the proceedings down a little bit,&quot; spokesman Nikolaus van der Pas told a news conference.</p>
<p>Saxony premier Kurt Biedenkopf, a Christian Democrat (CDU) ally of Chancellor Helmut Kohl, overrode Commission objections to the size of a proposed package for the carmaker and paid out extra funds, contending the state stood to lose 23,000 automotive jobs in Mosel and Chemnitz if it didn't pay.</p>
<p>Some 91 million marks ($61.1 million) are in dispute in the row that has worried Bonn by spurring anti-EU sentiment in the country, even from within the ranks of Kohl's conservatives.</p>
<p>Bonn accepts Saxony's arguments that the payouts are justified, but believes the state went too far by defying the order from Brussels, an economics ministry spokeswoman said.</p>
<p>&quot;Mr Van Miert is concerned about the tone of the public debate,&quot; van der Pas said.</p>
<p>Van Miert warned at the weekend that Saxony could touch off a &quot;subsidy war&quot; in Europe if left unchallenged, telling Germany's Focus magazine Brussels could raise the stakes by blocking other aid to VW or excluding it from public tenders.</p>
<p>&quot;You cannot simply break the law and hope the European Commission will close its eyes,&quot; van Miert said in an interview released ahead of publication on Monday. &quot;This would be the end of the internal market and also of Europe.&quot; -- Brussels Newsroom 32 2 287 6800 ($ = 1.489 German Marks)</p>
</text>
<copyright>(c) Reuters Limited 1996</copyright>
<metadata>
<codes class="bip:countries:1.0">
  <code code="GFR">
    <editdetail attribution="Reuters BIP Coding Group" action="confirmed" date="1996-08-20"/>
  </code>
</codes>
<codes class="bip:topics:1.0">
  <code code="GJOB">
    <editdetail attribution="Reuters BIP Coding Group" action="confirmed" date="1996-08-20"/>
  </code>
</codes>
<dc element="dc.date.created" value="1996-08-20"/>
<dc element="dc.publisher" value="Reuters Holdings Plc"/>
<dc element="dc.date.published" value="1996-08-20"/>
<dc element="dc.source" value="Reuters"/>
<dc element="dc.creator.location" value="BRUSSELS"/>
<dc element="dc.creator.location.country.name" value="BELGIUM"/>
<dc element="dc.source" value="Reuters"/>
</metadata>
</newsitem>
