<?xml version="1.0" encoding="iso-8859-1" ?>
<newsitem itemid="2603" id="root" date="1996-08-20" xml:lang="en">
<title>GERMANY: Frankfurt dollar fix 1.4901 marks.</title>
<headline>Frankfurt dollar fix 1.4901 marks.</headline>
<dateline>FRANKFURT 1996-08-20</dateline>
<text>
<p>The dollar was fixed at 1.4901 marks in Frankfurt on Tuesday, after 1.4902 marks on Monday.There was no Bundesbank intervention.</p>
</text>
<copyright>(c) Reuters Limited 1996</copyright>
<metadata>
<codes class="bip:countries:1.0">
  <code code="GFR">
    <editdetail attribution="Reuters BIP Coding Group" action="confirmed" date="1996-08-20"/>
  </code>
</codes>
<codes class="bip:topics:1.0">
  <code code="E12">
    <editdetail attribution="Reuters BIP Coding Group" action="confirmed" date="1996-08-20"/>
  </code>
  <code code="M132">
    <editdetail attribution="Reuters BIP Coding Group" action="confirmed" date="1996-08-20"/>
  </code>
</codes>
<dc element="dc.date.created" value="1996-08-20"/>
<dc element="dc.publisher" value="Reuters Holdings Plc"/>
<dc element="dc.date.published" value="1996-08-20"/>
<dc element="dc.source" value="Reuters"/>
<dc element="dc.creator.location" value="FRANKFURT"/>
<dc element="dc.creator.location.country.name" value="GERMANY"/>
<dc element="dc.source" value="Reuters"/>
</metadata>
</newsitem>
