<?xml version="1.0" encoding="iso-8859-1" ?>
<newsitem itemid="2618" id="root" date="1996-08-20" xml:lang="en">
<title>AUSTRIA: Austria Mayr-Melnhof sees brighter 1996.</title>
<headline>Austria Mayr-Melnhof sees brighter 1996.</headline>
<dateline>VIENNA 1996-08-20</dateline>
<text>
<p>Austrian cartonboard manufacturer Mayr-Melnhof Karton AG (MMK) on Tuesday reported a four percent dip in group pre-tax profit to 371 million schillings ($35.4 million) in the first six months of the year, coupled with an 18 percent slip in sales.</p>
<p>But the company said first half net profit soared 13 percent to 243 million schillings. It said it expected an overall improvement in earnings this year compared to 1995, adding it would reinstate a dividend payment for 1996.</p>
<p>&quot;Although the second half-year is normally weaker than the first, the foundations have been laid for an improvement in results for the year as a whole compared to the previous year,&quot; MMK said in a statement released ahead of its news conference.</p>
<p>The company said the improvement in first half 1996 net profit was mainly due to the positive development in its key cartonboard division.</p>
<p>Operating profit in cartonboard rose 79 percent to 340 million schillings, while cash flow increased 74 percent to 429 million schillings.</p>
<p>&quot;Waste paper prices were low and utilisation of capacities high,&quot; Mayr-Melnhof said. &quot;The development of margins was satisfactory in spite of falling sales prices.&quot;</p>
<p>The company said the decline in sales to 5.29 billion schillings from 6.49 billion schillings in the year ago period was due to deteriorating sales prices in all its three divisions -- cartonboard, folding carton and waste paper -- and from a higher degree of integration between them.</p>
<p>&quot;Intra-group sales are eliminated in the process of consolidation, thus reducing consolidated sales,&quot; it said.</p>
<p>For 1995, MMK reported a 17.8 percent rise in group pre-tax profit to 430 million schillings, but rattled investors by scrapping its dividend after a 14 schilling dividend in 1994.</p>
<p>&quot;A dividend will be paid on the financial year 1996,&quot; MMK said without elaborating further.</p>
<p>($ = 10.48 Austrian Schillings)</p>
</text>
<copyright>(c) Reuters Limited 1996</copyright>
<metadata>
<codes class="bip:countries:1.0">
  <code code="AUST">
    <editdetail attribution="Reuters BIP Coding Group" action="confirmed" date="1996-08-20"/>
  </code>
</codes>
<codes class="bip:industries:1.0">
  <code code="I47200">
    <editdetail attribution="Reuters BIP Coding Group" action="confirmed" date="1996-08-20"/>
  </code>
</codes>
<codes class="bip:topics:1.0">
  <code code="C15">
    <editdetail attribution="Reuters BIP Coding Group" action="confirmed" date="1996-08-20"/>
  </code>
  <code code="C152">
    <editdetail attribution="Reuters BIP Coding Group" action="confirmed" date="1996-08-20"/>
  </code>
  <code code="CCAT">
    <editdetail attribution="Reuters BIP Coding Group" action="confirmed" date="1996-08-20"/>
  </code>
</codes>
<dc element="dc.date.created" value="1996-08-20"/>
<dc element="dc.publisher" value="Reuters Holdings Plc"/>
<dc element="dc.date.published" value="1996-08-20"/>
<dc element="dc.source" value="Reuters"/>
<dc element="dc.creator.location" value="VIENNA"/>
<dc element="dc.creator.location.country.name" value="AUSTRIA"/>
<dc element="dc.source" value="Reuters"/>
</metadata>
</newsitem>
