<?xml version="1.0" encoding="iso-8859-1" ?>
<newsitem itemid="2623" id="root" date="1996-08-20" xml:lang="en">
<title>GREECE: Table of Greek mutual fund flows, assets.</title>
<headline>Table of Greek mutual fund flows, assets.</headline>
<dateline>ATHENS 1996-08-20</dateline>
<text>
<p>Ionian Bank reported the following daily and year-to-date changes in the volume of Greek mutual fund outstanding shares, net assets and net share prices.</p>
<p>					Aug 19/Aug 16  Aug 19/Dec 31, 95</p>
<p>						 (%)		  (%)</p>
<p>NET SHARE PRICES*______________________________________   Total market			    0.13		 7.79</p>
<p>  Fixed income mutual funds	   0.10		 8.69</p>
<p>  International funds		   0.21		 2.64</p>
<p>  Growth Funds			    0.49		-2.95</p>
<p>* Prices include distributed dividends VOLUME OF SHARES_______________________________________   Total market			    0.08		24.37</p>
<p>  Fixed income mutual funds	   0.09		28.01</p>
<p>  International funds		  -0.01	     -17.08</p>
<p>  Growth funds			   -0.02		-4.28</p>
<p>NET ASSETS_____________________________________________   Total market			    0.20		32.95</p>
<p>  Fixed income mutual funds	   0.19		37.72</p>
<p>  International funds		   0.20	     -16.25</p>
<p>  Growth funds			    0.46		-8.57</p>
<p>All calculations are based on a performance index of mutual funds whose base was set to be equal to 100 on December 31, 1991. --Dimitris Kontogiannis, Athens Newsroom +301 3311812-4</p>
</text>
<copyright>(c) Reuters Limited 1996</copyright>
<metadata>
<codes class="bip:countries:1.0">
  <code code="GREECE">
    <editdetail attribution="Reuters BIP Coding Group" action="confirmed" date="1996-08-20"/>
  </code>
</codes>
<dc element="dc.date.created" value="1996-08-20"/>
<dc element="dc.publisher" value="Reuters Holdings Plc"/>
<dc element="dc.date.published" value="1996-08-20"/>
<dc element="dc.source" value="Reuters"/>
<dc element="dc.creator.location" value="ATHENS"/>
<dc element="dc.creator.location.country.name" value="GREECE"/>
<dc element="dc.source" value="Reuters"/>
</metadata>
</newsitem>
