<?xml version="1.0" encoding="iso-8859-1" ?>
<newsitem itemid="2630" id="root" date="1996-08-20" xml:lang="en">
<title>SRI LANKA: Sri Lanka Distilleries Q1 net 19 pct up.</title>
<headline>Sri Lanka Distilleries Q1 net 19 pct up.</headline>
<dateline>COLOMBO 1996-08-20</dateline>
<text>
<p>Unaudited results of Distilleries Company of Sri Lanka Limited for the first quarter of the 1996/1997 financial year. (In millions of rupees unless stated):</p>
<p>			   Q1 1996/97	   Q1 1995/96</p>
<p>    Turnover	    1,992.63   vs	1,779.70</p>
<p>    Net profit	     74.17   vs	   62.20</p>
<p>    Tax provision	  51.66   vs	   56.97</p>
<p>NOTE - Distilleries is Sri Lanka's largest producer and seller of alcohol.</p>
<p>-- Colombo newsroom, Tel 941-434319</p>
</text>
<copyright>(c) Reuters Limited 1996</copyright>
<metadata>
<codes class="bip:countries:1.0">
  <code code="SRILAN">
    <editdetail attribution="Reuters BIP Coding Group" action="confirmed" date="1996-08-20"/>
  </code>
</codes>
<codes class="bip:industries:1.0">
  <code code="I42400">
    <editdetail attribution="Reuters BIP Coding Group" action="confirmed" date="1996-08-20"/>
  </code>
</codes>
<codes class="bip:topics:1.0">
  <code code="C15">
    <editdetail attribution="Reuters BIP Coding Group" action="confirmed" date="1996-08-20"/>
  </code>
  <code code="C151">
    <editdetail attribution="Reuters BIP Coding Group" action="confirmed" date="1996-08-20"/>
  </code>
  <code code="CCAT">
    <editdetail attribution="Reuters BIP Coding Group" action="confirmed" date="1996-08-20"/>
  </code>
</codes>
<dc element="dc.date.created" value="1996-08-20"/>
<dc element="dc.publisher" value="Reuters Holdings Plc"/>
<dc element="dc.date.published" value="1996-08-20"/>
<dc element="dc.source" value="Reuters"/>
<dc element="dc.creator.location" value="COLOMBO"/>
<dc element="dc.creator.location.country.name" value="SRI LANKA"/>
<dc element="dc.source" value="Reuters"/>
</metadata>
</newsitem>
