<?xml version="1.0" encoding="iso-8859-1" ?>
<newsitem itemid="2635" id="root" date="1996-08-20" xml:lang="en">
<title>UK: UKRAINE OIL EXPORTS TO GREECE SEEN IN 1997.</title>
<headline>UKRAINE OIL EXPORTS TO GREECE SEEN IN 1997.</headline>
<dateline>LONDON 1996-08-19</dateline>
<text>
<p>Ukraine will begin crude oil exports to Greece in early 1997 as production from a promising development in the Crimea increases nearly tenfold from current levels, one of the developers said.</p>
<p>Ronald Cormick, president of Canadian independent oil and gas company Epic Energy Inc, said production from the company's Aktash field should rise from the current 800 barrels per day to 7,000 bpd in the first quarter 1997.</p>
<p>He said the company had secured about 4 million in financing needed to undertake the drilling programme. Epic and its joint venture partner KyrmTexasNafta Ltd would drill 40-60 wells from now until early January once financing is in place.</p>
<p>&quot;If we have no weather problems, we'll get it done in January. If not, we'll be there by March,&quot; Cormick said.</p>
<p>Cormick said the Aktash partners have already been in contact with Greek refiners interested in buying the oil not sold to the local Lviv refinery. He said the oil would be sold to the Greeks through a long-term contract rather than on a spot basis.</p>
<p>&quot;I want to establish the export process as it gives you a greater control of your destiny. The gas will all be used internally but about 80 percent of the liquids will be exported,&quot; Cormick said.</p>
<p>Aktash oil has an API gravity of between 23 and 25 degrees with no paraffinic or sulphur content, Cormick said.</p>
<p>    -- Karen Matusic, London newsroom +44 171 542 6280</p>
</text>
<copyright>(c) Reuters Limited 1996</copyright>
<metadata>
<codes class="bip:countries:1.0">
  <code code="CANA">
    <editdetail attribution="Reuters BIP Coding Group" action="confirmed" date="1996-08-20"/>
  </code>
  <code code="GREECE">
    <editdetail attribution="Reuters BIP Coding Group" action="confirmed" date="1996-08-20"/>
  </code>
  <code code="UK">
    <editdetail attribution="Reuters BIP Coding Group" action="confirmed" date="1996-08-20"/>
  </code>
  <code code="UKRN">
    <editdetail attribution="Reuters BIP Coding Group" action="confirmed" date="1996-08-20"/>
  </code>
</codes>
<codes class="bip:industries:1.0">
  <code code="I13000">
    <editdetail attribution="Reuters BIP Coding Group" action="confirmed" date="1996-08-20"/>
  </code>
</codes>
<codes class="bip:topics:1.0">
  <code code="C21">
    <editdetail attribution="Reuters BIP Coding Group" action="confirmed" date="1996-08-20"/>
  </code>
  <code code="C31">
    <editdetail attribution="Reuters BIP Coding Group" action="confirmed" date="1996-08-20"/>
  </code>
  <code code="C312">
    <editdetail attribution="Reuters BIP Coding Group" action="confirmed" date="1996-08-20"/>
  </code>
  <code code="CCAT">
    <editdetail attribution="Reuters BIP Coding Group" action="confirmed" date="1996-08-20"/>
  </code>
  <code code="E51">
    <editdetail attribution="Reuters BIP Coding Group" action="confirmed" date="1996-08-20"/>
  </code>
  <code code="E512">
    <editdetail attribution="Reuters BIP Coding Group" action="confirmed" date="1996-08-20"/>
  </code>
  <code code="ECAT">
    <editdetail attribution="Reuters BIP Coding Group" action="confirmed" date="1996-08-20"/>
  </code>
</codes>
<dc element="dc.date.created" value="1996-08-19"/>
<dc element="dc.publisher" value="Reuters Holdings Plc"/>
<dc element="dc.date.published" value="1996-08-20"/>
<dc element="dc.source" value="Reuters"/>
<dc element="dc.creator.location" value="LONDON"/>
<dc element="dc.creator.location.country.name" value="UK"/>
<dc element="dc.source" value="Reuters"/>
</metadata>
</newsitem>
