<?xml version="1.0" encoding="iso-8859-1" ?>
<newsitem itemid="2637" id="root" date="1996-08-20" xml:lang="en">
<title>SOUTH AFRICA: RUGBY UNION-ALL BLACKS BEAT WESTERN TRANSVAAL.</title>
<headline>RUGBY UNION-ALL BLACKS BEAT WESTERN TRANSVAAL.</headline>
<dateline>POTCHEFSTROOM, South Africa 1996-08-20</dateline>
<text>
<p>New Zealand beat Western Transvaal 31-0 (halftime 12-0) on Tuesday.</p>
<p>Scorers -- Tries: Ofisa Tonu'u, Matthew Cooper, Eric Rush, Alama Ieremia, Carlos Spencer. Conversions: Cooper (3).</p>
</text>
<copyright>(c) Reuters Limited 1996</copyright>
<metadata>
<codes class="bip:countries:1.0">
  <code code="NZ">
    <editdetail attribution="Reuters BIP Coding Group" action="confirmed" date="1996-08-20"/>
  </code>
  <code code="SAFR">
    <editdetail attribution="Reuters BIP Coding Group" action="confirmed" date="1996-08-20"/>
  </code>
</codes>
<codes class="bip:topics:1.0">
  <code code="GCAT">
    <editdetail attribution="Reuters BIP Coding Group" action="confirmed" date="1996-08-20"/>
  </code>
  <code code="GSPO">
    <editdetail attribution="Reuters BIP Coding Group" action="confirmed" date="1996-08-20"/>
  </code>
</codes>
<dc element="dc.date.created" value="1996-08-20"/>
<dc element="dc.publisher" value="Reuters Holdings Plc"/>
<dc element="dc.date.published" value="1996-08-20"/>
<dc element="dc.source" value="Reuters"/>
<dc element="dc.creator.location" value="POTCHEFSTROOM, South Africa"/>
<dc element="dc.creator.location.country.name" value="SOUTH AFRICA"/>
<dc element="dc.source" value="Reuters"/>
</metadata>
</newsitem>
