<?xml version="1.0" encoding="iso-8859-1" ?>
<newsitem itemid="2646" id="root" date="1996-08-20" xml:lang="en">
<title>UK: SOCCER-SHEFFIELD YOUNGSTERS SHOW LEEDS THE WAY.</title>
<headline>SOCCER-SHEFFIELD YOUNGSTERS SHOW LEEDS THE WAY.</headline>
<dateline>LONDON 1996-08-20</dateline>
<text>
<p>Youngsters Richie Humphreys and Andy Booth showed Leeds United's old men the way to goal to give Sheffield Wednesday a 2-0 away win and their second straight English premier league victory of the new season on Tuesday.</p>
<p>Humphreys, 18, marked only his second start for his home town club by netting in the 2-1 win over Aston Villa on Saturday.</p>
<p>On Tuesday, at a rain-sodden Elland Road it was the teenager's sweetly-struck 14th-minute effort that gave David Pleat's side the edge in the battle for Yorkshire pride and put the Wednesday on top of the table.</p>
<p>Lee Bowyer, one of five Leeds men making their home debuts, gave the ball away to Regi Blinker and, although the Dutchman's shot was blocked, it fell perfectly for Humphreys to fire left-footed across and past Nigel Martyn.</p>
<p>Blinker created the injury-time second that allowed 23-year-old Booth to stride through and open his premier league account after his 2.65 million pounds ($4.1 million) move from Huddersfield.</p>
<p>But Leeds -- with Ian Rush and on-loan Mark Hateley comprising a 68-year-old strike pairing -- must have been wondering how they had come away with nothing.</p>
<p>Rush suffered twice on his 700th domestic appearance, and with fellow new boys Bowyer and Lee Sharpe also left holding their heads, Leeds had reason for feeling hard done by.</p>
<p>In division one, Danish international Per Frandsen's stunning goal for Bolton toppled title favourites Manchester City 1-0 at Burnden Park.</p>
</text>
<copyright>(c) Reuters Limited 1996</copyright>
<metadata>
<codes class="bip:countries:1.0">
  <code code="UK">
    <editdetail attribution="Reuters BIP Coding Group" action="confirmed" date="1996-08-20"/>
  </code>
</codes>
<codes class="bip:topics:1.0">
  <code code="GCAT">
    <editdetail attribution="Reuters BIP Coding Group" action="confirmed" date="1996-08-20"/>
  </code>
  <code code="GSPO">
    <editdetail attribution="Reuters BIP Coding Group" action="confirmed" date="1996-08-20"/>
  </code>
</codes>
<dc element="dc.date.created" value="1996-08-20"/>
<dc element="dc.publisher" value="Reuters Holdings Plc"/>
<dc element="dc.date.published" value="1996-08-20"/>
<dc element="dc.source" value="Reuters"/>
<dc element="dc.creator.location" value="LONDON"/>
<dc element="dc.creator.location.country.name" value="UK"/>
<dc element="dc.source" value="Reuters"/>
</metadata>
</newsitem>
