<?xml version="1.0" encoding="iso-8859-1" ?>
<newsitem itemid="2648" id="root" date="1996-08-20" xml:lang="en">
<title>UK: SOCCER-ENGLISH LEAGUE AND CUP RESULTS.</title>
<headline>SOCCER-ENGLISH LEAGUE AND CUP RESULTS.</headline>
<dateline>LONDON 1996-08-20</dateline>
<text>
<p>Results of English soccer matches</p>
<p>on Tuesday:</p>
<p>Premier league</p>
<p> Leeds	  0	   Sheffield Wednesday    2</p>
<p>Division one</p>
<p> Bolton	 1	   Manchester City	  0</p>
<p>Football League Cup first round, first leg:</p>
<p> Brentford	   1	Plymouth		   0</p>
<p> Cardiff	     1	Northampton		0</p>
<p> Carlisle	    1	Chester		    0</p>
<p> Colchester	  2	West Bromwich	    3</p>
<p> Darlington	  1	Rotherham		  0</p>
<p> Doncaster	   1	York			 1</p>
<p> Exeter		0	Barnet		     4</p>
<p> Hartlepool	  2	Lincoln		    2</p>
<p> Hereford	    3	Cambridge		  0</p>
<p> Huddersfield	3	Wrexham		    0</p>
<p> Hull		  2	Scarborough		2</p>
<p> Ipswich	     2	Bournemouth		1</p>
<p> Luton		 3	Bristol Rovers	   0</p>
<p> Mansfield	   0	Burnley		    3</p>
<p> Notts County	1	Bury			 1</p>
<p> Oldham		0	Grimsby		    1</p>
<p> Oxford		1	Norwich		    1</p>
<p> Port Vale	   1	Crewe			0</p>
<p> Portsmouth	  2	Leyton Orient	    0</p>
<p> Reading	     1	Wycombe		    1</p>
<p> Rochdale	    2	Barnsley		   1</p>
<p> Scunthorpe	  2	Blackpool		  1</p>
<p> Sheffield United  3	Bradford		   0</p>
<p> Southend	    0	Fulham		     2</p>
<p> Stockport	   2	Chesterfield	     1</p>
<p> Swansea	     0	Gillingham		 1</p>
<p> Swindon	     2	Wolverhampton	    0</p>
<p> Torquay	     3	Bristol City	     3</p>
<p> Walsall	     1	Watford		    0</p>
<p> Wigan		 2	Preston		    3</p>
</text>
<copyright>(c) Reuters Limited 1996</copyright>
<metadata>
<codes class="bip:countries:1.0">
  <code code="UK">
    <editdetail attribution="Reuters BIP Coding Group" action="confirmed" date="1996-08-20"/>
  </code>
</codes>
<codes class="bip:topics:1.0">
  <code code="GCAT">
    <editdetail attribution="Reuters BIP Coding Group" action="confirmed" date="1996-08-20"/>
  </code>
  <code code="GSPO">
    <editdetail attribution="Reuters BIP Coding Group" action="confirmed" date="1996-08-20"/>
  </code>
</codes>
<dc element="dc.date.created" value="1996-08-20"/>
<dc element="dc.publisher" value="Reuters Holdings Plc"/>
<dc element="dc.date.published" value="1996-08-20"/>
<dc element="dc.source" value="Reuters"/>
<dc element="dc.creator.location" value="LONDON"/>
<dc element="dc.creator.location.country.name" value="UK"/>
<dc element="dc.source" value="Reuters"/>
</metadata>
</newsitem>
