<?xml version="1.0" encoding="iso-8859-1" ?>
<newsitem itemid="2654" id="root" date="1996-08-20" xml:lang="en">
<title>UK: RUGBY UNION-TUIGAMALA RETURNS TO UNION CODE WITH WASPS.</title>
<headline>RUGBY UNION-TUIGAMALA RETURNS TO UNION CODE WITH WASPS.</headline>
<dateline>LONDON 1996-08-20</dateline>
<text>
<p>Former All Blacks centre Va'aiga Tuigamala is returning to rugby union.</p>
<p>He has signed for English division one club Wasps.</p>
<p>The powerful 26-year-old, who switched codes to join English rugby league champions Wigan in January 1994, is the latest of a number of players to combine the game's two codes.</p>
<p>He is due to join the London club next month after the rugby league season has finished and will then re-join Wigan early next year.</p>
<p>&quot;At 26, he's no old man coming to make a bit of money. He is here to play sensible and very serious rugby union,&quot; Wasps director of rugby Nigel Melville said.</p>
</text>
<copyright>(c) Reuters Limited 1996</copyright>
<metadata>
<codes class="bip:countries:1.0">
  <code code="NZ">
    <editdetail attribution="Reuters BIP Coding Group" action="confirmed" date="1996-08-20"/>
  </code>
  <code code="UK">
    <editdetail attribution="Reuters BIP Coding Group" action="confirmed" date="1996-08-20"/>
  </code>
</codes>
<codes class="bip:topics:1.0">
  <code code="GCAT">
    <editdetail attribution="Reuters BIP Coding Group" action="confirmed" date="1996-08-20"/>
  </code>
  <code code="GSPO">
    <editdetail attribution="Reuters BIP Coding Group" action="confirmed" date="1996-08-20"/>
  </code>
</codes>
<dc element="dc.date.created" value="1996-08-20"/>
<dc element="dc.publisher" value="Reuters Holdings Plc"/>
<dc element="dc.date.published" value="1996-08-20"/>
<dc element="dc.source" value="Reuters"/>
<dc element="dc.creator.location" value="LONDON"/>
<dc element="dc.creator.location.country.name" value="UK"/>
<dc element="dc.source" value="Reuters"/>
</metadata>
</newsitem>
