<?xml version="1.0" encoding="iso-8859-1" ?>
<newsitem itemid="2656" id="root" date="1996-08-20" xml:lang="en">
<title>CANADA: TENNIS-RESULTS AT CANADIAN OPEN.</title>
<headline>TENNIS-RESULTS AT CANADIAN OPEN.</headline>
<dateline>TORONTO 1996-08-19</dateline>
<text>
<p>Results from the Canadian Open</p>
<p>tennis tournament on Monday (prefix number denotes seeding):</p>
<p>First round</p>
<p>Andrea Gaudenzi (Italy) beat 10-Arnaud Boetsch (France) 3-6</p>
<p>7-5 6-2</p>
<p>11-Alberto Berasategui (Spain) beat Filip Dewulf (Belgium)</p>
<p>6-4 6-0</p>
<p>12-Francisco Clavet (Spain) beat Mauricio Hadad (Colombia)</p>
<p>6-4 6-4</p>
<p>Todd Woodbridge (Australia) beat 15-Mark Woodforde</p>
<p>(Australia) 6-3 7-5</p>
<p>Alex Corretja (Spain) beat Guy Forget (France) 6-3 3-6 6-3</p>
<p>Sebastien Lareau (Canada) beat Jocelyn Robichaud (Canada) 6-1</p>
<p>6-4</p>
<p>Patrick Rafter (Australia) beat Carlos Costa (Spain) 7-6</p>
<p>(8-6) 6-2</p>
<p>Chris Woodruff (U.S.) beat Sebastien LeBlanc (Canada) 6-4 6-3</p>
<p>Daniel Vacek (Czech Republic) beat Bernd Karbacher (Germany)</p>
<p>6-4 4-6 6-3</p>
<p>Javier Sanchez (Spain) beat Scott Draper (Australia) 7-6</p>
<p>(7-5) 7-6 (7-5)</p>
<p>Mikael Tillstrom (Sweden) beat Joern Renzenbrink (Germany)</p>
<p>6-3 1-6 6-3</p>
<p>Gregory Carraz (France) beat Mark Knowles (Bahamas) 6-4 6-0</p>
</text>
<copyright>(c) Reuters Limited 1996</copyright>
<metadata>
<codes class="bip:countries:1.0">
  <code code="CANA">
    <editdetail attribution="Reuters BIP Coding Group" action="confirmed" date="1996-08-20"/>
  </code>
</codes>
<codes class="bip:topics:1.0">
  <code code="GCAT">
    <editdetail attribution="Reuters BIP Coding Group" action="confirmed" date="1996-08-20"/>
  </code>
  <code code="GSPO">
    <editdetail attribution="Reuters BIP Coding Group" action="confirmed" date="1996-08-20"/>
  </code>
</codes>
<dc element="dc.date.created" value="1996-08-19"/>
<dc element="dc.publisher" value="Reuters Holdings Plc"/>
<dc element="dc.date.published" value="1996-08-20"/>
<dc element="dc.source" value="Reuters"/>
<dc element="dc.creator.location" value="TORONTO"/>
<dc element="dc.creator.location.country.name" value="CANADA"/>
<dc element="dc.source" value="Reuters"/>
</metadata>
</newsitem>
