<?xml version="1.0" encoding="iso-8859-1" ?>
<newsitem itemid="2657" id="root" date="1996-08-20" xml:lang="en">
<title>SOUTH AFRICA: RUGBY UNION-RUGBY MANAGERS DEFUSE CRITICISM OF SPORT'S IMAGE.</title>
<headline>RUGBY UNION-RUGBY MANAGERS DEFUSE CRITICISM OF SPORT'S IMAGE.</headline>
<dateline>CAPE TOWN 1996-08-20</dateline>
<text>
<p>South Africa's rugby managers made peace with Sports Minister Steve Tshwete on Tuesday, defusing criticism that too little was being done to bring blacks into the white-dominated game.</p>
<p>Tshwete told a news conference after meeting South African Rugby Football Union (Sarfu) chief executive Riaan Oberholzer and development director Sas Bailey that he was &quot;satisfied&quot; with the union's development programme.</p>
<p>&quot;There has been a great deal of turmoil in the last few days for the image of rugby in this country,&quot; the minister said.</p>
<p>&quot;There is a strong perception that rugby remains the exclusive reserve of white players and supporters and that SARFU is trapped in the twilight of the past and not taking rugby development seriously.&quot;</p>
<p>Tshwete publically critised Sarfu in weekend newspapers for not producing a strategic plan for developing black and mixed-race players.</p>
<p>He also slammed white fans who had waved the old South African flag during recent matches.</p>
<p>But after Tuesday's talks, he said he recognised the efforts Sarfu was making and that the Department of Sport would link up with Sarfu to form a South African rugby foundation to focus on players from disadvantaged communities.</p>
</text>
<copyright>(c) Reuters Limited 1996</copyright>
<metadata>
<codes class="bip:countries:1.0">
  <code code="SAFR">
    <editdetail attribution="Reuters BIP Coding Group" action="confirmed" date="1996-08-20"/>
  </code>
</codes>
<codes class="bip:topics:1.0">
  <code code="GCAT">
    <editdetail attribution="Reuters BIP Coding Group" action="confirmed" date="1996-08-20"/>
  </code>
  <code code="GSPO">
    <editdetail attribution="Reuters BIP Coding Group" action="confirmed" date="1996-08-20"/>
  </code>
</codes>
<dc element="dc.date.created" value="1996-08-20"/>
<dc element="dc.publisher" value="Reuters Holdings Plc"/>
<dc element="dc.date.published" value="1996-08-20"/>
<dc element="dc.source" value="Reuters"/>
<dc element="dc.creator.location" value="CAPE TOWN"/>
<dc element="dc.creator.location.country.name" value="SOUTH AFRICA"/>
<dc element="dc.source" value="Reuters"/>
</metadata>
</newsitem>
