<?xml version="1.0" encoding="iso-8859-1" ?>
<newsitem itemid="2673" id="root" date="1996-08-20" xml:lang="en">
<title>GERMANY: SOCCER-KARLSRUHE WIN INTERTOTO CUP.</title>
<headline>SOCCER-KARLSRUHE WIN INTERTOTO CUP.</headline>
<dateline>BONN 1996-08-20</dateline>
<text>
<p>Result of the second leg of UEFA's Intertoto Cup final on Tuesday:</p>
<p>Karlsruhe (Germany) 3 Standard Liege (Belgium) 1 (halftime 1-0)</p>
<p>Scorers:</p>
<p>Karlsruhe - Thomas Haessler (penalty, 37th), Manfred Bender (80th), Markus Schroth (89th)</p>
<p>Standard Liege - Axel Lawaree (61st)</p>
<p>Karlsruhe won 3-2 on aggregate to clinch a qualifying place in the UEFA Cup.  </p>
<p>In Paris:</p>
<p>    Guingamp (France)     1  Rotor Volgograd (Russia)	 0</p>
<p>Halftime 0-0</p>
<p>Scorer - Stephane Carnot 75th </p>
<p>Attendance 12,000</p>
<p>Aggregate 2-2. Guingamp win due to the away-goal rule and qualify for the UEFA Cup.</p>
<p>Three clubs qualify for the UEFA Cup from Intertoto Cup finals.  </p>
<p>In Silkeborg:</p>
<p>    Silkeborg (Denmark)  0   Segesta Sisak (Croatia) 1</p>
<p>Halftime (0-0)</p>
<p>Scorer - Fuad Sasivarevic (77th)</p>
<p>Attendance: 3,447</p>
<p>Silkeborg win on aggregate and qualify for the UEFA Cup.</p>
</text>
<copyright>(c) Reuters Limited 1996</copyright>
<metadata>
<codes class="bip:countries:1.0">
  <code code="BELG">
    <editdetail attribution="Reuters BIP Coding Group" action="confirmed" date="1996-08-20"/>
  </code>
  <code code="CRTIA">
    <editdetail attribution="Reuters BIP Coding Group" action="confirmed" date="1996-08-20"/>
  </code>
  <code code="DEN">
    <editdetail attribution="Reuters BIP Coding Group" action="confirmed" date="1996-08-20"/>
  </code>
  <code code="FRA">
    <editdetail attribution="Reuters BIP Coding Group" action="confirmed" date="1996-08-20"/>
  </code>
  <code code="GFR">
    <editdetail attribution="Reuters BIP Coding Group" action="confirmed" date="1996-08-20"/>
  </code>
  <code code="RUSS">
    <editdetail attribution="Reuters BIP Coding Group" action="confirmed" date="1996-08-20"/>
  </code>
</codes>
<codes class="bip:topics:1.0">
  <code code="GCAT">
    <editdetail attribution="Reuters BIP Coding Group" action="confirmed" date="1996-08-20"/>
  </code>
  <code code="GSPO">
    <editdetail attribution="Reuters BIP Coding Group" action="confirmed" date="1996-08-20"/>
  </code>
</codes>
<dc element="dc.date.created" value="1996-08-20"/>
<dc element="dc.publisher" value="Reuters Holdings Plc"/>
<dc element="dc.date.published" value="1996-08-20"/>
<dc element="dc.source" value="Reuters"/>
<dc element="dc.creator.location" value="BONN"/>
<dc element="dc.creator.location.country.name" value="GERMANY"/>
<dc element="dc.source" value="Reuters"/>
</metadata>
</newsitem>
