<?xml version="1.0" encoding="iso-8859-1" ?>
<newsitem itemid="2676" id="root" date="1996-08-20" xml:lang="en">
<title>FRANCE: RALLYING-MCRAE FINED $250,000 AFTER RUNNING INTO SPECTATORS.</title>
<headline>RALLYING-MCRAE FINED $250,000 AFTER RUNNING INTO SPECTATORS.</headline>
<dateline>PARIS 1996-08-20</dateline>
<text>
<p>World rally champion Colin McRae of Britain has been fined $250,000 -- $175,000 of it suspended -- after running into spectators in a service area during last month's Argentine rally.</p>
<p>International Autosport Federation (FIA) president Max Mosley said McRae would only have to pay $75,000 provided he did not repeat the offence and was free to take part in the next rally, the 1,000 Lakes in Finland this weekend.  </p>
<p>Mosley, speaking after a meeting of FIA's world council on Tuesday, said the offences, exceeding the new 50 kph limit covering rally service areas and failing to follow the correct route to a time control, would normally merit a suspension of one or two races.</p>
<p>As a result of McRae's actions, five fans were slightly injured.</p>
<p>In deciding against suspending the Scot, Mosley said they had taken into account difficult circumstances he faced.</p>
<p>McRae, 28, said: &quot;I am obviously relieved that this unfortunate incident has now been resolved.&quot;</p>
</text>
<copyright>(c) Reuters Limited 1996</copyright>
<metadata>
<codes class="bip:countries:1.0">
  <code code="FRA">
    <editdetail attribution="Reuters BIP Coding Group" action="confirmed" date="1996-08-20"/>
  </code>
  <code code="UK">
    <editdetail attribution="Reuters BIP Coding Group" action="confirmed" date="1996-08-20"/>
  </code>
</codes>
<codes class="bip:topics:1.0">
  <code code="GCAT">
    <editdetail attribution="Reuters BIP Coding Group" action="confirmed" date="1996-08-20"/>
  </code>
  <code code="GSPO">
    <editdetail attribution="Reuters BIP Coding Group" action="confirmed" date="1996-08-20"/>
  </code>
</codes>
<dc element="dc.date.created" value="1996-08-20"/>
<dc element="dc.publisher" value="Reuters Holdings Plc"/>
<dc element="dc.date.published" value="1996-08-20"/>
<dc element="dc.source" value="Reuters"/>
<dc element="dc.creator.location" value="PARIS"/>
<dc element="dc.creator.location.country.name" value="FRANCE"/>
<dc element="dc.source" value="Reuters"/>
</metadata>
</newsitem>
