<?xml version="1.0" encoding="iso-8859-1" ?>
<newsitem itemid="2679" id="root" date="1996-08-20" xml:lang="en">
<title>SLOVAKIA: INDICATORS - SLOVAKIA - UPDATED AUG 16.</title>
<headline>INDICATORS - SLOVAKIA - UPDATED AUG 16.</headline>
<text>
<p>INDICATORS - quarterly    Quarter   12-mo  Pvs qtr  Yr ago</p>
<p>GROSS DOMESTIC PRODUCT  Q1</p>
<p> real change yr/yr (pct)	+7.3    +7.4    +8.5    +5.7</p>
<p> absolute amount (skk bln)     n/a   416.7   108.5    95.2</p>
<p> household demand (pct change) n/a    +3.4   +15.1    +9.6</p>
<p> gross creation/fixed capital  n/a    +5.8   +19.4   -12.2</p>
<p> exports of goods and services1Q+2.8 +18.5   +18.5   +25.8</p>
<p> imports of goods and services +29.4 +19.1   +19.1   +17.4</p>
<p> BALANCE OF PAYMENTS     Q1</p>
<p> current account ($ mln)    -419.6  +648.8  +220    +166.9</p>
<p> capital account ($ mln)    +346.9  +993.9     n/a  -110.9</p>
<p> REAL WAGES INDEX (pct)  Q1   +5.6    +4.4    +7.6    +2.3</p>
<p> INDICATORS - monthly	  Month    Pvs Month     Yr ago</p>
<p> CONSUMER INFLATION     July</p>
<p>  pct change mo/mo		   0.3	  0.2	  1.0</p>
<p>  pct change yr/yr		   5.5	  6.2	 10.8</p>
<p>Foodstuffs</p>
<p>  pct change month/month     0.6	  -0.9	   1.2</p>
<p>  pct change year/year	 4.7	   5.2	  13.1</p>
<p>Non-food items</p>
<p>  pct change month/month     0.1	   0.7	   0.3</p>
<p>  pct change year/year	 6.5	   6.8	   8.7</p>
<p>Public catering</p>
<p>  pct change month/month     0.3	   0.6	   1.2</p>
<p>  pct change year/year	 5.6	   6.6	  13.6</p>
<p>Services</p>
<p>  pct change month/month     0.2	   0.2	   2.7</p>
<p>  pct change year/year	 3.7	   6.2	  11.5</p>
<p>  pct change month/month     0.2	   0.5	   0.1</p>
<p>  pct change year/year	 6.2	   6.1	  10.6</p>
<p>PRODUCER PRICES</p>
<p>Industrial</p>
<p> pct change month/month June  -0.3	+1.0	  +0.3</p>
<p> pct change year/year	   +3.9	+4.4	 +12.6</p>
<p>Construction prices</p>
<p> pct change month/month	 +0.2   +0.2 (+0.3)    +0.0</p>
<p> pct change year/year	  +15.5  +15.3 (+16.0)  +10.7</p>
<p>Agricultural prices</p>
<p> pct change month/month	  n/a	  n/a	  n/a</p>
<p> pct change year/year	   +1.8	 +2.0	+11.9</p>
<p> INDUSTRIAL OUTPUT	June</p>
<p>  pct change yr/yr		-1.8	  0.0	 +7.9</p>
<p>Construction Output</p>
<p>  pct change yr/yr		+5.1	 +2.5	 +5.0</p>
<p>RETAIL SALES</p>
<p> real pct change yr/yr  June  -3.4	 -2.5	 +2.2</p>
<p>AVERAGE INDUST WAGES</p>
<p> real pct change yr/yr  June   n/a	 +8.0	  n/a</p>
<p>AVERAGE INDUST WAGES</p>
<p> nominal pct chg yr/yr	  +14.3     +12.7	+11.1</p>
<p>UNEMPLOYMENT</p>
<p> pct of workforce	June    12.1	11.9	 13.3</p>
<p> SLOVAK FOREIGN TRADE    H1 1996   Jan-May 1996    H1 1995</p>
<p>  exports (SKK bln)	127.587     105.03	  124.978</p>
<p>  imports		    154.562     130.70	  125.030</p>
<p>  balance		    -26.975     -25.67	   -0.052</p>
<p> HARD CURRENCY RESERVES	Aug 14     July 31    Aug '95</p>
<p>  NBS reserves (in $bln)     3.712	3.504	2.708</p>
<p>  Commercial banks	     1.223	1.287	1.588</p>
<p>  Entire banking sector	4.935	4.791	4.296</p>
<p> SLOVAK CURRENT ACCOUNT   JAN-MAY '96  JAN-APR '96  JAN-MAY '95</p>
<p> overall			  -708.9	  -603.9	 +363.6</p>
<p> trade balance		  -848.4	  -713.6	  +27.4</p>
<p> balance of services	   +60.0	   +58.6	 +320.2</p>
<p> income balance		  +36.4	   +19.0	   +7.9</p>
<p> current transfers	     +43.0	   +32.1	   +8.2</p>
<p>SLOVAK CAPITAL ACCOUNT</p>
<p>Total capital and</p>
<p>  financial account balance   +513.9	+436.4     -144.4</p>
<p> capital transfers		 +30.0	 +30.2	+23.4</p>
<p>direct investment balance</p>
<p>  inv. in Slovak Republic	+33.0	 +33.5	+35.6</p>
<p>  Slovak investment abroad	-1.5	  +1.6	 -4.9</p>
<p>portfolio investment balance</p>
<p>  inv. in Slovak Republic	 +9.6	  +9.6	-34.2</p>
<p>  Slovak investment abroad     +60.8	 +48.2	+58.3</p>
<p>other long-term financial</p>
<p>  account			   +254.5	+151.6     +137.7</p>
<p> short-term financial acct    +127.4	+161.7     -101.7</p>
<p>  banking assets		  +251.0	+244.6	 n/a</p>
<p> clearing balance		    n/a	   n/a     -727.0</p>
<p>payments for overfl. of marg.</p>
<p>  credit				 n/a	   n/a     +468.4</p>
<p>Note. All figures are in millions of U.S. dollars. Figures</p>
<p>for the clearing balance and payment for overflow of marginal</p>
<p>credit are no longer calculated by the NBS. The central bank</p>
<p>used the following exchange rates in calculating the figures:</p>
<p>Jan-May '96 (USD=30.261 SKK), Jan-April '96 (USD=30.091 SKK),</p>
<p>Jan-May '95 (USD=29.909 SKK).</p>
<p> SLOVAK MONEY SUPPLY   JUNE 1996   MAY 1996    JUNE 1995</p>
<p>M2 overall</p>
<p> pct change yr/yr	 +21.5	 +22.8	   n/a</p>
<p>pct change vs Jan 1</p>
<p>  of current year	  +2.9	  +2.4	   +3.1</p>
<p> STATE BUDGET	     Jan-June    Jan-May    1996 plan</p>
<p>  Revenues (SKK bln)     79.525	68.460     162.425</p>
<p>  Expenditure		85.654	71.878     189.425</p>
<p>  Balance		    -6.129	-3.418     -27.000</p>
<p> KEY INTEREST RATES	     DISCOUNT		LOMBARD</p>
<p> rate				   8.80		   15.00</p>
<p> last changed		  Jan 12, 1996	 July 17, 1996</p>
<p> former rate			  9.75		   13.00</p>
<p>-- Bratislava Newsroom, 42-7-210-3687</p>
</text>
<copyright>(c) Reuters Limited 1996</copyright>
<metadata>
<codes class="bip:countries:1.0">
  <code code="SLVAK">
    <editdetail attribution="Reuters BIP Coding Group" action="confirmed" date="1996-08-20"/>
  </code>
</codes>
<codes class="bip:topics:1.0">
  <code code="E71">
    <editdetail attribution="Reuters BIP Coding Group" action="confirmed" date="1996-08-20"/>
  </code>
  <code code="ECAT">
    <editdetail attribution="Reuters BIP Coding Group" action="confirmed" date="1996-08-20"/>
  </code>
</codes>
<dc element="dc.publisher" value="Reuters Holdings Plc"/>
<dc element="dc.date.published" value="1996-08-20"/>
<dc element="dc.source" value="Reuters"/>
<dc element="dc.creator.location.country.name" value="SLOVAKIA"/>
<dc element="dc.source" value="Reuters"/>
</metadata>
</newsitem>
