<?xml version="1.0" encoding="iso-8859-1" ?>
<newsitem itemid="2684" id="root" date="1996-08-20" xml:lang="en">
<title>BULGARIA: BULGARIA OFFERS 2.2 BLN LVS DISCOUNT T-BILLS AUG21.</title>
<headline>BULGARIA OFFERS 2.2 BLN LVS DISCOUNT T-BILLS AUG21.</headline>
<dateline>SOFIA 1996-08-20</dateline>
<text>
<p>Bulgaria's Finance Ministry will</p>
<p>offer a special issue of 2.2 billion levs worth of 34-day</p>
<p>discount T-bills at an auction on Wednesday, the Bulgarian</p>
<p>National Bank (BNB) said.</p>
<p>Settlement for the auction would be made on Thursday,</p>
<p>August 22, at the average accepted price.</p>
<p>Details of the issue follow:</p>
<p> Issue number	BG 3015996005</p>
<p> Par value	   2.2 billion levs</p>
<p> Auction date	August 21, 1996</p>
<p> Issue date	  August 22, 1996</p>
<p> Maturity date     September 25, 1996</p>
<p>-- Sofia Newsroom, (++359-2) 981 8569</p>
</text>
<copyright>(c) Reuters Limited 1996</copyright>
<metadata>
<codes class="bip:countries:1.0">
  <code code="BUL">
    <editdetail attribution="Reuters BIP Coding Group" action="confirmed" date="1996-08-20"/>
  </code>
</codes>
<codes class="bip:topics:1.0">
  <code code="M13">
    <editdetail attribution="Reuters BIP Coding Group" action="confirmed" date="1996-08-20"/>
  </code>
  <code code="M131">
    <editdetail attribution="Reuters BIP Coding Group" action="confirmed" date="1996-08-20"/>
  </code>
  <code code="MCAT">
    <editdetail attribution="Reuters BIP Coding Group" action="confirmed" date="1996-08-20"/>
  </code>
</codes>
<dc element="dc.date.created" value="1996-08-20"/>
<dc element="dc.publisher" value="Reuters Holdings Plc"/>
<dc element="dc.date.published" value="1996-08-20"/>
<dc element="dc.source" value="Reuters"/>
<dc element="dc.creator.location" value="SOFIA"/>
<dc element="dc.creator.location.country.name" value="BULGARIA"/>
<dc element="dc.source" value="Reuters"/>
</metadata>
</newsitem>
