<?xml version="1.0" encoding="iso-8859-1" ?>
<newsitem itemid="2686" id="root" date="1996-08-20" xml:lang="en">
<title>POLAND: ROSATI HAS NO PLANS NOW TO BE FINANCE MINISTER.</title>
<headline>ROSATI HAS NO PLANS NOW TO BE FINANCE MINISTER.</headline>
<dateline>WARSAW 1996-08-20</dateline>
<text>
<p>Polish Foreign Minister Dariusz Rosati said on Tuesday he did not plan to head the finance ministry in the ruling coalition's reshuffled cabinet.</p>
<p>&quot;I am not moving to the finance ministry,&quot; PAP news agency quoted Rosati as saying.</p>
<p>Several newspapers earlier quoted unidentified coalition sources as saying Rosati might replace Finance Minister Grzegorz Kolodko, whom the Democratic Left Alliance and the Polish Peasant Party allegedly plan to oust from the cabinet.</p>
<p>The two parties are scheduled to meet on Wednesday to begin talks on a gradual cabinet reshuffle which will accompany a reorganisation of ministries, due to start in October.</p>
<p>Rosati was a candidate for finance minister in 1994, but the then President Lech Walesa blocked his appointment.</p>
<p>-- Warsaw Newsroom +48 22 653 9700</p>
</text>
<copyright>(c) Reuters Limited 1996</copyright>
<metadata>
<codes class="bip:countries:1.0">
  <code code="POL">
    <editdetail attribution="Reuters BIP Coding Group" action="confirmed" date="1996-08-20"/>
  </code>
</codes>
<codes class="bip:topics:1.0">
  <code code="GCAT">
    <editdetail attribution="Reuters BIP Coding Group" action="confirmed" date="1996-08-20"/>
  </code>
  <code code="GPOL">
    <editdetail attribution="Reuters BIP Coding Group" action="confirmed" date="1996-08-20"/>
  </code>
</codes>
<dc element="dc.date.created" value="1996-08-20"/>
<dc element="dc.publisher" value="Reuters Holdings Plc"/>
<dc element="dc.date.published" value="1996-08-20"/>
<dc element="dc.source" value="Reuters"/>
<dc element="dc.creator.location" value="WARSAW"/>
<dc element="dc.creator.location.country.name" value="POLAND"/>
<dc element="dc.source" value="Reuters"/>
</metadata>
</newsitem>
