<?xml version="1.0" encoding="iso-8859-1" ?>
<newsitem itemid="2688" id="root" date="1996-08-20" xml:lang="en">
<title>POLAND: MOSTOSTAL-E GROUP NET RISES IN JULY.</title>
<headline>MOSTOSTAL-E GROUP NET RISES IN JULY.</headline>
<dateline>WARSAW 1996-08-20</dateline>
<text>
<p>Preliminary results July</p>
<p>(in million zlotys unless stated)</p>
<p>JULY</p>
<p> Group net profit	     4.46 vs   1.43</p>
<p> Group pre-tax profit	 5.28 vs   1.82</p>
<p> Group operating profit     2.86 vs     na</p>
<p> Group sales		   48.57 vs  24.79</p>
<p>JANUARY-JULY</p>
<p> Group net profit	    25.28 vs  12.60</p>
<p> Group pre-tax profit	28.42 vs  14.98</p>
<p> Group operating profit    12.23 vs     na</p>
<p> Group sales		  252.66 vs 159.06</p>
<p>Note. Full name of the Polish construction and trading company</p>
<p>is Mostostal Export SA.</p>
<p>-- Warsaw Newsroom +48 22 653 9700</p>
</text>
<copyright>(c) Reuters Limited 1996</copyright>
<metadata>
<codes class="bip:countries:1.0">
  <code code="POL">
    <editdetail attribution="Reuters BIP Coding Group" action="confirmed" date="1996-08-20"/>
  </code>
</codes>
<codes class="bip:industries:1.0">
  <code code="I50100">
    <editdetail attribution="Reuters BIP Coding Group" action="confirmed" date="1996-08-20"/>
  </code>
</codes>
<codes class="bip:topics:1.0">
  <code code="C15">
    <editdetail attribution="Reuters BIP Coding Group" action="confirmed" date="1996-08-20"/>
  </code>
  <code code="C151">
    <editdetail attribution="Reuters BIP Coding Group" action="confirmed" date="1996-08-20"/>
  </code>
  <code code="CCAT">
    <editdetail attribution="Reuters BIP Coding Group" action="confirmed" date="1996-08-20"/>
  </code>
</codes>
<dc element="dc.date.created" value="1996-08-20"/>
<dc element="dc.publisher" value="Reuters Holdings Plc"/>
<dc element="dc.date.published" value="1996-08-20"/>
<dc element="dc.source" value="Reuters"/>
<dc element="dc.creator.location" value="WARSAW"/>
<dc element="dc.creator.location.country.name" value="POLAND"/>
<dc element="dc.source" value="Reuters"/>
</metadata>
</newsitem>
