<?xml version="1.0" encoding="iso-8859-1" ?>
<newsitem itemid="2689" id="root" date="1996-08-20" xml:lang="en">
<title>POLAND: MOSTOSTAL-W JULY NET RISES TO PLN 0.4 MLN.</title>
<headline>MOSTOSTAL-W JULY NET RISES TO PLN 0.4 MLN.</headline>
<dateline>WARSAW 1996-08-20</dateline>
<text>
<p>Preliminary results July</p>
<p>(in million zlotys unless stated)</p>
<p>JULY</p>
<p> Net profit	     0.42 vs   0.25</p>
<p> Pre-tax profit	 0.62 vs   0.41</p>
<p> Operating profit     0.56 vs   0.41</p>
<p> Sales		    6.10 vs   7.21</p>
<p>JANUARY-JULY</p>
<p> Net profit	     2.42 vs   1.27</p>
<p> Pre-tax profit	 3.55 vs   1.99</p>
<p> Operating profit     3.06 vs   1.60</p>
<p> Sales		   47.04 vs  36.48</p>
<p>Note. Full name of the Polish construction company is</p>
<p>Mostostal Warszawa SA.</p>
<p>-- Warsaw Newsroom +48 22 653 9700</p>
</text>
<copyright>(c) Reuters Limited 1996</copyright>
<metadata>
<codes class="bip:countries:1.0">
  <code code="POL">
    <editdetail attribution="Reuters BIP Coding Group" action="confirmed" date="1996-08-20"/>
  </code>
</codes>
<codes class="bip:industries:1.0">
  <code code="I50200">
    <editdetail attribution="Reuters BIP Coding Group" action="confirmed" date="1996-08-20"/>
  </code>
</codes>
<codes class="bip:topics:1.0">
  <code code="C15">
    <editdetail attribution="Reuters BIP Coding Group" action="confirmed" date="1996-08-20"/>
  </code>
  <code code="C151">
    <editdetail attribution="Reuters BIP Coding Group" action="confirmed" date="1996-08-20"/>
  </code>
  <code code="CCAT">
    <editdetail attribution="Reuters BIP Coding Group" action="confirmed" date="1996-08-20"/>
  </code>
</codes>
<dc element="dc.date.created" value="1996-08-20"/>
<dc element="dc.publisher" value="Reuters Holdings Plc"/>
<dc element="dc.date.published" value="1996-08-20"/>
<dc element="dc.source" value="Reuters"/>
<dc element="dc.creator.location" value="WARSAW"/>
<dc element="dc.creator.location.country.name" value="POLAND"/>
<dc element="dc.source" value="Reuters"/>
</metadata>
</newsitem>
