<?xml version="1.0" encoding="iso-8859-1" ?>
<newsitem itemid="2699" id="root" date="1996-08-20" xml:lang="en">
<title>FINLAND: FINNISH BONDS INCH UP AT CLOSE, MARKKA EDGES LOWER.</title>
<headline>FINNISH BONDS INCH UP AT CLOSE, MARKKA EDGES LOWER.</headline>
<dateline>HELSINKI 1996-08-20</dateline>
<text>
<p>1605/1305 GMT - Bonds closed higher in quiet trade with the</p>
<p>market eyeing U.S. and German central bank meetings for</p>
<p>direction. *Markka closed weaker but strong sentiment prevailed,</p>
<p>forex dealers said. *FRA rates closed flat.</p>
<p>---------------------- 1605 vs 1605 Monday --------------------</p>
<p> *FIM-06 yld pct 7.22 vs 7.24     *06 gap over Bund bps 97 vs 99</p>
<p> *FIM-04 yld pct 6.87 vs 6.89     *FIM-99 yld pct 4.76 vs 4.79</p>
<p> *Sept FRAs pct 3.63 vs 3.62	*June FRAs pct 4.43 vs 4.43</p>
<p>---------------------------------------------------------------</p>
<p> *DEM/FIM 3.0065 vs 3.0005	  *USD/FIM 4.4785 vs 4.4669</p>
<p> *SEK/FIM 0.6774 vs 0.6734	  *ECU index 103.04 vs 102.71</p>
<p>Finnish bond and forex markets were calm on Tuesday ahead of key central bank meetings in the U.S. and Germany this week, dealer said.</p>
<p>U.S. FOMC meeting today was seen unlikely to lift interest rates and focus shifted to Bundesbank meeting due on Thursday.</p>
<p>Views on whether Buba would cut the rate and on Finnish reactions to its decisions varied.</p>
<p>&quot;If (Bundesbank) will not cut the rate, the financial markets will be disappointed,&quot; one dealer said.</p>
<p>&quot;The Bank of Finland is likely to cut the tender rate within one week, despite of what Buba does,&quot; one forex dealer said.  </p>
<p>Operators expected any Bank of Finland easing to be small and undramatic and on the forex market, recent industry calls for a markka link to the ERM were seen more of a cap on the markka upside than central bank action.</p>
<p>The markka closed slightly weaker vs the mark and the dollar but sentiment remained strong in the near term.</p>
<p>&quot;The markka is likely to start testing the magic 3.0 mark level again,&quot; one forex dealer said.</p>
<p>-- Paivi Mattila, Helsinki Newsroom +358 - 0 - 680 50 292</p>
</text>
<copyright>(c) Reuters Limited 1996</copyright>
<metadata>
<codes class="bip:countries:1.0">
  <code code="FIN">
    <editdetail attribution="Reuters BIP Coding Group" action="confirmed" date="1996-08-20"/>
  </code>
</codes>
<codes class="bip:topics:1.0">
  <code code="M12">
    <editdetail attribution="Reuters BIP Coding Group" action="confirmed" date="1996-08-20"/>
  </code>
  <code code="MCAT">
    <editdetail attribution="Reuters BIP Coding Group" action="confirmed" date="1996-08-20"/>
  </code>
</codes>
<dc element="dc.date.created" value="1996-08-20"/>
<dc element="dc.publisher" value="Reuters Holdings Plc"/>
<dc element="dc.date.published" value="1996-08-20"/>
<dc element="dc.source" value="Reuters"/>
<dc element="dc.creator.location" value="HELSINKI"/>
<dc element="dc.creator.location.country.name" value="FINLAND"/>
<dc element="dc.source" value="Reuters"/>
</metadata>
</newsitem>
