<?xml version="1.0" encoding="iso-8859-1" ?>
<newsitem itemid="2701" id="root" date="1996-08-20" xml:lang="en">
<title>FINLAND: FINNISH ECONOMIC INDICATORS.</title>
<headline>FINNISH ECONOMIC INDICATORS.</headline>
<text>
<p>NEXT SCHEDULED UPDATE:</p>
<p>-- August 29, July unemployment (SF/0700)</p>
<p>LATEST ECONOMIC INDICATORS:</p>
<p>    BoF tender rate    3.50 pct (fell from 3.60 pct on July 5)</p>
<p>			    MONTH/MONTH CHANGE	YEAR/YEAR CHANGE</p>
<p> CPI		    July -0.1% (June +0.0%)   +0.5% (June +0.4%)</p>
<p> EU-harmonised CPI  July -0.2% (June +0.0%)   +1.1% (June +1.2%)</p>
<p>Bk Finland core</p>
<p>    inflation	 June (mth/mth N/A)	   +0.1% (May +0.2%)</p>
<p> PPI		    July -0.6% (June -0.5%)   -0.7% (June +/-0%)</p>
<p> Export prices	July -1.4% (June -0.4%)   -0.3% (June +1.9%)</p>
<p> Import prices	July +0.1% (June -0.1%)   +2.2% (June +1.5%)</p>
<p> Wholesale prices   July +0.4% (June -0.4%)   +0.5% (June +/-0%)</p>
<p> Wholesale volume				May  +1.7% (Apr +9.9%)</p>
<p> Retail sales volume			   May  +4.0% (Apr +4.1%)</p>
<p> Construction costs July +0.2% (June +0.2%)   -1.0% (June -1.2%)</p>
<p> Industrial output  June (mth/mth N/A)	  +4.4% (May +2.9%)</p>
<p> GDP		    May +0.3% (Apr +0.2%)     +2.4% (Apr +1.0%)</p>
<p>			  Q1/96: +1.0%   Q4/95: +1.9%   Q3/95: +2.9%</p>
<p>			  1995: +4.1%    1994: +4.4%    1993: -1.2%</p>
<p>Unemployment rate  June 16.6% (May 16.6%) Statistics Finland</p>
<p>			  July 18.4% (June 18.0%) Labour Ministry</p>
<p>Trade balance (mk) Mar +3.43 bln (NCB) (Feb +3.65 bln)</p>
<p>			  1995 +48.3 bln   1994 +33.6</p>
<p>			  June +7.8 bln (Bank of Finland estimate)</p>
<p>			  (May +4.6 bln)</p>
<p> C/A balance (mk)   June +5.2 bln (Bank of Finland estimate)</p>
<p>			  (May +2.6 bln)</p>
<p>			  1995 +25.6 bln   1994 +6.6 bln</p>
<p>RECENT FORECASTS FOR THE FINNISH ECONOMY 1996-1997</p>
<p>(yr/yr changes in pct unless stated):</p>
<p>    1996:	F.Min   ETLA   PTT    PT  Merita  OKO  PSP  Aktia</p>
<p> GDP		+3.0   +2.5    +2    +2     +2  +2.5  +2.3  +2.5</p>
<p> Exports	  +3.3     +4    +1    +2     +2    +4  -0.4    +2</p>
<p> Imports	  +7.4     +6    +5    +4     +4  +6.5  +3.8    +6</p>
<p> Cons/priv	+3.5     +3  +2.5  +2.5   +2.5    +4  +3.8    +3</p>
<p> Investment    +12.7     +9    +9    +7     +5    +9  +5.2    +9</p>
<p> C/A (bln mk)  +18.5    +22    +9 +13.7    +21   +12 +18.9    +6</p>
<p> CPI		+1.0     +1    +1    +1   +0.8    +1  +1.0  +1.5</p>
<p> Jobless	  16.3   16.5    17  16.3   16.5  16.5  16.5    17</p>
<p>    1997:	F.Min   ETLA   PTT    PT  Merita  OKO  PSP  Aktia</p>
<p> GDP		+3.8   +2.5  +2.5  +2.5   +3.5  +2.5  +2.6  +3.5</p>
<p> Exports	  +5.4     +3    +5    +4     +5    +4  +3.8    +5</p>
<p> Imports	  +6.5     +5  +4.5    +4     +6  +6.5  +2.6    +5</p>
<p> Cons/priv	+3.4   +2.5  +2.5  +2.5     +3    +4  +1.9    +3</p>
<p> Investment    +11.0   +7.5    +3  +3.5     +8    +9  +2.6    +7</p>
<p> C/A (bln mk)    +21    +18  +9.5 +12.8    +20   +12 +24.7  +/-0</p>
<p> CPI		+1.5     +2  +1.5  +1.5   +1.5    +1  +1.8  +2.0</p>
<p> Jobless	  15.4     16  16.5  15.9   15.5  16.5  15.9  16.5</p>
<p>F.Min = Finance Ministry (May 24)</p>
<p>ETLA = Research Institute of the Finnish Economy (June 5)</p>
<p>PTT = Pellervo Economic Research Institute (April 19)</p>
<p>PT = Labour Institute for Economic Research (May 6)</p>
<p>Merita = Merita Bank Economic Research (August 15)</p>
<p>OKO = OKOBANK Economic Research (April 2)</p>
<p>PSP = Postipankki (May 24)</p>
<p>Aktia = Aktia Bank (March 5)</p>
<p>-- Helsinki Newsroom  +358-0-680 50 245</p>
</text>
<copyright>(c) Reuters Limited 1996</copyright>
<metadata>
<codes class="bip:countries:1.0">
  <code code="FIN">
    <editdetail attribution="Reuters BIP Coding Group" action="confirmed" date="1996-08-20"/>
  </code>
</codes>
<codes class="bip:topics:1.0">
  <code code="E71">
    <editdetail attribution="Reuters BIP Coding Group" action="confirmed" date="1996-08-20"/>
  </code>
  <code code="ECAT">
    <editdetail attribution="Reuters BIP Coding Group" action="confirmed" date="1996-08-20"/>
  </code>
</codes>
<dc element="dc.publisher" value="Reuters Holdings Plc"/>
<dc element="dc.date.published" value="1996-08-20"/>
<dc element="dc.source" value="Reuters"/>
<dc element="dc.creator.location.country.name" value="FINLAND"/>
<dc element="dc.source" value="Reuters"/>
</metadata>
</newsitem>
