<?xml version="1.0" encoding="iso-8859-1" ?>
<newsitem itemid="2703" id="root" date="1996-08-20" xml:lang="en">
<title>NETHERLANDS: AHREND FIRST-HALF NET UP 14 PERCENT.</title>
<headline>AHREND FIRST-HALF NET UP 14 PERCENT.</headline>
<dateline>AMSTERDAM 1996-08-20</dateline>
<text>
<p>Six months to June 30, 1996</p>
<p>(in millions of guilders unless otherwise stated)</p>
<p>    Net per shr (guilders)	     3.15 vs   2.81</p>
<p>    Net profit			    24.1  vs  21.1</p>
<p>    Turnover			     370.3  vs 348.4</p>
<p>    Operating profit		    36.9  vs  30.8</p>
<p>    Interest charges		     1.0  vs   0.7</p>
<p>    Tax				     11.8  vs   9.0</p>
<p>NOTE - Office equipment group Ahrend NV said in March it</p>
<p>expected to post a further profit rise in 1996.</p>
<p>-- Amsterdam newsroom +31 20 504 5000, Fax +31 20 504 5040</p>
</text>
<copyright>(c) Reuters Limited 1996</copyright>
<metadata>
<codes class="bip:countries:1.0">
  <code code="NETH">
    <editdetail attribution="Reuters BIP Coding Group" action="confirmed" date="1996-08-20"/>
  </code>
</codes>
<codes class="bip:industries:1.0">
  <code code="I33010">
    <editdetail attribution="Reuters BIP Coding Group" action="confirmed" date="1996-08-20"/>
  </code>
</codes>
<codes class="bip:topics:1.0">
  <code code="C15">
    <editdetail attribution="Reuters BIP Coding Group" action="confirmed" date="1996-08-20"/>
  </code>
  <code code="C151">
    <editdetail attribution="Reuters BIP Coding Group" action="confirmed" date="1996-08-20"/>
  </code>
  <code code="CCAT">
    <editdetail attribution="Reuters BIP Coding Group" action="confirmed" date="1996-08-20"/>
  </code>
</codes>
<dc element="dc.date.created" value="1996-08-20"/>
<dc element="dc.publisher" value="Reuters Holdings Plc"/>
<dc element="dc.date.published" value="1996-08-20"/>
<dc element="dc.source" value="Reuters"/>
<dc element="dc.creator.location" value="AMSTERDAM"/>
<dc element="dc.creator.location.country.name" value="NETHERLANDS"/>
<dc element="dc.source" value="Reuters"/>
</metadata>
</newsitem>
