<?xml version="1.0" encoding="iso-8859-1" ?>
<newsitem itemid="2708" id="root" date="1996-08-20" xml:lang="en">
<title>FINLAND: FINNS EARNING FIM 15-18,000/MTH WIN MOST '97 - SAK.</title>
<headline>FINNS EARNING FIM 15-18,000/MTH WIN MOST '97 - SAK.</headline>
<dateline>HELSINKI 1996-08-20</dateline>
<text>
<p>Finnish wage earners with gross</p>
<p>salaries between 15,000 and 18,000 markka per month are the</p>
<p>biggest winners if income tax cuts proposed in the government's</p>
<p>1997 budget take effect, a big trade union said on Tuesday.</p>
<p>In the 15-18,000 markka/month gross income bracket, after</p>
<p>tax earnings would increase 3.5 percent in 1997 compared to</p>
<p>1996, the Central Organisation of Finnish Trade Unions (SAK)</p>
<p>said in a statement.</p>
<p>In a table, SAK gave the following figures for 1997:</p>
<p> Gross monthly salary	After tax earnings change</p>
<p>	 (FIM)				 (pct)</p>
<p>	 4,000				 +2.9</p>
<p>	 6,000				 +2.3</p>
<p>	 8,000				 +2.6</p>
<p>	10,000				 +3.2</p>
<p>	12,000				 +3.2</p>
<p>	15,000				 +3.5</p>
<p>	18,000				 +3.5</p>
<p>	20,000				 +3.4</p>
<p>The table stopped at 20,000 markka per month.</p>
<p>--Helsinki Newsroom  +358 - 0 - 680 50 245</p>
</text>
<copyright>(c) Reuters Limited 1996</copyright>
<metadata>
<codes class="bip:countries:1.0">
  <code code="FIN">
    <editdetail attribution="Reuters BIP Coding Group" action="confirmed" date="1996-08-20"/>
  </code>
</codes>
<codes class="bip:topics:1.0">
  <code code="C42">
    <editdetail attribution="Reuters BIP Coding Group" action="confirmed" date="1996-08-20"/>
  </code>
  <code code="CCAT">
    <editdetail attribution="Reuters BIP Coding Group" action="confirmed" date="1996-08-20"/>
  </code>
  <code code="E21">
    <editdetail attribution="Reuters BIP Coding Group" action="confirmed" date="1996-08-20"/>
  </code>
  <code code="E211">
    <editdetail attribution="Reuters BIP Coding Group" action="confirmed" date="1996-08-20"/>
  </code>
  <code code="E41">
    <editdetail attribution="Reuters BIP Coding Group" action="confirmed" date="1996-08-20"/>
  </code>
  <code code="ECAT">
    <editdetail attribution="Reuters BIP Coding Group" action="confirmed" date="1996-08-20"/>
  </code>
  <code code="GCAT">
    <editdetail attribution="Reuters BIP Coding Group" action="confirmed" date="1996-08-20"/>
  </code>
  <code code="GJOB">
    <editdetail attribution="Reuters BIP Coding Group" action="confirmed" date="1996-08-20"/>
  </code>
</codes>
<dc element="dc.date.created" value="1996-08-20"/>
<dc element="dc.publisher" value="Reuters Holdings Plc"/>
<dc element="dc.date.published" value="1996-08-20"/>
<dc element="dc.source" value="Reuters"/>
<dc element="dc.creator.location" value="HELSINKI"/>
<dc element="dc.creator.location.country.name" value="FINLAND"/>
<dc element="dc.source" value="Reuters"/>
</metadata>
</newsitem>
