<?xml version="1.0" encoding="iso-8859-1" ?>
<newsitem itemid="2709" id="root" date="1996-08-20" xml:lang="en">
<title>GREECE: TABLE OF GREEK CENTRAL BANK FIXING RATES, AUG 20.</title>
<headline>TABLE OF GREEK CENTRAL BANK FIXING RATES, AUG 20.</headline>
<dateline>ATHENS 1996-08-20</dateline>
<text>
<p>The Bank of Greece's fixing</p>
<p>rates for leading currencies on Tuesday were as follows.</p>
<p>--------------------------------------------------------</p>
<p> Currency:     Aug  20     Aug 19	 DEC 29 95    NET</p>
<p>--------------------------------------------------------</p>
<p>- USD =	  237.920     237.910     237.040    0.37 %</p>
<p>- DEM =	  159.670     159.700     165.490   -3.52 %</p>
<p>- FRF =	   46.738	46.712	48.410   -3.45 %</p>
<p>- GBP =	  367.700     367.980     366.280    0.39 %</p>
<p>- CHF =	  196.750     197.020     206.030   -4.50 %</p>
<p>- NLG =	  142.360     142.385     147.886   -3.74 %</p>
<p>- ITL (100) =   15.678	15.669	14.975    4.69 %</p>
<p>- JPY (100) =  220.460     220.350     230.135   -4.20 %</p>
<p>- ECU =	  300.730     300.750     303.640   -0.96 %</p>
<p>- ESP =	    1.889	 1.888	 1.939   -2.58 %</p>
<p>- PTE =	    1.558	 1.557	 1.575   -1.08 %</p>
<p>Note: The percentage net change is calculated as the percentage</p>
<p>difference between the most recent fixing rate and the December</p>
<p>29, 1995 rate. Thursday was a holiday in Greece.</p>
<p>--George Georgiopoulos, Athens Newsroom +301 3311812-4</p>
</text>
<copyright>(c) Reuters Limited 1996</copyright>
<metadata>
<codes class="bip:countries:1.0">
  <code code="GREECE">
    <editdetail attribution="Reuters BIP Coding Group" action="confirmed" date="1996-08-20"/>
  </code>
</codes>
<codes class="bip:topics:1.0">
  <code code="E12">
    <editdetail attribution="Reuters BIP Coding Group" action="confirmed" date="1996-08-20"/>
  </code>
  <code code="ECAT">
    <editdetail attribution="Reuters BIP Coding Group" action="confirmed" date="1996-08-20"/>
  </code>
  <code code="M13">
    <editdetail attribution="Reuters BIP Coding Group" action="confirmed" date="1996-08-20"/>
  </code>
  <code code="M132">
    <editdetail attribution="Reuters BIP Coding Group" action="confirmed" date="1996-08-20"/>
  </code>
  <code code="MCAT">
    <editdetail attribution="Reuters BIP Coding Group" action="confirmed" date="1996-08-20"/>
  </code>
</codes>
<dc element="dc.date.created" value="1996-08-20"/>
<dc element="dc.publisher" value="Reuters Holdings Plc"/>
<dc element="dc.date.published" value="1996-08-20"/>
<dc element="dc.source" value="Reuters"/>
<dc element="dc.creator.location" value="ATHENS"/>
<dc element="dc.creator.location.country.name" value="GREECE"/>
<dc element="dc.source" value="Reuters"/>
</metadata>
</newsitem>
