<?xml version="1.0" encoding="iso-8859-1" ?>
<newsitem itemid="2710" id="root" date="1996-08-20" xml:lang="en">
<title>FINLAND: FINNISH SAK WANTS WORKING HOURS DEAL TO BOOST JOBS.</title>
<headline>FINNISH SAK WANTS WORKING HOURS DEAL TO BOOST JOBS.</headline>
<dateline>HELSINKI 1996-08-20</dateline>
<text>
<p>The Central Organisation of Finnish Trade Unions (SAK) said in a statement on Tuesday that unions and employers should speedily work out a joint proposal to reform working hour regulations aiming to boost employment.  </p>
<p>&quot;The target of the proposal would be to broaden the experimentation with working hours and to reach branch-specific employment agreements,&quot; SAK said. It gave no details.</p>
<p>The board of the 1.1-million mainly blue-collar member umbrella organisation -- Finland's biggest trade union group -- also decided to bring working hour agreements onto the agenda of the following round of incomes settlement talks due in the autumn of 1997.</p>
<p>&quot;SAK will then aim at a working hour agreement which in a broader sense promotes job sharing,&quot; it said.</p>
<p>--Helsinki Newsroom  +358 - 0 - 680 50 245</p>
</text>
<copyright>(c) Reuters Limited 1996</copyright>
<metadata>
<codes class="bip:countries:1.0">
  <code code="FIN">
    <editdetail attribution="Reuters BIP Coding Group" action="confirmed" date="1996-08-20"/>
  </code>
</codes>
<codes class="bip:topics:1.0">
  <code code="C42">
    <editdetail attribution="Reuters BIP Coding Group" action="confirmed" date="1996-08-20"/>
  </code>
  <code code="CCAT">
    <editdetail attribution="Reuters BIP Coding Group" action="confirmed" date="1996-08-20"/>
  </code>
  <code code="E12">
    <editdetail attribution="Reuters BIP Coding Group" action="confirmed" date="1996-08-20"/>
  </code>
  <code code="E41">
    <editdetail attribution="Reuters BIP Coding Group" action="confirmed" date="1996-08-20"/>
  </code>
  <code code="E411">
    <editdetail attribution="Reuters BIP Coding Group" action="confirmed" date="1996-08-20"/>
  </code>
  <code code="ECAT">
    <editdetail attribution="Reuters BIP Coding Group" action="confirmed" date="1996-08-20"/>
  </code>
  <code code="GCAT">
    <editdetail attribution="Reuters BIP Coding Group" action="confirmed" date="1996-08-20"/>
  </code>
  <code code="GJOB">
    <editdetail attribution="Reuters BIP Coding Group" action="confirmed" date="1996-08-20"/>
  </code>
</codes>
<dc element="dc.date.created" value="1996-08-20"/>
<dc element="dc.publisher" value="Reuters Holdings Plc"/>
<dc element="dc.date.published" value="1996-08-20"/>
<dc element="dc.source" value="Reuters"/>
<dc element="dc.creator.location" value="HELSINKI"/>
<dc element="dc.creator.location.country.name" value="FINLAND"/>
<dc element="dc.source" value="Reuters"/>
</metadata>
</newsitem>
