<?xml version="1.0" encoding="iso-8859-1" ?>
<newsitem itemid="2711" id="root" date="1996-08-20" xml:lang="en">
<title>FINLAND: FINNISH SAK-FAMILY '97 PURCHASE POWER SEEN UP 3%.</title>
<headline>FINNISH SAK-FAMILY '97 PURCHASE POWER SEEN UP 3%.</headline>
<dateline>HELSINKI 1996-08-20</dateline>
<text>
<p>The purchasing power of Central Organisation of Finnish Trade Unions (SAK) families is projected to rise by nearly three percent in 1997, SAK said in a statement on Tuesday.</p>
<p>&quot;The taxation and payment changes proposed by the government would raise next year the purchasing power of an SAK-family by nearly three percent, or by about 400 markka per month,&quot; the 1.1-million mainly blue-collar member union said.  </p>
<p>Earlier agreed pay rises due to take effect this autumn and wage drift would raise purchasing power a bit more, but part of the increase would be offset by higher energy taxation, it said.</p>
<p>&quot;All in all, the family's purchasing power would rise next year by about three percent if the (government's budget) decisions are implemented,&quot; SAK said.</p>
<p>The calculated increase was based on a model family with two children and both parents at work, one earning 11,241 markka per month before tax, the other 8,920 markka per month before tax.</p>
<p>Excluding the impact of the autumn pay rises and of the higher electricity bill, such a family's disposable income after tax, including state child benefits not subject to tax, would increase by some 2.8 percent, or 5,037 markka, to 187,200 markka in 1997, SAK said.</p>
<p>--Helsinki Newsroom  +358 - 0 - 680 50 245</p>
</text>
<copyright>(c) Reuters Limited 1996</copyright>
<metadata>
<codes class="bip:countries:1.0">
  <code code="FIN">
    <editdetail attribution="Reuters BIP Coding Group" action="confirmed" date="1996-08-20"/>
  </code>
</codes>
<codes class="bip:topics:1.0">
  <code code="C42">
    <editdetail attribution="Reuters BIP Coding Group" action="confirmed" date="1996-08-20"/>
  </code>
  <code code="CCAT">
    <editdetail attribution="Reuters BIP Coding Group" action="confirmed" date="1996-08-20"/>
  </code>
  <code code="E41">
    <editdetail attribution="Reuters BIP Coding Group" action="confirmed" date="1996-08-20"/>
  </code>
  <code code="ECAT">
    <editdetail attribution="Reuters BIP Coding Group" action="confirmed" date="1996-08-20"/>
  </code>
  <code code="GCAT">
    <editdetail attribution="Reuters BIP Coding Group" action="confirmed" date="1996-08-20"/>
  </code>
  <code code="GJOB">
    <editdetail attribution="Reuters BIP Coding Group" action="confirmed" date="1996-08-20"/>
  </code>
</codes>
<dc element="dc.date.created" value="1996-08-20"/>
<dc element="dc.publisher" value="Reuters Holdings Plc"/>
<dc element="dc.date.published" value="1996-08-20"/>
<dc element="dc.source" value="Reuters"/>
<dc element="dc.creator.location" value="HELSINKI"/>
<dc element="dc.creator.location.country.name" value="FINLAND"/>
<dc element="dc.source" value="Reuters"/>
</metadata>
</newsitem>
