<?xml version="1.0" encoding="iso-8859-1" ?>
<newsitem itemid="2714" id="root" date="1996-08-20" xml:lang="en">
<title>FINLAND: MOST HELIBOR INTEREST RATES FLAT AT FIX.</title>
<headline>MOST HELIBOR INTEREST RATES FLAT AT FIX.</headline>
<dateline>HELSINKI 1996-08-20</dateline>
<text>
<p>Most Helibor market interest</p>
<p>rates were flat at the Bank of Finland's daily fixing on</p>
<p>Tuesday. The three-month rate was unchanged at 3.58 percent.</p>
<p>				   August 20 fix	 August 19 fix</p>
<p> 1-mth Helibor		    3.57 pct	     3.54 pct</p>
<p> 2-mth Helibor		    3.55 pct	     3.55 pct</p>
<p> 3-mth Helibor		    3.58 pct	     3.58 pct</p>
<p> 6-mth Helibor		    3.72 pct	     3.72 pct</p>
<p> 9-mth Helibor		    3.85 pct	     3.85 pct</p>
<p> 12-mth Helibor		   4.01 pct	     4.01 pct</p>
<p>-- Helsinki newsroom  +358 - 0 - 680 50 248</p>
</text>
<copyright>(c) Reuters Limited 1996</copyright>
<metadata>
<codes class="bip:countries:1.0">
  <code code="FIN">
    <editdetail attribution="Reuters BIP Coding Group" action="confirmed" date="1996-08-20"/>
  </code>
</codes>
<codes class="bip:topics:1.0">
  <code code="M13">
    <editdetail attribution="Reuters BIP Coding Group" action="confirmed" date="1996-08-20"/>
  </code>
  <code code="M131">
    <editdetail attribution="Reuters BIP Coding Group" action="confirmed" date="1996-08-20"/>
  </code>
  <code code="MCAT">
    <editdetail attribution="Reuters BIP Coding Group" action="confirmed" date="1996-08-20"/>
  </code>
</codes>
<dc element="dc.date.created" value="1996-08-20"/>
<dc element="dc.publisher" value="Reuters Holdings Plc"/>
<dc element="dc.date.published" value="1996-08-20"/>
<dc element="dc.source" value="Reuters"/>
<dc element="dc.creator.location" value="HELSINKI"/>
<dc element="dc.creator.location.country.name" value="FINLAND"/>
<dc element="dc.source" value="Reuters"/>
</metadata>
</newsitem>
