<?xml version="1.0" encoding="iso-8859-1" ?>
<newsitem itemid="2718" id="root" date="1996-08-20" xml:lang="en">
<title>FINLAND: FINNISH CO-OPERATIVE BANKS SEES HIGHER 1996 PROFIT.</title>
<headline>FINNISH CO-OPERATIVE BANKS SEES HIGHER 1996 PROFIT.</headline>
<dateline>HELSINKI 1996-08-20</dateline>
<text>
<p>The group of Finnish co-operative banks said in a statement on Tuesday it would show a 1996 profit and clear improvement on last year.</p>
<p>&quot;The (co-operative banking group) will post a profit for the entire year and will show markedly improved performance on last year,&quot; the group said.</p>
<p>In 1995, the group had a 253 million markka net operating profit and the first half 1996 operating profit surged to 427 million markka from 42 million markka.</p>
</text>
<copyright>(c) Reuters Limited 1996</copyright>
<metadata>
<codes class="bip:countries:1.0">
  <code code="FIN">
    <editdetail attribution="Reuters BIP Coding Group" action="confirmed" date="1996-08-20"/>
  </code>
</codes>
<codes class="bip:industries:1.0">
  <code code="I81402">
    <editdetail attribution="Reuters BIP Coding Group" action="confirmed" date="1996-08-20"/>
  </code>
</codes>
<codes class="bip:topics:1.0">
  <code code="C15">
    <editdetail attribution="Reuters BIP Coding Group" action="confirmed" date="1996-08-20"/>
  </code>
  <code code="C152">
    <editdetail attribution="Reuters BIP Coding Group" action="confirmed" date="1996-08-20"/>
  </code>
  <code code="CCAT">
    <editdetail attribution="Reuters BIP Coding Group" action="confirmed" date="1996-08-20"/>
  </code>
</codes>
<dc element="dc.date.created" value="1996-08-20"/>
<dc element="dc.publisher" value="Reuters Holdings Plc"/>
<dc element="dc.date.published" value="1996-08-20"/>
<dc element="dc.source" value="Reuters"/>
<dc element="dc.creator.location" value="HELSINKI"/>
<dc element="dc.creator.location.country.name" value="FINLAND"/>
<dc element="dc.source" value="Reuters"/>
</metadata>
</newsitem>
