<?xml version="1.0" encoding="iso-8859-1" ?>
<newsitem itemid="2722" id="root" date="1996-08-20" xml:lang="en">
<title>NORWAY: BOOM OR BUST FOR OIL SEARCH IN NORWAY BARENTS SEA.</title>
<headline>BOOM OR BUST FOR OIL SEARCH IN NORWAY BARENTS SEA.</headline>
<byline>Tanya Pang</byline>
<dateline>OSLO 1996-08-19</dateline>
<text>
<p>Ten billion crowns and 16 years after the first production licence was awarded in the Norwegian sector of the Barents Sea, oil companies are again eyeing its Arctic waters as a potential source of crude and gas.</p>
<p>But while Norway has revised terms and conditions for exploration to attract renewed investment there, industry sources say the latest licensing round will be make or break for the region.</p>
<p>&quot;The Barents Sea enigma is still not resolved,&quot; said an oil company official. &quot;But we're looking at the last major (licensing) round. If it's a success and someone strikes oil, then we will have a new boom in the area. If not, then I think people will cut their losses and give up.&quot;</p>
<p>Since 1980 53 wells have been drilled in the southern area of the Barents, yielding nearly two billion barrels of oil equivalent (boe), or five percent of discovered resources on the Norwegian continental shelf, according to the state Oil Directorate.</p>
<p>More than 90 percent of the finds have been of natural gas, the largest being the Snoehvit field, which holds around 100 million cubic metres of oil equivalent. None have proved to be of commercial interest.</p>
<p>&quot;It's very remote up there and expensive to develop and operate,&quot; said an industry analyst. &quot;Given that and the threat to gas prices from liberalisation, you'd be a brave man to start developing in the Barents. There are a lot of other gas plays closer to hand.&quot;</p>
<p>Norway, which pumps about three million barrels per day, is the world's second largest oil exporter after Saudi Arabia thanks to fields in the North and Norwegian Seas.</p>
<p>Twelve companies have nominated for blocks they want to see offered under the licensing round, known as the Barents Project.</p>
<p>The energy ministry will invite bids for Barents acreage in the third quarter. Awards will be announced in April 1997.</p>
<p>Company officials said new, more flexible licence conditions for the Barents had helped attract interest.</p>
<p>&quot;The results to date have been less than encouraging, no major economically-viable discoveries have been made,&quot; said Matt Toner, exploration manager for Amoco Norway . &quot;But in any (oil company) portfolio it's important to have some frontier, high-risk area and therefore potential high rewards.&quot;</p>
<p>Norway's state oil company Statoil, along with working group partners Saga Petroleum , Norsk Hydro, Amoco, Elf and Mobil , has been studying data collected from previous exploration drilling.</p>
<p>&quot;We have reassessed the results from previous drilling and we have decided to continue working towards applying for a concession,&quot; said Yngve Vassmyr, Statoil project manager.</p>
<p>&quot;We have a better understanding of the geology and potential of the Barents, but I would emphasise that the risk is still high. A lot of money has already been spent in the area and we should keep that in mind.&quot;</p>
<p>Vassmyr said advances in technolgy would help improve commercial viability of any finds.</p>
<p>In the 1980s the economics of development required discoveries of between 315 and 630 million boe. Today new technology means prospects of around 200 million boe -- about the size of the Balder and Njord oilfields -- can be seriously considered, he said.</p>
<p>Others considering applying for concessions are Amerada Hess , Conoco , Enterprise Oil , Neste, Norsk Agip and Phillips .</p>
<p>Industry sources are quick to note the absence of the big oil players British Petroleum , Royal Dutch/Shell Group and Esso from the round.</p>
<p>&quot;It's a question of different priorities for each company, but I think it's significant they are not taking part,&quot; said a source at one of the companies considering applying.</p>
<p>&quot;Maybe they've done their homework. There are better opportunities elsewhere to put your money.&quot;</p>
</text>
<copyright>(c) Reuters Limited 1996</copyright>
<metadata>
<codes class="bip:countries:1.0">
  <code code="NORW">
    <editdetail attribution="Reuters BIP Coding Group" action="confirmed" date="1996-08-20"/>
  </code>
  <code code="UK">
    <editdetail attribution="Reuters BIP Coding Group" action="confirmed" date="1996-08-20"/>
  </code>
  <code code="USA">
    <editdetail attribution="Reuters BIP Coding Group" action="confirmed" date="1996-08-20"/>
  </code>
</codes>
<codes class="bip:industries:1.0">
  <code code="I13000">
    <editdetail attribution="Reuters BIP Coding Group" action="confirmed" date="1996-08-20"/>
  </code>
  <code code="I1300003">
    <editdetail attribution="Reuters BIP Coding Group" action="confirmed" date="1996-08-20"/>
  </code>
  <code code="I14000">
    <editdetail attribution="Reuters BIP Coding Group" action="confirmed" date="1996-08-20"/>
  </code>
  <code code="I25000">
    <editdetail attribution="Reuters BIP Coding Group" action="confirmed" date="1996-08-20"/>
  </code>
</codes>
<codes class="bip:topics:1.0">
  <code code="C13">
    <editdetail attribution="Reuters BIP Coding Group" action="confirmed" date="1996-08-20"/>
  </code>
  <code code="C24">
    <editdetail attribution="Reuters BIP Coding Group" action="confirmed" date="1996-08-20"/>
  </code>
  <code code="CCAT">
    <editdetail attribution="Reuters BIP Coding Group" action="confirmed" date="1996-08-20"/>
  </code>
</codes>
<dc element="dc.date.created" value="1996-08-19"/>
<dc element="dc.publisher" value="Reuters Holdings Plc"/>
<dc element="dc.date.published" value="1996-08-20"/>
<dc element="dc.source" value="Reuters"/>
<dc element="dc.creator.location" value="OSLO"/>
<dc element="dc.creator.location.country.name" value="NORWAY"/>
<dc element="dc.source" value="Reuters"/>
</metadata>
</newsitem>
