<?xml version="1.0" encoding="iso-8859-1" ?>
<newsitem itemid="2730" id="root" date="1996-08-20" xml:lang="en">
<title>AUSTRALIA: British Airways sees more franchises, not alliances.</title>
<headline>British Airways sees more franchises, not alliances.</headline>
<byline>Kevin Morrison</byline>
<dateline>SYDNEY 1996-08-20</dateline>
<text>
<p>British Airways Plc (BA) said on Tuesday that it had no plans for new alliances over the next few years, but would extend its global reach by franchising its popular brand name to smaller airlines.</p>
<p>British Airways has an alliance with Australian carrier Qantas Airways Ltd and formed an alliance with American Airlines in June, although this is subject to regulatory approvals and a legal suit by USAir Group, in which BA holds 24.6 percent.</p>
<p>&quot;One of the great challenges of alliance development is the management challenge and I think it would be unwise to take on any more than we can absorb at any one time,&quot; BA chief executive Robert Ayling said at an industry luncheon in Sydney.</p>
<p>Reports that BA would look to an alliance with a Japanese airline, notably Japan Airlines, were quashed by Ayling in a speech to the National Aviation Press Club in Sydney.</p>
<p>&quot;I think the Japanese airline industry is an independent industry and I think it will remain a strongly independent industry. If there are opportunities in the future for developing relationships there with other carriers then obviously we will do that,&quot; Ayling said.  </p>
<p>However, Ayling said the airline's four-year experiment with franchising its brand name to smaller airlines was successful and would be an area of future growth, providing safety and customer service standards were met.</p>
<p>&quot;It is a way of bringing extended services to customers and of allowing operators of smaller airlines, who would have found it very difficult to survive in this world of global networks, to be more successful,&quot; Ayling said.</p>
<p>In June, BA signed its first franchise agreement outside of the European Union with South Africa's largest independent carrier, Comair. Under the deal Comair's eight-jet fleet will use the British Airways name and livery.</p>
<p>Under the existing rules it would have been impossible to acquire or invest more than 50 percent in an airline in South Africa, said Ayling. &quot;South Africa is a part of the world which would not be open to us if we didn't have this deal,&quot; he said.</p>
<p>Ayling is visiting Australia to look at the operations of BA's 25 percent stake in Qantas, the national carrier.</p>
<p>Under the alliances with American Airlines and Qantas, BA and its partners fly to over 500 destinations in about 100 countries. Ayling said BA's global alliance could lead to opportunities in other parts of the world.  </p>
<p>&quot;We may see, although this may be some way off, fleet acquisition opportunities, which would make a significant impact on procurement of aircraft,&quot; said Ayling.</p>
<p>&quot;Once these agreements are put in place and they are being effectively managed, we will be able to see some things we are not able to see at the moment,&quot; he said.</p>
<p>Two weeks ago, BA reported an 11.1 percent rise in first quarter profits to 150 million sterling (US$231 million) on sales of 2.103 billion sterling. It forecast another record year in the year to March 1997.</p>
</text>
<copyright>(c) Reuters Limited 1996</copyright>
<metadata>
<codes class="bip:countries:1.0">
  <code code="AUSTR">
    <editdetail attribution="Reuters BIP Coding Group" action="confirmed" date="1996-08-20"/>
  </code>
  <code code="UK">
    <editdetail attribution="Reuters BIP Coding Group" action="confirmed" date="1996-08-20"/>
  </code>
</codes>
<codes class="bip:industries:1.0">
  <code code="I75000">
    <editdetail attribution="Reuters BIP Coding Group" action="confirmed" date="1996-08-20"/>
  </code>
</codes>
<codes class="bip:topics:1.0">
  <code code="C11">
    <editdetail attribution="Reuters BIP Coding Group" action="confirmed" date="1996-08-20"/>
  </code>
  <code code="CCAT">
    <editdetail attribution="Reuters BIP Coding Group" action="confirmed" date="1996-08-20"/>
  </code>
</codes>
<dc element="dc.date.created" value="1996-08-20"/>
<dc element="dc.publisher" value="Reuters Holdings Plc"/>
<dc element="dc.date.published" value="1996-08-20"/>
<dc element="dc.source" value="Reuters"/>
<dc element="dc.creator.location" value="SYDNEY"/>
<dc element="dc.creator.location.country.name" value="AUSTRALIA"/>
<dc element="dc.source" value="Reuters"/>
</metadata>
</newsitem>
