<?xml version="1.0" encoding="iso-8859-1" ?>
<newsitem itemid="2732" id="root" date="1996-08-20" xml:lang="en">
<title>CHINA: China unveils rules on shipping links with Taiwan.</title>
<headline>China unveils rules on shipping links with Taiwan.</headline>
<byline>Benjamin Kang Lim</byline>
<dateline>BEIJING 1996-08-20</dateline>
<text>
<p>China on Tuesday introduced rules governing direct shipping links with Taiwan, ignoring a decades-old ban by the island it regards as a renegade province.</p>
<p>The regulations, which take effect from Tuesday, allow only wholly Chinese-owned or Taiwan-owned shipping companies or joint ventures involving Chinese or Taiwanese shipowners to sail between the two sides, Xinhua news agency said.</p>
<p>Hong Kong's Beijing-backed Wen Wei Po newspaper said the southeastern Chinese cities of Xiamen and Fuzhou would be the first ports to be opened to direct shipping links with Taiwan.</p>
<p>&quot;The conditions for (establishing) direct shipping links are ripe,&quot; the newspaper said.</p>
<p>Taiwan's Nationalist government has banned direct air and shipping links with China since 1949 when Chiang Kai-shek's Nationalist troops lost the Chinese civil war to the communists and fled to the island.</p>
<p>With tensions easing since the late 1980s, civilian aircraft and vessels have skirted the ban by stopping over in a third country or territory such as the British colony of Hong Kong or Portuguese-run Macau.  </p>
<p>Taiwanese businessmen, who have poured more than $20 billion into China, are eager for direct transport links, but Taiwanese authorities have been reluctant to lift the ban.</p>
<p>The Nationalists, who say they are committed to reunification with China, see direct transport links as their last bargaining chip in talks with the communists.</p>
<p>China has threatened to invade if the island seeks independence.</p>
<p>Under the regulations, shipping companies must apply with the Chinese Ministry of Communications for permission to ply routes between the two sides. The rules made no mention of any need to seek approval from Taiwan authorities.</p>
<p>The ministry has 45 days to decide whether to allow a shipping company to sail between the two sides, according to the regulations.</p>
<p>The rules empower the ministry to warn and seize the unlawful income of shipping companies breaking the rules.</p>
<p>China has poured cold water on a proposal by Taipei to turn Taiwan's Kaohsiung into an extraterritorial port, allowing third party ships to ply routes between the two sides.  </p>
<p>The Taipei-based Economic Daily News said on Tuesday Taiwan President Lee Teng-hui had urged the central bank to study how to control capital outflows to China in a further bid to limit the island's economic exposure on its main rival's turf. The central bank denied the report.</p>
<p>Speculation that Taipei might change its China policy has mounted since Lee cautioned last week that the island's economy needed to avoid over-dependence on the mainland.</p>
<p>&quot;The Chinese are not really making much progress on other fronts... They have decided to focus on the three links and apply pressure on the Taiwanese,&quot; a Western diplomat in Beijing said. The three links refer to trade, transport and mail.</p>
<p>On the diplomatic front, the rivalry has intensified, analysts say, with China trying hard to isolate the island and limit its contacts with other states.</p>
<p>Taiwan state-funded television said Vice-President Lien Chan was visiting the former Soviet republic of Ukraine,  which formally recognises Beijing. The Ukraine has denied the report.</p>
<p>China announced a diplomatic coup on Monday, persuading the West African nation of Niger to switch recognition to Beijing.</p>
</text>
<copyright>(c) Reuters Limited 1996</copyright>
<metadata>
<codes class="bip:countries:1.0">
  <code code="CHINA">
    <editdetail attribution="Reuters BIP Coding Group" action="confirmed" date="1996-08-20"/>
  </code>
  <code code="TAIWAN">
    <editdetail attribution="Reuters BIP Coding Group" action="confirmed" date="1996-08-20"/>
  </code>
</codes>
<codes class="bip:industries:1.0">
  <code code="I74000">
    <editdetail attribution="Reuters BIP Coding Group" action="confirmed" date="1996-08-20"/>
  </code>
</codes>
<codes class="bip:topics:1.0">
  <code code="C13">
    <editdetail attribution="Reuters BIP Coding Group" action="confirmed" date="1996-08-20"/>
  </code>
  <code code="CCAT">
    <editdetail attribution="Reuters BIP Coding Group" action="confirmed" date="1996-08-20"/>
  </code>
  <code code="E51">
    <editdetail attribution="Reuters BIP Coding Group" action="confirmed" date="1996-08-20"/>
  </code>
  <code code="E512">
    <editdetail attribution="Reuters BIP Coding Group" action="confirmed" date="1996-08-20"/>
  </code>
  <code code="ECAT">
    <editdetail attribution="Reuters BIP Coding Group" action="confirmed" date="1996-08-20"/>
  </code>
  <code code="GCAT">
    <editdetail attribution="Reuters BIP Coding Group" action="confirmed" date="1996-08-20"/>
  </code>
  <code code="GDIP">
    <editdetail attribution="Reuters BIP Coding Group" action="confirmed" date="1996-08-20"/>
  </code>
</codes>
<dc element="dc.date.created" value="1996-08-20"/>
<dc element="dc.publisher" value="Reuters Holdings Plc"/>
<dc element="dc.date.published" value="1996-08-20"/>
<dc element="dc.source" value="Reuters"/>
<dc element="dc.creator.location" value="BEIJING"/>
<dc element="dc.creator.location.country.name" value="CHINA"/>
<dc element="dc.source" value="Reuters"/>
</metadata>
</newsitem>
