<?xml version="1.0" encoding="iso-8859-1" ?>
<newsitem itemid="2736" id="root" date="1996-08-20" xml:lang="en">
<title>USA: RESEARCH ALERT - Cypress Semiconductor.  [CORRECTED]</title>
<headline>RESEARCH ALERT - Cypress Semiconductor.  [CORRECTED]</headline>
<text>
<p>-- Rodman &amp; Renshaw Inc said Tuesday it initiated coverage of Cypress Semiconductor Corp with a buy rating.</p>
<p>-- At 10.9 times its 1997 earnings estimate of $1.03 a share, Rodman said it believes the stock is &quot;cheap.&quot; It projects a 12-month target price of 18-1/2, or 18 times the 1997 estimate.</p>
<p>-- &quot;On a risk/reward basis, we believe that downside risk exists to $9.50 or 16 percent, and the upside is roughly 64 percent,&quot; Rodman said in a report. &quot;This is a high-volatility, high-risk equity.&quot;</p>
<p>-- Cypress shares closed August 20 at 11-3/8 (corrects stock quote).</p>
<p>-- Rodman said Cypress reported a book-to-bill ratio of 0.74 for the second quarter, compared with the industry three-month average of 0.91. &quot;We expect (Cypress' book-to-bill ratio) to improve in the second half as the back-to-school and holiday seasons approach,&quot; Rodman said.</p>
<p>Reuters Chicago Newsdesk - 312-408-8787</p>
</text>
<copyright>(c) Reuters Limited 1996</copyright>
<metadata>
<codes class="bip:countries:1.0">
  <code code="USA">
    <editdetail attribution="Reuters BIP Coding Group" action="confirmed" date="1996-08-20"/>
  </code>
</codes>
<codes class="bip:industries:1.0">
  <code code="I34531">
    <editdetail attribution="Reuters BIP Coding Group" action="confirmed" date="1996-08-20"/>
  </code>
</codes>
<codes class="bip:topics:1.0">
  <code code="C15">
    <editdetail attribution="Reuters BIP Coding Group" action="confirmed" date="1996-08-20"/>
  </code>
  <code code="C152">
    <editdetail attribution="Reuters BIP Coding Group" action="confirmed" date="1996-08-20"/>
  </code>
  <code code="CCAT">
    <editdetail attribution="Reuters BIP Coding Group" action="confirmed" date="1996-08-20"/>
  </code>
</codes>
<dc element="dc.publisher" value="Reuters Holdings Plc"/>
<dc element="dc.date.published" value="1996-08-20"/>
<dc element="dc.source" value="Reuters"/>
<dc element="dc.creator.location.country.name" value="USA"/>
<dc element="dc.source" value="Reuters"/>
</metadata>
</newsitem>
