<?xml version="1.0" encoding="iso-8859-1" ?>
<newsitem itemid="2740" id="root" date="1996-08-20" xml:lang="en">
<title>EU: OFFICIAL JOURNAL CONTENTS - OJ C 241 OF AUGUST 20, 1996.</title>
<headline>OFFICIAL JOURNAL CONTENTS - OJ C 241 OF AUGUST 20, 1996.</headline>
<text>
<p>*</p>
<p>(Note - contents are displayed in reverse order to that in the printed Journal)</p>
<p>*</p>
<p>Evaluation study on vineyard identification using aerial photograhy Open procedure (96/C 241/23)</p>
<p>Industrial gases Contract award notice (96/C 241/22)</p>
<p>Open invitation to tender for multiple actions and support for the Treaty Investigations of chosen technologies (Maastricht) (96/C 241/21)</p>
<p>Phare - electronic equipment Notice of invitation to tender issued by the Commission of the European Communities for a project financed from Phare funds (96/C 241/20)</p>
<p>External consultancy Open invitation to tender (96/C 241/19)</p>
<p>Air traffic management (ATM) Notice of invitation to tender No VII-C3/46-96 concerning a study on rule-making/standardization in air traffic management (ATM) Open procedure (96/C 241/18)</p>
<p>External consultancy Open invitation to tender (96/C 241/17)</p>
<p>Purchasing of a scanning electron microscope Restricted procedure (96/C 241/16)</p>
<p>Automatic press Restricted procedure (96/C 241/15)</p>
<p>Sintering furnace Restricted procedure (96/C 241/14)</p>
<p>Phare - various supplies Notice of invitation to tender issued by the European Training Foundation on behalf of the Government of Lithuania for a project financed in the framework of the Phare Programme of the European Commission (96/C 241/13)</p>
<p>TACIS - equipment for diagnostic system Notice of invitation to tender issued by the Commission of the European Communities financed in the framework of the TACIS programme (96/C 241/12)</p>
<p>EUROPEAN ECONOMIC INTEREST GROUPING Notices published pursuant to Council Regulation (EEC) No 2137/85 of 25 July 1985 (1) - Completion of the liquidation (96/C 241/11)</p>
<p>EUROPEAN ECONOMIC INTEREST GROUPING Notices published pursuant to Council Regulation (EEC) No 2137/85 of 25 July 1985 (1) - Formation (96/C 241/10)</p>
<p>Outcome of the invitation to tender (Community food aid) (96/C 241/09)</p>
<p>Amended proposal for a European Parliament and Council Directive concerning the placing of biocidal products on the market (1) (96/C 241/08) (Text with EEA relevance) COM(96) 312 final - COD 465</p>
<p>Proposal for a Council Regulation (EC) amending Regulation (EEC) No 2081/92 on the protection of geographical indications and designations of origin for agricultural products and foodstuffs (96/C 241/07) COM(96) 266 final - 96/0159(CNS)</p>
<p>Prior notification of a concentration (Case No IV/M.810 - n-tv) (96/C 241/06)</p>
<p>Notification of exclusive licence agreements (Case No IV/36.183/F-3) (96/C 241/05)</p>
<p>Prior notification of a concentration (Case No IV/M.794 - Coca-Cola Enterprises Inc./Amalgamated Beverages Great Britain Limited) (96/C 241/04)</p>
<p>Prior notification of a concentration (Case No IV/M.781 - Schering/Gehe - Jenapharm) (96/C 241/03)</p>
<p>List of establishments in Paraguay approved for the purpose of importing fresh meat into the Community (96/C 241/02)</p>
<p>Ecu (1) 19 August 1996 (96/C 241/01) END OF DOCUMENT.</p>
</text>
<copyright>(c) Reuters Limited 1996</copyright>
<metadata>
<codes class="bip:countries:1.0">
  <code code="EEC">
    <editdetail attribution="Reuters BIP Coding Group" action="confirmed" date="1996-08-20"/>
  </code>
</codes>
<codes class="bip:topics:1.0">
  <code code="G15">
    <editdetail attribution="Reuters BIP Coding Group" action="confirmed" date="1996-08-20"/>
  </code>
  <code code="GCAT">
    <editdetail attribution="Reuters BIP Coding Group" action="confirmed" date="1996-08-20"/>
  </code>
</codes>
<dc element="dc.publisher" value="Reuters Holdings Plc"/>
<dc element="dc.date.published" value="1996-08-20"/>
<dc element="dc.source" value="Reuters"/>
<dc element="dc.creator.location.country.name" value="EU"/>
<dc element="dc.source" value="Reuters"/>
</metadata>
</newsitem>
