<?xml version="1.0" encoding="iso-8859-1" ?>
<newsitem itemid="2741" id="root" date="1996-08-20" xml:lang="en">
<title>EU: OFFICIAL JOURNAL CONTENTS - OJ L 210 OF AUGUST 20, 1996.</title>
<headline>OFFICIAL JOURNAL CONTENTS - OJ L 210 OF AUGUST 20, 1996.</headline>
<text>
<p>*</p>
<p>(Note - contents are displayed in reverse order to that in the printed Journal)</p>
<p>*</p>
<p>COMMISSION DECISION of 18 July 1996 laying down the pedigree and zootechnical certificates for the importation of breeding animals, their semen, ova and embryos (Text with EEA relevance) (96/510/EC)</p>
<p>COMMISSION DECISION of 18 July 1996 laying down pedigree and zootechnical requirements for the importation of semen of certain animals (Text with EEA relevance) (96/509/EC)</p>
<p>COMMISSION DIRECTIVE 96/44/EC of 1 July 1996 adapting to technical progress Council Directive 70/220/EEC on the approximation of the laws of the Member States relating to measures to be taken against air pollution by emissions from motor vehicles (Text with EEA relevance)</p>
<p>COMMISSION REGULATION (EC) No 1662/96 of 19 August 1996 establishing the standard import values for determining the entry price of certain fruit and vegetables</p>
<p>COMMISSION REGULATION (EC) No 1661/96 of 19 August 1996 correcting Regulations (EC) No 1497/96 establishing the standard import values for determining the entry price of certain fruit and vegetables</p>
<p>COMMISSION REGULATION (EC) No 1660/96 of 19 August 1996 correcting Regulation (EC) No 1423/96 establishing the standard import values for determining the entry price of certain fruit and vegetables</p>
<p>COMMISSION REGULATION (EC) No 1659/96 of 19 August 1996 correcting Regulations (EC) No 843/96 and EC No 855/96 establishing the standard import values for determining the entry price of certain fruit and vegetables</p>
<p>COMMISSION REGULATION (EC) No 1658/96 of 19 August 1996 re-establishing the preferential customs duty on imports of small-flowered roses originating in Israel</p>
<p>COMMISSION REGULATION (EC) No 1657/96 of 19 August 1996 establishing the quantities to be allocated to importers from the 1997 Community quantitative quotas on certain products originating in the People's Republic of China</p>
<p>COMMISSION REGULATION (EC) No 1656/96 of 19 August 1996 on the supply of cereal-based weaning food as food aid</p>
<p>COMMISSION REGULATION (EC) No 1655/96 of 19 August 1996 on the supply of cereals as food aid</p>
<p>COMMISSION REGULATION (EC) No 1654/96 of 19 August 1996 on the supply of vegetable oil as food aid END OF DOCUMENT.</p>
</text>
<copyright>(c) Reuters Limited 1996</copyright>
<metadata>
<codes class="bip:countries:1.0">
  <code code="EEC">
    <editdetail attribution="Reuters BIP Coding Group" action="confirmed" date="1996-08-20"/>
  </code>
</codes>
<codes class="bip:topics:1.0">
  <code code="G15">
    <editdetail attribution="Reuters BIP Coding Group" action="confirmed" date="1996-08-20"/>
  </code>
  <code code="GCAT">
    <editdetail attribution="Reuters BIP Coding Group" action="confirmed" date="1996-08-20"/>
  </code>
</codes>
<dc element="dc.publisher" value="Reuters Holdings Plc"/>
<dc element="dc.date.published" value="1996-08-20"/>
<dc element="dc.source" value="Reuters"/>
<dc element="dc.creator.location.country.name" value="EU"/>
<dc element="dc.source" value="Reuters"/>
</metadata>
</newsitem>
