<?xml version="1.0" encoding="iso-8859-1" ?>
<newsitem itemid="2747" id="root" date="1996-08-20" xml:lang="en">
<title>CANADA: Newbridge says on track for year.</title>
<headline>Newbridge says on track for year.</headline>
<dateline>OTTAWA 1996-08-20</dateline>
<text>
<p>Newbridge Networks Corp is on track for another strong year as analysts predict 30 percent profit growth, company officials said on Tuesday after release of record first quarter results.</p>
<p>&quot;We're certainly looking forward to the coming quarters,&quot; Newbridge's head of investor relations, John Lawlor, told a conference call. &quot;From a fundamental point of view, we're well on track here.</p>
<p>Newbridge reported earnings per share in the first quarter ended July 28 rose to US$0.51 per share from US$0.32 per share a year ago. The results exceeded street expectations of around US$0.49 per share.</p>
<p>Newbridge officials said analysts were projecting earnings of US$2.17 per share for the full year. They said they believe those numbers are consistent with the guidance they have been giving to analysts.</p>
<p>Newbridge reported that gross margins held steady at 64.8 percent in the first quarter compared with 64.8 percent in the fourth quarter. Cash balances, however, rose C$30 million to C$486 million.</p>
<p>	  -- Reuters Toronto bureau 416-941-8100</p>
</text>
<copyright>(c) Reuters Limited 1996</copyright>
<metadata>
<codes class="bip:countries:1.0">
  <code code="CANA">
    <editdetail attribution="Reuters BIP Coding Group" action="confirmed" date="1996-08-20"/>
  </code>
</codes>
<codes class="bip:industries:1.0">
  <code code="I33030">
    <editdetail attribution="Reuters BIP Coding Group" action="confirmed" date="1996-08-20"/>
  </code>
</codes>
<codes class="bip:topics:1.0">
  <code code="C15">
    <editdetail attribution="Reuters BIP Coding Group" action="confirmed" date="1996-08-20"/>
  </code>
  <code code="C152">
    <editdetail attribution="Reuters BIP Coding Group" action="confirmed" date="1996-08-20"/>
  </code>
  <code code="CCAT">
    <editdetail attribution="Reuters BIP Coding Group" action="confirmed" date="1996-08-20"/>
  </code>
</codes>
<dc element="dc.date.created" value="1996-08-20"/>
<dc element="dc.publisher" value="Reuters Holdings Plc"/>
<dc element="dc.date.published" value="1996-08-20"/>
<dc element="dc.source" value="Reuters"/>
<dc element="dc.creator.location" value="OTTAWA"/>
<dc element="dc.creator.location.country.name" value="CANADA"/>
<dc element="dc.source" value="Reuters"/>
</metadata>
</newsitem>
