<?xml version="1.0" encoding="iso-8859-1" ?>
<newsitem itemid="2748" id="root" date="1996-08-20" xml:lang="en">
<title>CANADA: Inco to start share buy-back program.</title>
<headline>Inco to start share buy-back program.</headline>
<dateline>TORONTO 1996-08-20</dateline>
<text>
<p>Inco Ltd said Tuesday it has won permission to buy back up to 11.5 million of its common shares or 10 percent of the current public float.</p>
<p>The buy-back program is to start on Friday and end no later than August 22, 1997, the company said.</p>
<p>Inco will not need to borrow to finance the buy-back, it said in a release.</p>
<p>The program will be funded partly from internal cash surpluses and partly from the proceeds of possible future asset sales.  </p>
<p>The main reason for the repurchase program is to help offset earnings dilution that stems from the C$4.3-billion acquisition of Diamond Fields Resources Inc, Inco said.</p>
<p>The long-awaited move will be welcomed by Inco shareholders, some of whom expressed concern about dilution when Inco won a takeover battle last spring to buy Diamond Fields and its massive nickel-copper-cobalt deposit in remote Voisey's Bay, Labrador.</p>
<p>The takeover is expected formally to close on Wednesday.</p>
<p>-- Reuters Toronto Bureau 416 941-8100</p>
</text>
<copyright>(c) Reuters Limited 1996</copyright>
<metadata>
<codes class="bip:countries:1.0">
  <code code="CANA">
    <editdetail attribution="Reuters BIP Coding Group" action="confirmed" date="1996-08-20"/>
  </code>
</codes>
<codes class="bip:industries:1.0">
  <code code="I21000">
    <editdetail attribution="Reuters BIP Coding Group" action="confirmed" date="1996-08-20"/>
  </code>
</codes>
<codes class="bip:topics:1.0">
  <code code="C17">
    <editdetail attribution="Reuters BIP Coding Group" action="confirmed" date="1996-08-20"/>
  </code>
  <code code="C171">
    <editdetail attribution="Reuters BIP Coding Group" action="confirmed" date="1996-08-20"/>
  </code>
  <code code="C18">
    <editdetail attribution="Reuters BIP Coding Group" action="confirmed" date="1996-08-20"/>
  </code>
  <code code="C181">
    <editdetail attribution="Reuters BIP Coding Group" action="confirmed" date="1996-08-20"/>
  </code>
  <code code="CCAT">
    <editdetail attribution="Reuters BIP Coding Group" action="confirmed" date="1996-08-20"/>
  </code>
</codes>
<dc element="dc.date.created" value="1996-08-20"/>
<dc element="dc.publisher" value="Reuters Holdings Plc"/>
<dc element="dc.date.published" value="1996-08-20"/>
<dc element="dc.source" value="Reuters"/>
<dc element="dc.creator.location" value="TORONTO"/>
<dc element="dc.creator.location.country.name" value="CANADA"/>
<dc element="dc.source" value="Reuters"/>
</metadata>
</newsitem>
