<?xml version="1.0" encoding="iso-8859-1" ?>
<newsitem itemid="2749" id="root" date="1996-08-20" xml:lang="en">
<title>CANADA: Bombardier Inc Q2 profit rises.</title>
<headline>Bombardier Inc Q2 profit rises.</headline>
<dateline>MONTREAL 1996-08-20</dateline>
<text>
<p>1996			 1995</p>
<p> Shr			 C$O.25		   C$0.20</p>
<p> Net			 90,300		   69,500</p>
<p> Revs		   1,915,200		1,476,600</p>
<p>	    6 MONTHS</p>
<p> Shr			 C$0.47		   C$0.36</p>
<p> Net			167,100		   133,00</p>
<p> Revs		   3,519,000		2,833,000</p>
<p> Avg shrs		 335,500		  332,100</p>
<p>(All data above 000s except per share numbers)</p>
<p>-- Reuters Montreal bureau (514) 985-2434</p>
</text>
<copyright>(c) Reuters Limited 1996</copyright>
<metadata>
<codes class="bip:countries:1.0">
  <code code="CANA">
    <editdetail attribution="Reuters BIP Coding Group" action="confirmed" date="1996-08-20"/>
  </code>
</codes>
<codes class="bip:industries:1.0">
  <code code="I36400">
    <editdetail attribution="Reuters BIP Coding Group" action="confirmed" date="1996-08-20"/>
  </code>
  <code code="I3640010">
    <editdetail attribution="Reuters BIP Coding Group" action="confirmed" date="1996-08-20"/>
  </code>
</codes>
<codes class="bip:topics:1.0">
  <code code="C15">
    <editdetail attribution="Reuters BIP Coding Group" action="confirmed" date="1996-08-20"/>
  </code>
  <code code="C151">
    <editdetail attribution="Reuters BIP Coding Group" action="confirmed" date="1996-08-20"/>
  </code>
  <code code="CCAT">
    <editdetail attribution="Reuters BIP Coding Group" action="confirmed" date="1996-08-20"/>
  </code>
</codes>
<dc element="dc.date.created" value="1996-08-20"/>
<dc element="dc.publisher" value="Reuters Holdings Plc"/>
<dc element="dc.date.published" value="1996-08-20"/>
<dc element="dc.source" value="Reuters"/>
<dc element="dc.creator.location" value="MONTREAL"/>
<dc element="dc.creator.location.country.name" value="CANADA"/>
<dc element="dc.source" value="Reuters"/>
</metadata>
</newsitem>
