<?xml version="1.0" encoding="iso-8859-1" ?>
<newsitem itemid="2752" id="root" date="1996-08-20" xml:lang="en">
<title>CANADA: Bank of Canada to auction C$1.6 bln 21-day T-bills.</title>
<headline>Bank of Canada to auction C$1.6 bln 21-day T-bills.</headline>
<dateline>OTTAWA 1996-08-20</dateline>
<text>
<p>The Bank of Canada plans to auction C$1.6 billion of 21-day treasury bills on Wednesday August 21, the central bank said on Tuesday.  </p>
<p>The auction will be held at 1100 EDT/1500 GMT with results announced at 1130 EDT/1530 GMT. The bills will be dated and delivered on August 22 and will mature on September 12, the Bank of Canada said.</p>
<p>The tender is subject to standard auction terms.</p>
<p>-- Reuters Toronto bureau (416) 941-8100</p>
</text>
<copyright>(c) Reuters Limited 1996</copyright>
<metadata>
<codes class="bip:countries:1.0">
  <code code="CANA">
    <editdetail attribution="Reuters BIP Coding Group" action="confirmed" date="1996-08-20"/>
  </code>
</codes>
<codes class="bip:topics:1.0">
  <code code="M13">
    <editdetail attribution="Reuters BIP Coding Group" action="confirmed" date="1996-08-20"/>
  </code>
  <code code="M131">
    <editdetail attribution="Reuters BIP Coding Group" action="confirmed" date="1996-08-20"/>
  </code>
  <code code="MCAT">
    <editdetail attribution="Reuters BIP Coding Group" action="confirmed" date="1996-08-20"/>
  </code>
</codes>
<dc element="dc.date.created" value="1996-08-20"/>
<dc element="dc.publisher" value="Reuters Holdings Plc"/>
<dc element="dc.date.published" value="1996-08-20"/>
<dc element="dc.source" value="Reuters"/>
<dc element="dc.creator.location" value="OTTAWA"/>
<dc element="dc.creator.location.country.name" value="CANADA"/>
<dc element="dc.source" value="Reuters"/>
</metadata>
</newsitem>
