<?xml version="1.0" encoding="iso-8859-1" ?>
<newsitem itemid="2754" id="root" date="1996-08-20" xml:lang="en">
<title>CANADA: Barrington Pete Q2 share net jumps.</title>
<headline>Barrington Pete Q2 share net jumps.</headline>
<dateline>CALGARY 1996-08-20</dateline>
<text>
<p>1996			1995</p>
<p> Shr			 C$0.06		   C$0.02</p>
<p> Net			  2,221			677</p>
<p> Cash flow/shr	     0.24		     0.14</p>
<p> Revs			23,309		    9,822</p>
<p>	    6 MONTHS</p>
<p> Shr			 C$0.09		   C$0.05</p>
<p> Net			  3,436		    1,420</p>
<p> Cash flow/shr	     0.40		     0.27</p>
<p> Revs			37,356		   19,085</p>
<p> Avg shrs		  39,115		   31,134</p>
<p>	     (All data above 000s except per share numbers)</p>
<p>Note: Full name is Barrington Petroleum Ltd. Second quarter 1996 results are the first to fully reflect the acquisition of Sherritt Energy Corp, which closed on May 27. Results for the period also include a one-time charge to earnings of C$570,000 in respect of an imputed interest charge.</p>
<p>-- Reuters Toronto Bureau  (416) 941-8100</p>
</text>
<copyright>(c) Reuters Limited 1996</copyright>
<metadata>
<codes class="bip:countries:1.0">
  <code code="CANA">
    <editdetail attribution="Reuters BIP Coding Group" action="confirmed" date="1996-08-20"/>
  </code>
</codes>
<codes class="bip:industries:1.0">
  <code code="I13000">
    <editdetail attribution="Reuters BIP Coding Group" action="confirmed" date="1996-08-20"/>
  </code>
  <code code="I1300003">
    <editdetail attribution="Reuters BIP Coding Group" action="confirmed" date="1996-08-20"/>
  </code>
</codes>
<codes class="bip:topics:1.0">
  <code code="C15">
    <editdetail attribution="Reuters BIP Coding Group" action="confirmed" date="1996-08-20"/>
  </code>
  <code code="C151">
    <editdetail attribution="Reuters BIP Coding Group" action="confirmed" date="1996-08-20"/>
  </code>
  <code code="CCAT">
    <editdetail attribution="Reuters BIP Coding Group" action="confirmed" date="1996-08-20"/>
  </code>
</codes>
<dc element="dc.date.created" value="1996-08-20"/>
<dc element="dc.publisher" value="Reuters Holdings Plc"/>
<dc element="dc.date.published" value="1996-08-20"/>
<dc element="dc.source" value="Reuters"/>
<dc element="dc.creator.location" value="CALGARY"/>
<dc element="dc.creator.location.country.name" value="CANADA"/>
<dc element="dc.source" value="Reuters"/>
</metadata>
</newsitem>
