<?xml version="1.0" encoding="iso-8859-1" ?>
<newsitem itemid="2755" id="root" date="1996-08-20" xml:lang="en">
<title>USA: RESEARCH ALERT - First Enterprise started.</title>
<headline>RESEARCH ALERT - First Enterprise started.</headline>
<text>
<p>--Chicago Corp analyst Jackson Spears said he started coverage of First Enterprise Financial Group Inc with a buy rating.</p>
<p>--Shares in the consumer and automobile finance company closed up 3/4 at 10-1/8.</p>
<p>-- Chicago Newsdesk 312-408-8787</p>
</text>
<copyright>(c) Reuters Limited 1996</copyright>
<metadata>
<codes class="bip:countries:1.0">
  <code code="USA">
    <editdetail attribution="Reuters BIP Coding Group" action="confirmed" date="1996-08-20"/>
  </code>
</codes>
<codes class="bip:topics:1.0">
  <code code="C15">
    <editdetail attribution="Reuters BIP Coding Group" action="confirmed" date="1996-08-20"/>
  </code>
  <code code="C152">
    <editdetail attribution="Reuters BIP Coding Group" action="confirmed" date="1996-08-20"/>
  </code>
  <code code="CCAT">
    <editdetail attribution="Reuters BIP Coding Group" action="confirmed" date="1996-08-20"/>
  </code>
</codes>
<dc element="dc.publisher" value="Reuters Holdings Plc"/>
<dc element="dc.date.published" value="1996-08-20"/>
<dc element="dc.source" value="Reuters"/>
<dc element="dc.creator.location.country.name" value="USA"/>
<dc element="dc.source" value="Reuters"/>
</metadata>
</newsitem>
