<?xml version="1.0" encoding="iso-8859-1" ?>
<newsitem itemid="2760" id="root" date="1996-08-20" xml:lang="en">
<title>USA: RESEARCH ALERT-Metal Leve downgraded.</title>
<headline>RESEARCH ALERT-Metal Leve downgraded.</headline>
<text>
<p>-- Credit Lyonnais Securities said in a research report it has downgraded its rating for Brazilian auto parts firm Metal Leve to sell from hold.</p>
<p>-- Although Metal Leve's shares dropped some 24 percent since early July highs, following the firm's take-over by Mahle and Cofap, &quot;we still do not see this company profitable before 1997,&quot; the bank said.</p>
<p>-- The bank said the takeover was positive for the firm but substantial risk to minority shareholders remained due to the company's &quot;uncertain future.&quot;  </p>
<p>-- The bank said it is unclear if the firm will remain a &quot;stand-alone business&quot; or be merged with Mahle's Brazil operations.</p>
<p>-- &quot;As the next two years will see a lot of consolidation in the auto parts industry and limited pricing power will hold down earnings, we remain neutral towards the industry,&quot; it added.</p>
<p>-- Metal Leve preferred was off slightly at 8.54 reais on the Sao Paulo Stock Exchange.</p>
<p>-- James Craig, Sao Paulo newsroom 5511 232 4411</p>
</text>
<copyright>(c) Reuters Limited 1996</copyright>
<metadata>
<codes class="bip:countries:1.0">
  <code code="BRAZ">
    <editdetail attribution="Reuters BIP Coding Group" action="confirmed" date="1996-08-20"/>
  </code>
  <code code="USA">
    <editdetail attribution="Reuters BIP Coding Group" action="confirmed" date="1996-08-20"/>
  </code>
</codes>
<codes class="bip:industries:1.0">
  <code code="I35300">
    <editdetail attribution="Reuters BIP Coding Group" action="confirmed" date="1996-08-20"/>
  </code>
</codes>
<codes class="bip:topics:1.0">
  <code code="C15">
    <editdetail attribution="Reuters BIP Coding Group" action="confirmed" date="1996-08-20"/>
  </code>
  <code code="C152">
    <editdetail attribution="Reuters BIP Coding Group" action="confirmed" date="1996-08-20"/>
  </code>
  <code code="CCAT">
    <editdetail attribution="Reuters BIP Coding Group" action="confirmed" date="1996-08-20"/>
  </code>
</codes>
<dc element="dc.publisher" value="Reuters Holdings Plc"/>
<dc element="dc.date.published" value="1996-08-20"/>
<dc element="dc.source" value="Reuters"/>
<dc element="dc.creator.location.country.name" value="USA"/>
<dc element="dc.source" value="Reuters"/>
</metadata>
</newsitem>
