<?xml version="1.0" encoding="iso-8859-1" ?>
<newsitem itemid="2764" id="root" date="1996-08-20" xml:lang="en">
<title>USA: RESEARCH ALERT-Cemig still a Credit buy.</title>
<headline>RESEARCH ALERT-Cemig still a Credit buy.</headline>
<text>
<p>-- Credit Lyonnais Securities said it is maintaining its buy recommendation and raising its 12-month price target on Brazilian state-owned power utility Cemig.</p>
<p>-- In a report, cited Cemig's better-than-expected year-to-date performance.</p>
<p>-- &quot;We are revising upward our earnings forecast for Cemig with annual compound earnings growth for the next three years at 28 percent, up from 10 percent,&quot; it said.</p>
<p>-- &quot;Through five years, we expect to see annual earnings growth of 21.3 percent,&quot; it added.  </p>
<p>-- The bank also said the 33-percent stake in Cemig will be sold by Minas Gerais state to a strategic foreign partner-operator &quot;at a considerable premium to market value.&quot;</p>
<p>-- Credit Lyonnais also said the new management would enhance Cemig's strategic position as the sector is opened to competition.</p>
<p>-- The bank said the power sector's fundamentals are improving and it recommends investors be overweight in Brazilian electrical utilities stocks.</p>
<p>-- &quot;Cemig is one of our top picks and should improve its fundamentals with a new private partner,&quot; Credit Lyonnais said.</p>
<p>-- It added the power firm trades at a discount to both Brazilian and Latin American power utilities.</p>
<p>-- Credit Lyonnais's raising of its 12-month price target for Cemig to 45 reais is a 41-percent hike from present levels of 38 reais, the bank said.</p>
<p>-- Cemig preferred were down 1.58 percent at 31.10 reais at 1554 local/1854 gmt on the Sao Paulo Stock Exchange.</p>
<p>--James Craig, Sao Paulo newsroom 5511 232 4411</p>
</text>
<copyright>(c) Reuters Limited 1996</copyright>
<metadata>
<codes class="bip:countries:1.0">
  <code code="BRAZ">
    <editdetail attribution="Reuters BIP Coding Group" action="confirmed" date="1996-08-20"/>
  </code>
  <code code="USA">
    <editdetail attribution="Reuters BIP Coding Group" action="confirmed" date="1996-08-20"/>
  </code>
</codes>
<codes class="bip:industries:1.0">
  <code code="I16100">
    <editdetail attribution="Reuters BIP Coding Group" action="confirmed" date="1996-08-20"/>
  </code>
</codes>
<codes class="bip:topics:1.0">
  <code code="C15">
    <editdetail attribution="Reuters BIP Coding Group" action="confirmed" date="1996-08-20"/>
  </code>
  <code code="C152">
    <editdetail attribution="Reuters BIP Coding Group" action="confirmed" date="1996-08-20"/>
  </code>
  <code code="CCAT">
    <editdetail attribution="Reuters BIP Coding Group" action="confirmed" date="1996-08-20"/>
  </code>
</codes>
<dc element="dc.publisher" value="Reuters Holdings Plc"/>
<dc element="dc.date.published" value="1996-08-20"/>
<dc element="dc.source" value="Reuters"/>
<dc element="dc.creator.location.country.name" value="USA"/>
<dc element="dc.source" value="Reuters"/>
</metadata>
</newsitem>
