<?xml version="1.0" encoding="iso-8859-1" ?>
<newsitem itemid="2771" id="root" date="1996-08-20" xml:lang="en">
<title>USA: RESEARCH ALERT - Morgan Stanley on First Data.</title>
<headline>RESEARCH ALERT - Morgan Stanley on First Data.</headline>
<text>
<p>-- Morgan Stanley analyst David Togut said he reduced the earnings estimates for First Data Corp, citing the company becoming &quot;modestly more conservative&quot; on near-term and intermediate-term earnings growth potential.</p>
<p>-- also cited lower-than-expected growth at its Western Union international business; further delays in Act III, its healthcare claims processing system; slower-than-expected sales at its First Image business; and tighter lending stadnards from credit-card issuers.</p>
<p>-- Togut said managers remain confident of a 20 percent EPS growth target.</p>
<p>-- reduced his earnings estimate to $2.72 per share from $2.75 for 1996, and to $3.25 from $3.35 for 1997.</p>
<p>-- kept his rating at outperform.</p>
</text>
<copyright>(c) Reuters Limited 1996</copyright>
<metadata>
<codes class="bip:countries:1.0">
  <code code="USA">
    <editdetail attribution="Reuters BIP Coding Group" action="confirmed" date="1996-08-20"/>
  </code>
</codes>
<codes class="bip:industries:1.0">
  <code code="I83940">
    <editdetail attribution="Reuters BIP Coding Group" action="confirmed" date="1996-08-20"/>
  </code>
</codes>
<codes class="bip:topics:1.0">
  <code code="C15">
    <editdetail attribution="Reuters BIP Coding Group" action="confirmed" date="1996-08-20"/>
  </code>
  <code code="C152">
    <editdetail attribution="Reuters BIP Coding Group" action="confirmed" date="1996-08-20"/>
  </code>
  <code code="CCAT">
    <editdetail attribution="Reuters BIP Coding Group" action="confirmed" date="1996-08-20"/>
  </code>
</codes>
<dc element="dc.publisher" value="Reuters Holdings Plc"/>
<dc element="dc.date.published" value="1996-08-20"/>
<dc element="dc.source" value="Reuters"/>
<dc element="dc.creator.location.country.name" value="USA"/>
<dc element="dc.source" value="Reuters"/>
</metadata>
</newsitem>
