<?xml version="1.0" encoding="iso-8859-1" ?>
<newsitem itemid="2775" id="root" date="1996-08-20" xml:lang="en">
<title>USA: INTERVIEW - CompuServe CEO optimistic.</title>
<headline>INTERVIEW - CompuServe CEO optimistic.</headline>
<byline>Susan Zimmerman</byline>
<dateline>COLUMBUS, Ohio 1996-08-20</dateline>
<text>
<p>CompuServe Corp president and chief executive officer Bob Massey said Tuesday that despite a $0.32 a share first-quarter loss and a projected second-quarter loss, the outlook is positive for the on-line services firm.</p>
<p>&quot;Moving into the second quarter we're seeing an increase in usage in the CompuServe Information Service,&quot; Massey said in a telephone interview.</p>
<p>He also said trends in usage per member and revenue per member are &quot;clearly going in the right direction.&quot;  </p>
<p>Subscribers declined in the first quarter ended July 31 but Massey said that may be weather-related. &quot;I think in general the trend is in a positive direction,&quot; he said.</p>
<p>CompuServe has addressed subscriber declines by upgrading its infrastructure to improve speed and performance and is releasing a new software product, CompuServe 3.0, that is easier to use and has an integrated Internet browser, he said.</p>
<p>Marketing programs will promote CompuServe 3.0 and WOW! for Teens, which will be released in September, he said.  </p>
<p>&quot;We are expecting that we will have a loss in the second quarter in the neighborhood of $0.10-$0.15 and that ... the earnings will improve from that point forward,&quot; Massey said in a telephone interview.</p>
<p>Earlier Tuesday CompuServe reported on its first quarter, warned of the expected second-quarter loss and said it expects improvements in the second half.</p>
<p>&quot;We think the company is extremely well positioned to take advantage of the opportunities in this nascent environment we're in, in both the consumer online Internet market as well as the Corporate Internet Services,&quot; Massey said.  </p>
<p>He said the corporate service, which he called the company's &quot;crown jewel,&quot; gained 43 customers in the first quarter, bringing the total to more than 1,000.</p>
<p>New partnerships with IBM, Netscape Communications Corp, Microsoft Corp and Oracle Corp provide comprehensive intranet-hosting platforms, he said. In the second quarter, CompuServe will have two icons in the Microsoft Windows 95 online services folder, he said.  </p>
<p>At July 31, CompuServe said, it had 3.3 million direct worldwide subscribers and, with NiftyServe, its Japanese licensee, a total of 5.2 million. WOW!, a new service for novice users introduced four months ago, grew to 92,000 users, and the SPRYNET Internet access serviced grew to 163,000.</p>
<p>--Cleveland Newsdesk 216-579-0077</p>
</text>
<copyright>(c) Reuters Limited 1996</copyright>
<metadata>
<codes class="bip:countries:1.0">
  <code code="USA">
    <editdetail attribution="Reuters BIP Coding Group" action="confirmed" date="1996-08-20"/>
  </code>
</codes>
<codes class="bip:industries:1.0">
  <code code="I33020">
    <editdetail attribution="Reuters BIP Coding Group" action="confirmed" date="1996-08-20"/>
  </code>
  <code code="I3302003">
    <editdetail attribution="Reuters BIP Coding Group" action="confirmed" date="1996-08-20"/>
  </code>
  <code code="I3302020">
    <editdetail attribution="Reuters BIP Coding Group" action="confirmed" date="1996-08-20"/>
  </code>
  <code code="I3302021">
    <editdetail attribution="Reuters BIP Coding Group" action="confirmed" date="1996-08-20"/>
  </code>
  <code code="I83940">
    <editdetail attribution="Reuters BIP Coding Group" action="confirmed" date="1996-08-20"/>
  </code>
</codes>
<codes class="bip:topics:1.0">
  <code code="C15">
    <editdetail attribution="Reuters BIP Coding Group" action="confirmed" date="1996-08-20"/>
  </code>
  <code code="C152">
    <editdetail attribution="Reuters BIP Coding Group" action="confirmed" date="1996-08-20"/>
  </code>
  <code code="CCAT">
    <editdetail attribution="Reuters BIP Coding Group" action="confirmed" date="1996-08-20"/>
  </code>
</codes>
<dc element="dc.date.created" value="1996-08-20"/>
<dc element="dc.publisher" value="Reuters Holdings Plc"/>
<dc element="dc.date.published" value="1996-08-20"/>
<dc element="dc.source" value="Reuters"/>
<dc element="dc.creator.location" value="COLUMBUS, Ohio"/>
<dc element="dc.creator.location.country.name" value="USA"/>
<dc element="dc.source" value="Reuters"/>
</metadata>
</newsitem>
