<?xml version="1.0" encoding="iso-8859-1" ?>
<newsitem itemid="2777" id="root" date="1996-08-20" xml:lang="en">
<title>USA: Rexene to move forward with own plan.</title>
<headline>Rexene to move forward with own plan.</headline>
<dateline>NEW YORK 1996-08-20</dateline>
<text>
<p>Rexene Corp said on Tuesday that it will pursue its own expansion plans, after privately- held Hunstman Corp dropped a $460 million unsolicited offer for the Dallas-based company.</p>
<p>&quot;Rexene feels it has significant improvement and expansion programs underway that will enhance stockholder value,&quot; said Rexene Chairman Andrew Smith. &quot;We will now go forward with our business plan.&quot;</p>
<p>Rexene twice rejected Huntsman's acquisition offer, saying the proposal was &quot;inadequate.&quot;</p>
<p>Shares of Rexene tumbled 2-1/4 to 10-1/2 in after hours trading following the news.</p>
<p>-- New York Newsdesk 212-859-1610</p>
</text>
<copyright>(c) Reuters Limited 1996</copyright>
<metadata>
<codes class="bip:countries:1.0">
  <code code="USA">
    <editdetail attribution="Reuters BIP Coding Group" action="confirmed" date="1996-08-20"/>
  </code>
</codes>
<codes class="bip:industries:1.0">
  <code code="I25000">
    <editdetail attribution="Reuters BIP Coding Group" action="confirmed" date="1996-08-20"/>
  </code>
  <code code="I25140">
    <editdetail attribution="Reuters BIP Coding Group" action="confirmed" date="1996-08-20"/>
  </code>
</codes>
<codes class="bip:topics:1.0">
  <code code="C18">
    <editdetail attribution="Reuters BIP Coding Group" action="confirmed" date="1996-08-20"/>
  </code>
  <code code="C181">
    <editdetail attribution="Reuters BIP Coding Group" action="confirmed" date="1996-08-20"/>
  </code>
  <code code="CCAT">
    <editdetail attribution="Reuters BIP Coding Group" action="confirmed" date="1996-08-20"/>
  </code>
</codes>
<dc element="dc.date.created" value="1996-08-20"/>
<dc element="dc.publisher" value="Reuters Holdings Plc"/>
<dc element="dc.date.published" value="1996-08-20"/>
<dc element="dc.source" value="Reuters"/>
<dc element="dc.creator.location" value="NEW YORK"/>
<dc element="dc.creator.location.country.name" value="USA"/>
<dc element="dc.source" value="Reuters"/>
</metadata>
</newsitem>
