<?xml version="1.0" encoding="iso-8859-1" ?>
<newsitem itemid="2779" id="root" date="1996-08-20" xml:lang="en">
<title>USA: FOCUS - U.S. refiners boost distillate production.</title>
<headline>FOCUS - U.S. refiners boost distillate production.</headline>
<byline>James Pierpoint</byline>
<dateline>HOUSTON 1996-08-20</dateline>
<text>
<p>Hidden deep in the latest American Petroleum Institute's petroleum stocks survey released on Tuesday were early signs that U.S. refiners have stepped up distillate production to bolster heating oil inventories ahead of the winter heating season, analysts said Tuesday.</p>
<p>The industry trade group's weekly report on U.S. refining activity also confirmed reports that refinery runs at West Coast refineries were cut deeply by a power outage that struck several Western states last week, analysts said.</p>
</text>
<copyright>(c) Reuters Limited 1996</copyright>
<metadata>
<codes class="bip:countries:1.0">
  <code code="USA">
    <editdetail attribution="Reuters BIP Coding Group" action="confirmed" date="1996-08-20"/>
  </code>
</codes>
<codes class="bip:industries:1.0">
  <code code="I14000">
    <editdetail attribution="Reuters BIP Coding Group" action="confirmed" date="1996-08-20"/>
  </code>
</codes>
<codes class="bip:topics:1.0">
  <code code="C21">
    <editdetail attribution="Reuters BIP Coding Group" action="confirmed" date="1996-08-20"/>
  </code>
  <code code="CCAT">
    <editdetail attribution="Reuters BIP Coding Group" action="confirmed" date="1996-08-20"/>
  </code>
  <code code="M14">
    <editdetail attribution="Reuters BIP Coding Group" action="confirmed" date="1996-08-20"/>
  </code>
  <code code="M143">
    <editdetail attribution="Reuters BIP Coding Group" action="confirmed" date="1996-08-20"/>
  </code>
  <code code="MCAT">
    <editdetail attribution="Reuters BIP Coding Group" action="confirmed" date="1996-08-20"/>
  </code>
</codes>
<dc element="dc.date.created" value="1996-08-20"/>
<dc element="dc.publisher" value="Reuters Holdings Plc"/>
<dc element="dc.date.published" value="1996-08-20"/>
<dc element="dc.source" value="Reuters"/>
<dc element="dc.creator.location" value="HOUSTON"/>
<dc element="dc.creator.location.country.name" value="USA"/>
<dc element="dc.source" value="Reuters"/>
</metadata>
</newsitem>
