<?xml version="1.0" encoding="iso-8859-1" ?>
<newsitem itemid="2781" id="root" date="1996-08-20" xml:lang="en">
<title>USA: Krantor Corp Q2 full results.</title>
<headline>Krantor Corp Q2 full results.</headline>
<dateline>DEER PARK, N.Y. 1996-08-20</dateline>
<text>
<p>(All Figures Below Are In 000's Except Earnings Per Share)</p>
<p>			     Three Months Ended    Six Months Ended</p>
<p>				    June 30		   June 30</p>
<p>				  1996	  1995     1996	1995</p>
<p>SALES</p>
<p> Continued Operations $  1,057    $ 10,794 $  5,837  $ 21,024</p>
<p>Discontinued</p>
<p>   Operations		4,289	    --   12,852	  --</p>
<p> TOTAL			 5,346	10,794   18,690    21,024</p>
<p>Income (Loss) From</p>
<p>Continuing</p>
<p>   Operations		 (75)	   338    (115)	 606</p>
<p> Per Share		   (.02)	   .07    (.04)	 .13</p>
<p>Discontinued</p>
<p>   Operations	    (2,768)	    --  (2,939)	  --</p>
<p> Per Share		   (.54)	    --    (.59)	  --</p>
<p> Net Income (Loss)     (2,899)	   338  (3,164)	 606</p>
<p> Per Share		   (.56)	   .07    (.63)	 .13</p>
<p>Weighted Average</p>
<p>   Outstanding Shares    5,139	 4,779    5,059     4,753</p>
<p>-- New York Newsdesk 212 859-1610</p>
</text>
<copyright>(c) Reuters Limited 1996</copyright>
<metadata>
<codes class="bip:countries:1.0">
  <code code="USA">
    <editdetail attribution="Reuters BIP Coding Group" action="confirmed" date="1996-08-20"/>
  </code>
</codes>
<codes class="bip:industries:1.0">
  <code code="I61000">
    <editdetail attribution="Reuters BIP Coding Group" action="confirmed" date="1996-08-20"/>
  </code>
</codes>
<codes class="bip:topics:1.0">
  <code code="C15">
    <editdetail attribution="Reuters BIP Coding Group" action="confirmed" date="1996-08-20"/>
  </code>
  <code code="C151">
    <editdetail attribution="Reuters BIP Coding Group" action="confirmed" date="1996-08-20"/>
  </code>
  <code code="CCAT">
    <editdetail attribution="Reuters BIP Coding Group" action="confirmed" date="1996-08-20"/>
  </code>
</codes>
<dc element="dc.date.created" value="1996-08-20"/>
<dc element="dc.publisher" value="Reuters Holdings Plc"/>
<dc element="dc.date.published" value="1996-08-20"/>
<dc element="dc.source" value="Reuters"/>
<dc element="dc.creator.location" value="DEER PARK, N.Y."/>
<dc element="dc.creator.location.country.name" value="USA"/>
<dc element="dc.source" value="Reuters"/>
</metadata>
</newsitem>
