<?xml version="1.0" encoding="iso-8859-1" ?>
<newsitem itemid="2790" id="root" date="1996-08-20" xml:lang="en">
<title>USA: Scherer Healthcare Inc Q1 full results.</title>
<headline>Scherer Healthcare Inc Q1 full results.</headline>
<dateline>ATLANTA 1996-08-20</dateline>
<text>
<p>SCHERER HEALTHCARE, INC.</p>
<p>		Unaudited Financial Summary</p>
<p>	     (In thousands, except per share data)</p>
<p>							 Three months ended</p>
<p>								 June 30,</p>
<p>							     1996	1995</p>
<p> Net sales					     $9,059   $11,468</p>
<p> Operating income (loss)			     (74)	 206</p>
<p> Income (loss) from continuing operations	(14)	 143</p>
<p> Loss from discontinued operations		  ---     (326)</p>
<p> Net loss						  (14)     (183)</p>
<p>Income (loss) from continuing operations</p>
<p>  per share						0.00	0.03</p>
<p> Net loss per share				    0.00    (0.04)</p>
<p>Weighted average number of shares outstanding</p>
<p>							    4,291     4,266</p>
<p>SOURCE  Scherer Healthcare, Inc.</p>
<p>-- New York Newsdesk 212 859-1610</p>
</text>
<copyright>(c) Reuters Limited 1996</copyright>
<metadata>
<codes class="bip:countries:1.0">
  <code code="USA">
    <editdetail attribution="Reuters BIP Coding Group" action="confirmed" date="1996-08-20"/>
  </code>
</codes>
<codes class="bip:industries:1.0">
  <code code="I25700">
    <editdetail attribution="Reuters BIP Coding Group" action="confirmed" date="1996-08-20"/>
  </code>
</codes>
<codes class="bip:topics:1.0">
  <code code="C15">
    <editdetail attribution="Reuters BIP Coding Group" action="confirmed" date="1996-08-20"/>
  </code>
  <code code="C151">
    <editdetail attribution="Reuters BIP Coding Group" action="confirmed" date="1996-08-20"/>
  </code>
  <code code="CCAT">
    <editdetail attribution="Reuters BIP Coding Group" action="confirmed" date="1996-08-20"/>
  </code>
</codes>
<dc element="dc.date.created" value="1996-08-20"/>
<dc element="dc.publisher" value="Reuters Holdings Plc"/>
<dc element="dc.date.published" value="1996-08-20"/>
<dc element="dc.source" value="Reuters"/>
<dc element="dc.creator.location" value="ATLANTA"/>
<dc element="dc.creator.location.country.name" value="USA"/>
<dc element="dc.source" value="Reuters"/>
</metadata>
</newsitem>
