<?xml version="1.0" encoding="iso-8859-1" ?>
<newsitem itemid="2797" id="root" date="1996-08-20" xml:lang="en">
<title>USA: CM Bank approves merger with Hibernia.</title>
<headline>CM Bank approves merger with Hibernia.</headline>
<dateline>LAKE CHARLES, La. 1996-08-20</dateline>
<text>
<p>Hibernia Corp said on Tuesday CM Bank Holding Co shareholders approved their company's merger with Hibernia Corp.</p>
<p>The merger is expected to become effective August 26, 1996, Hibernia said.</p>
<p>CM Bank is the parent of Calcasieu Marine National Bank with $791 million in assets and 21 banking locations in Louisiana, the company said.</p>
</text>
<copyright>(c) Reuters Limited 1996</copyright>
<metadata>
<codes class="bip:countries:1.0">
  <code code="USA">
    <editdetail attribution="Reuters BIP Coding Group" action="confirmed" date="1996-08-20"/>
  </code>
</codes>
<codes class="bip:industries:1.0">
  <code code="I81402">
    <editdetail attribution="Reuters BIP Coding Group" action="confirmed" date="1996-08-20"/>
  </code>
</codes>
<codes class="bip:topics:1.0">
  <code code="C18">
    <editdetail attribution="Reuters BIP Coding Group" action="confirmed" date="1996-08-20"/>
  </code>
  <code code="C181">
    <editdetail attribution="Reuters BIP Coding Group" action="confirmed" date="1996-08-20"/>
  </code>
  <code code="CCAT">
    <editdetail attribution="Reuters BIP Coding Group" action="confirmed" date="1996-08-20"/>
  </code>
</codes>
<dc element="dc.date.created" value="1996-08-20"/>
<dc element="dc.publisher" value="Reuters Holdings Plc"/>
<dc element="dc.date.published" value="1996-08-20"/>
<dc element="dc.source" value="Reuters"/>
<dc element="dc.creator.location" value="LAKE CHARLES, La."/>
<dc element="dc.creator.location.country.name" value="USA"/>
<dc element="dc.source" value="Reuters"/>
</metadata>
</newsitem>
