<?xml version="1.0" encoding="iso-8859-1" ?>
<newsitem itemid="2799" id="root" date="1996-08-20" xml:lang="en">
<title>USA: Crown Pacific to buy Garka Mill facility.</title>
<headline>Crown Pacific to buy Garka Mill facility.</headline>
<dateline>PORTLAND, Ore 1996-08-20</dateline>
<text>
<p>Crown Pacific Partners L.P. said it agreed to buy a Marysville, Wash., sawmill from Garka Mill Co Inc for about $2.7 million.</p>
<p>The acquisition is expected to close September 16.</p>
<p>Once a planned capital improvement program is complete, the facility will employ about 50 people, including personnel currently employed.</p>
<p>Crown Pacific will supply the mill with logs from its 185,000 acres of timberland located in the Skagit Valley and the Olympic Peninsula of Washington state.</p>
</text>
<copyright>(c) Reuters Limited 1996</copyright>
<metadata>
<codes class="bip:countries:1.0">
  <code code="USA">
    <editdetail attribution="Reuters BIP Coding Group" action="confirmed" date="1996-08-20"/>
  </code>
</codes>
<codes class="bip:industries:1.0">
  <code code="I02000">
    <editdetail attribution="Reuters BIP Coding Group" action="confirmed" date="1996-08-20"/>
  </code>
</codes>
<codes class="bip:topics:1.0">
  <code code="C18">
    <editdetail attribution="Reuters BIP Coding Group" action="confirmed" date="1996-08-20"/>
  </code>
  <code code="C182">
    <editdetail attribution="Reuters BIP Coding Group" action="confirmed" date="1996-08-20"/>
  </code>
  <code code="CCAT">
    <editdetail attribution="Reuters BIP Coding Group" action="confirmed" date="1996-08-20"/>
  </code>
</codes>
<dc element="dc.date.created" value="1996-08-20"/>
<dc element="dc.publisher" value="Reuters Holdings Plc"/>
<dc element="dc.date.published" value="1996-08-20"/>
<dc element="dc.source" value="Reuters"/>
<dc element="dc.creator.location" value="PORTLAND, Ore"/>
<dc element="dc.creator.location.country.name" value="USA"/>
<dc element="dc.source" value="Reuters"/>
</metadata>
</newsitem>
