<?xml version="1.0" encoding="iso-8859-1" ?>
<newsitem itemid="2801" id="root" date="1996-08-20" xml:lang="en">
<title>USA: Lenox Polymers Ltd profit vs loss.</title>
<headline>Lenox Polymers Ltd profit vs loss.</headline>
<dateline>PORT HURON, Mich. 1996-08-20</dateline>
<text>
<p>Three Months Ended</p>
<p>					  May 31, 1996     May 31, 1995</p>
<p> Sales					 $141,000	 $     ---</p>
<p> Other income				   1,269		  98</p>
<p> Total revenue				142,289		  98</p>
<p> Total expenses			     127,841	   130,474</p>
<p> Net income (loss)			   14,428	 (130,376)</p>
<p> Earnings (loss) per common share	 0.003	    (0.03)</p>
<p> Avg shrs				   4,809,333	 4,345,867</p>
<p>							 Nine Months Ended</p>
<p>					  May 31, 1996     May 31, 1995</p>
<p> Sales					 $361,777	 $     ---</p>
<p> Other income				   2,369		 258</p>
<p> Total revenue				364,146		 258</p>
<p> Total expenses			     372,349	   315,304</p>
<p> Net income (loss)			  (8,203)	 (315,304)</p>
<p> Earnings (loss) per common share     (0.002)	    (0.08)</p>
<p> Avg shrs				   4,101,500	 3,944,525</p>
<p>--Chicago newsdesk, 312-408-8787</p>
</text>
<copyright>(c) Reuters Limited 1996</copyright>
<metadata>
<codes class="bip:countries:1.0">
  <code code="CANA">
    <editdetail attribution="Reuters BIP Coding Group" action="confirmed" date="1996-08-20"/>
  </code>
  <code code="USA">
    <editdetail attribution="Reuters BIP Coding Group" action="confirmed" date="1996-08-20"/>
  </code>
</codes>
<codes class="bip:industries:1.0">
  <code code="I25120">
    <editdetail attribution="Reuters BIP Coding Group" action="confirmed" date="1996-08-20"/>
  </code>
</codes>
<codes class="bip:topics:1.0">
  <code code="C15">
    <editdetail attribution="Reuters BIP Coding Group" action="confirmed" date="1996-08-20"/>
  </code>
  <code code="C151">
    <editdetail attribution="Reuters BIP Coding Group" action="confirmed" date="1996-08-20"/>
  </code>
  <code code="CCAT">
    <editdetail attribution="Reuters BIP Coding Group" action="confirmed" date="1996-08-20"/>
  </code>
</codes>
<dc element="dc.date.created" value="1996-08-20"/>
<dc element="dc.publisher" value="Reuters Holdings Plc"/>
<dc element="dc.date.published" value="1996-08-20"/>
<dc element="dc.source" value="Reuters"/>
<dc element="dc.creator.location" value="PORT HURON, Mich."/>
<dc element="dc.creator.location.country.name" value="USA"/>
<dc element="dc.source" value="Reuters"/>
</metadata>
</newsitem>
