<?xml version="1.0" encoding="iso-8859-1" ?>
<newsitem itemid="2804" id="root" date="1996-08-20" xml:lang="en">
<title>USA: U.S. Stockpile sells zinc for average $0.4803/lb.</title>
<headline>U.S. Stockpile sells zinc for average $0.4803/lb.</headline>
<dateline>WASHINGTON 1996-08-20</dateline>
<text>
<p>The U.S. Defense National Stockpile Center sold 6,862,000 pounds of surplus zinc Tuesday for an average $0.4803 per pound.  </p>
<p>Awards and prices per pound were as follows:</p>
<p>Trademet Inc 880,000 lbs $0.4839</p>
<p>Trademet Inc 880,000 lbs $0.4824</p>
<p>Hochschild Partners 440,000 lbs $0.4824</p>
<p>SiPi Metals Corp 42,000 $0.4820</p>
<p>SiPi Metals Corp 42,000 $0.4810</p>
<p>Trademet Inc 880,000 lbs $0.4809</p>
<p>Hochschild Partners 440,000 lbs $0.4804</p>
<p>Trademet Inc 880,000 lbs $0.4799</p>
<p>SiPi Metals Corp 42,000 lbs $0.4799</p>
<p>SiPi Metals Corp 42,000 lbs $0.4789</p>
<p>Trademet Inc 880,000 lbs $0.4784</p>
<p>Tally Metal Sales Inc 45,000 lbs $0.4781</p>
<p>Colwell Kennedy 440,000 lbs $0.4775</p>
<p>Tally Metal Sales Inc 225,000 lbs $0.4773</p>
<p>I. Schumann &amp; Co 88,000 lbs $0.4772</p>
<p>Trademet Inc 176,000 lbs $0.4770</p>
<p>Hochschild Partners 440,000 lbs $0.4769</p>
<p>-- Washington Commodities Desk (202) 898-8489</p>
</text>
<copyright>(c) Reuters Limited 1996</copyright>
<metadata>
<codes class="bip:countries:1.0">
  <code code="USA">
    <editdetail attribution="Reuters BIP Coding Group" action="confirmed" date="1996-08-20"/>
  </code>
</codes>
<codes class="bip:topics:1.0">
  <code code="M14">
    <editdetail attribution="Reuters BIP Coding Group" action="confirmed" date="1996-08-20"/>
  </code>
  <code code="M142">
    <editdetail attribution="Reuters BIP Coding Group" action="confirmed" date="1996-08-20"/>
  </code>
  <code code="MCAT">
    <editdetail attribution="Reuters BIP Coding Group" action="confirmed" date="1996-08-20"/>
  </code>
</codes>
<dc element="dc.date.created" value="1996-08-20"/>
<dc element="dc.publisher" value="Reuters Holdings Plc"/>
<dc element="dc.date.published" value="1996-08-20"/>
<dc element="dc.source" value="Reuters"/>
<dc element="dc.creator.location" value="WASHINGTON"/>
<dc element="dc.creator.location.country.name" value="USA"/>
<dc element="dc.source" value="Reuters"/>
</metadata>
</newsitem>
