<?xml version="1.0" encoding="iso-8859-1" ?>
<newsitem itemid="2805" id="root" date="1996-08-20" xml:lang="en">
<title>USA: Emerson Radio Corp Q1 net loss widens.</title>
<headline>Emerson Radio Corp Q1 net loss widens.</headline>
<dateline>PARSIPPANY, N.Y. 1996-08-20</dateline>
<text>
<p>1996		     1995</p>
<p> Shr loss	  $0.12	    loss  $0.04</p>
<p> Net loss	  4,723	    loss  1,401</p>
<p> Net revs	  41,147		   57,058</p>
<p> Avg shrs	  40,253		   40,253</p>
<p>(All Data Above 000s Except Per Share Numbers)</p>
<p>-- New York Newsdesk 212-859-1610</p>
</text>
<copyright>(c) Reuters Limited 1996</copyright>
<metadata>
<codes class="bip:countries:1.0">
  <code code="USA">
    <editdetail attribution="Reuters BIP Coding Group" action="confirmed" date="1996-08-20"/>
  </code>
</codes>
<codes class="bip:industries:1.0">
  <code code="I34540">
    <editdetail attribution="Reuters BIP Coding Group" action="confirmed" date="1996-08-20"/>
  </code>
</codes>
<codes class="bip:topics:1.0">
  <code code="C15">
    <editdetail attribution="Reuters BIP Coding Group" action="confirmed" date="1996-08-20"/>
  </code>
  <code code="C151">
    <editdetail attribution="Reuters BIP Coding Group" action="confirmed" date="1996-08-20"/>
  </code>
  <code code="CCAT">
    <editdetail attribution="Reuters BIP Coding Group" action="confirmed" date="1996-08-20"/>
  </code>
</codes>
<dc element="dc.date.created" value="1996-08-20"/>
<dc element="dc.publisher" value="Reuters Holdings Plc"/>
<dc element="dc.date.published" value="1996-08-20"/>
<dc element="dc.source" value="Reuters"/>
<dc element="dc.creator.location" value="PARSIPPANY, N.Y."/>
<dc element="dc.creator.location.country.name" value="USA"/>
<dc element="dc.source" value="Reuters"/>
</metadata>
</newsitem>
