<?xml version="1.0" encoding="iso-8859-1" ?>
<newsitem itemid="2806" id="root" date="1996-08-20" xml:lang="en">
<title>USA: DynEco signs Lockheed agreement.</title>
<headline>DynEco signs Lockheed agreement.</headline>
<dateline>MINNEAPOLIS 1996-08-20</dateline>
<text>
<p>DynEco Corp said Tuesday it signed a research and development agreement with Lockheed Martin Energy Research Corp, to support the U.S. Department of Energy's hybrid electrical vehicle program.</p>
<p>DynEco's Orbital Vane compressor has been tested by Lockheed Martin and appears to be suitable for the vehicle. DynEco and Lockheed will work together to design, fabricate and further validate the compressor, DynEco said.</p>
<p>--Chicago newsdesk, 312-408-8787</p>
</text>
<copyright>(c) Reuters Limited 1996</copyright>
<metadata>
<codes class="bip:countries:1.0">
  <code code="USA">
    <editdetail attribution="Reuters BIP Coding Group" action="confirmed" date="1996-08-20"/>
  </code>
</codes>
<codes class="bip:industries:1.0">
  <code code="I32830">
    <editdetail attribution="Reuters BIP Coding Group" action="confirmed" date="1996-08-20"/>
  </code>
  <code code="I36400">
    <editdetail attribution="Reuters BIP Coding Group" action="confirmed" date="1996-08-20"/>
  </code>
</codes>
<codes class="bip:topics:1.0">
  <code code="C33">
    <editdetail attribution="Reuters BIP Coding Group" action="confirmed" date="1996-08-20"/>
  </code>
  <code code="CCAT">
    <editdetail attribution="Reuters BIP Coding Group" action="confirmed" date="1996-08-20"/>
  </code>
</codes>
<dc element="dc.date.created" value="1996-08-20"/>
<dc element="dc.publisher" value="Reuters Holdings Plc"/>
<dc element="dc.date.published" value="1996-08-20"/>
<dc element="dc.source" value="Reuters"/>
<dc element="dc.creator.location" value="MINNEAPOLIS"/>
<dc element="dc.creator.location.country.name" value="USA"/>
<dc element="dc.source" value="Reuters"/>
</metadata>
</newsitem>
