<?xml version="1.0" encoding="iso-8859-1" ?>
<newsitem itemid="2807" id="root" date="1996-08-20" xml:lang="en">
<title>USA: Blue Fish Clothing Q2 shr $0.02 vs $0.01.</title>
<headline>Blue Fish Clothing Q2 shr $0.02 vs $0.01.</headline>
<dateline>FRENCHTOWN, N.J. 1996-08-20</dateline>
<text>
<p>1996			1995</p>
<p> Shr		 $0.02		    $0.01</p>
<p> Net		 81			 49</p>
<p> Revs		3,122		    2,397</p>
<p> Avg shrs	  4,291		    3,832</p>
<p>	  6  MONTHS</p>
<p> Shr		 nil			$0.03</p>
<p> Net		 11			 110</p>
<p> Revs		5,874		    4,207</p>
<p> Avg shrs	  4,064		    3,832</p>
<p>(All data above 000s except per share numbers) NOTE: Full company name Blue Fish Clothing Inc. The company recorded a tax benefit of $173,566 as a result of establishing deferred income tax assets upon the company's conversion to a C Corporation.</p>
</text>
<copyright>(c) Reuters Limited 1996</copyright>
<metadata>
<codes class="bip:countries:1.0">
  <code code="USA">
    <editdetail attribution="Reuters BIP Coding Group" action="confirmed" date="1996-08-20"/>
  </code>
</codes>
<codes class="bip:industries:1.0">
  <code code="I45300">
    <editdetail attribution="Reuters BIP Coding Group" action="confirmed" date="1996-08-20"/>
  </code>
</codes>
<codes class="bip:topics:1.0">
  <code code="C15">
    <editdetail attribution="Reuters BIP Coding Group" action="confirmed" date="1996-08-20"/>
  </code>
  <code code="C151">
    <editdetail attribution="Reuters BIP Coding Group" action="confirmed" date="1996-08-20"/>
  </code>
  <code code="CCAT">
    <editdetail attribution="Reuters BIP Coding Group" action="confirmed" date="1996-08-20"/>
  </code>
</codes>
<dc element="dc.date.created" value="1996-08-20"/>
<dc element="dc.publisher" value="Reuters Holdings Plc"/>
<dc element="dc.date.published" value="1996-08-20"/>
<dc element="dc.source" value="Reuters"/>
<dc element="dc.creator.location" value="FRENCHTOWN, N.J."/>
<dc element="dc.creator.location.country.name" value="USA"/>
<dc element="dc.source" value="Reuters"/>
</metadata>
</newsitem>
