<?xml version="1.0" encoding="iso-8859-1" ?>
<newsitem itemid="2808" id="root" date="1996-08-20" xml:lang="en">
<title>USA: Apollo group raises Koger Equity stake.</title>
<headline>Apollo group raises Koger Equity stake.</headline>
<dateline>WASHINGTON 1996-08-20</dateline>
<text>
<p>A group including Apollo Real Estate Investment Fund II L.P. said Tuesday it raised its stake in Koger Equity Inc to 1,713,598 common shares or 9.59 percent from 8.25 percent previously held.</p>
<p>In a filing with the Securities and Exchange Commission, the group said it bought an additional 241,000 common shares between July 15 and August 20 at prices ranging from $13.125 $15 per share.</p>
</text>
<copyright>(c) Reuters Limited 1996</copyright>
<metadata>
<codes class="bip:countries:1.0">
  <code code="USA">
    <editdetail attribution="Reuters BIP Coding Group" action="confirmed" date="1996-08-20"/>
  </code>
</codes>
<codes class="bip:industries:1.0">
  <code code="I81502">
    <editdetail attribution="Reuters BIP Coding Group" action="confirmed" date="1996-08-20"/>
  </code>
  <code code="I8150206">
    <editdetail attribution="Reuters BIP Coding Group" action="confirmed" date="1996-08-20"/>
  </code>
</codes>
<codes class="bip:topics:1.0">
  <code code="C18">
    <editdetail attribution="Reuters BIP Coding Group" action="confirmed" date="1996-08-20"/>
  </code>
  <code code="C181">
    <editdetail attribution="Reuters BIP Coding Group" action="confirmed" date="1996-08-20"/>
  </code>
  <code code="CCAT">
    <editdetail attribution="Reuters BIP Coding Group" action="confirmed" date="1996-08-20"/>
  </code>
</codes>
<dc element="dc.date.created" value="1996-08-20"/>
<dc element="dc.publisher" value="Reuters Holdings Plc"/>
<dc element="dc.date.published" value="1996-08-20"/>
<dc element="dc.source" value="Reuters"/>
<dc element="dc.creator.location" value="WASHINGTON"/>
<dc element="dc.creator.location.country.name" value="USA"/>
<dc element="dc.source" value="Reuters"/>
</metadata>
</newsitem>
