<?xml version="1.0" encoding="iso-8859-1" ?>
<newsitem itemid="2811" id="root" date="1996-08-20" xml:lang="en">
<title>USA: Caterpillar gets Army production contract.</title>
<headline>Caterpillar gets Army production contract.</headline>
<dateline>WARREN, Mich. 1996-08-20</dateline>
<text>
<p>Caterpillar Inc was awarded an Army contract option valued at $8.7 million to produce a high-speed, rubber-tracked bulldozer, the U.S. Army Tank-automotive and Armaments Command said Tuesday.</p>
<p>Caterpillar will produce 15 of the bulldozers and deliver them beginning in May 1997 for testing, the Command said in a release.</p>
<p>The contract is a production option to a 1995 research and development contract. It is the first of several options, the Command said, and the total of all options would be $56.6 million over the next four years.</p>
<p>--Chicago newsdesk, 312-408-8787</p>
</text>
<copyright>(c) Reuters Limited 1996</copyright>
<metadata>
<codes class="bip:countries:1.0">
  <code code="USA">
    <editdetail attribution="Reuters BIP Coding Group" action="confirmed" date="1996-08-20"/>
  </code>
</codes>
<codes class="bip:industries:1.0">
  <code code="I32540">
    <editdetail attribution="Reuters BIP Coding Group" action="confirmed" date="1996-08-20"/>
  </code>
</codes>
<codes class="bip:topics:1.0">
  <code code="C33">
    <editdetail attribution="Reuters BIP Coding Group" action="confirmed" date="1996-08-20"/>
  </code>
  <code code="C331">
    <editdetail attribution="Reuters BIP Coding Group" action="confirmed" date="1996-08-20"/>
  </code>
  <code code="CCAT">
    <editdetail attribution="Reuters BIP Coding Group" action="confirmed" date="1996-08-20"/>
  </code>
</codes>
<dc element="dc.date.created" value="1996-08-20"/>
<dc element="dc.publisher" value="Reuters Holdings Plc"/>
<dc element="dc.date.published" value="1996-08-20"/>
<dc element="dc.source" value="Reuters"/>
<dc element="dc.creator.location" value="WARREN, Mich."/>
<dc element="dc.creator.location.country.name" value="USA"/>
<dc element="dc.source" value="Reuters"/>
</metadata>
</newsitem>
