<?xml version="1.0" encoding="iso-8859-1" ?>
<newsitem itemid="2815" id="root" date="1996-08-20" xml:lang="en">
<title>USA: Gabelli group hikes Culbro Corp stake.</title>
<headline>Gabelli group hikes Culbro Corp stake.</headline>
<dateline>WASHINGTON 1996-08-20</dateline>
<text>
<p>A group led by New York investment manager Mario Gabelli said Tuesday it raised its stake in Culbro Corp to 1,076,500 common shares or 24.06 percent from 22.56 percent held previously.</p>
<p>In a filing with the Securities and Exchange Commission, the group said its latest transactions include net purchases of 42,300 common shares between August 12 and August 16 at prices ranging from $43.3750 to $54.3625 per share.</p>
</text>
<copyright>(c) Reuters Limited 1996</copyright>
<metadata>
<codes class="bip:countries:1.0">
  <code code="USA">
    <editdetail attribution="Reuters BIP Coding Group" action="confirmed" date="1996-08-20"/>
  </code>
</codes>
<codes class="bip:industries:1.0">
  <code code="I42900">
    <editdetail attribution="Reuters BIP Coding Group" action="confirmed" date="1996-08-20"/>
  </code>
  <code code="I81502">
    <editdetail attribution="Reuters BIP Coding Group" action="confirmed" date="1996-08-20"/>
  </code>
</codes>
<codes class="bip:topics:1.0">
  <code code="C18">
    <editdetail attribution="Reuters BIP Coding Group" action="confirmed" date="1996-08-20"/>
  </code>
  <code code="C181">
    <editdetail attribution="Reuters BIP Coding Group" action="confirmed" date="1996-08-20"/>
  </code>
  <code code="CCAT">
    <editdetail attribution="Reuters BIP Coding Group" action="confirmed" date="1996-08-20"/>
  </code>
</codes>
<dc element="dc.date.created" value="1996-08-20"/>
<dc element="dc.publisher" value="Reuters Holdings Plc"/>
<dc element="dc.date.published" value="1996-08-20"/>
<dc element="dc.source" value="Reuters"/>
<dc element="dc.creator.location" value="WASHINGTON"/>
<dc element="dc.creator.location.country.name" value="USA"/>
<dc element="dc.source" value="Reuters"/>
</metadata>
</newsitem>
