<?xml version="1.0" encoding="iso-8859-1" ?>
<newsitem itemid="2817" id="root" date="1996-08-20" xml:lang="en">
<title>USA: National Mercantile Q2 loss narrows.</title>
<headline>National Mercantile Q2 loss narrows.</headline>
<dateline>LOS ANGELES 1996-08-20</dateline>
<text>
<p>1996			1995</p>
<p> Shr loss	  $0.23	  loss    $0.57</p>
<p> Net loss	  697	    loss    1,753</p>
<p>(All data above 000s except per share numbers)</p>
<p>Note - Q2 1996 loss includes $1 million accural for settlement of a law suit, $579,000 federal income tax refund and fees associated with refund of $145,000.</p>
</text>
<copyright>(c) Reuters Limited 1996</copyright>
<metadata>
<codes class="bip:countries:1.0">
  <code code="USA">
    <editdetail attribution="Reuters BIP Coding Group" action="confirmed" date="1996-08-20"/>
  </code>
</codes>
<codes class="bip:industries:1.0">
  <code code="I81402">
    <editdetail attribution="Reuters BIP Coding Group" action="confirmed" date="1996-08-20"/>
  </code>
</codes>
<codes class="bip:topics:1.0">
  <code code="C15">
    <editdetail attribution="Reuters BIP Coding Group" action="confirmed" date="1996-08-20"/>
  </code>
  <code code="C151">
    <editdetail attribution="Reuters BIP Coding Group" action="confirmed" date="1996-08-20"/>
  </code>
  <code code="CCAT">
    <editdetail attribution="Reuters BIP Coding Group" action="confirmed" date="1996-08-20"/>
  </code>
</codes>
<dc element="dc.date.created" value="1996-08-20"/>
<dc element="dc.publisher" value="Reuters Holdings Plc"/>
<dc element="dc.date.published" value="1996-08-20"/>
<dc element="dc.source" value="Reuters"/>
<dc element="dc.creator.location" value="LOS ANGELES"/>
<dc element="dc.creator.location.country.name" value="USA"/>
<dc element="dc.source" value="Reuters"/>
</metadata>
</newsitem>
