<?xml version="1.0" encoding="iso-8859-1" ?>
<newsitem itemid="2818" id="root" date="1996-08-20" xml:lang="en">
<title>USA: Marcus Theatres expands theater network.</title>
<headline>Marcus Theatres expands theater network.</headline>
<dateline>MILWAUKEE 1996-08-20</dateline>
<text>
<p>Marcus Theatres Corp said Tuesday it plans to expand its theatre operations beyond Wisconsin and Illinois and renovate existing theatres.</p>
<p>Marcus Theatres said it is actively exploring new 24-screen sites in Kansas City, Detroit and St. Louis.</p>
<p>Marcus Theatres, a subsidiary of Marcus Corp, currently operates 266 screens and is the 20th largest theatre operator in the United States.</p>
<p>Marcus Theatres plans to renovate some existing theatres, replacing older seating with stadium seating. A total of 42 out of 80 screens at six Milwaukee-area locations will feature stadium seating.</p>
<p>Since the beginning of the company's fiscal year on May 31, 1996, 47 new movie screens have been added to bring the current screen count to 266.</p>
<p>More than 40 additional screens will be in operation by the end of May 1997, the company said in a statement.</p>
<p>Marcus Corp operates and franchises 129 Budgetel Inns in 28 states and three Woodfield Suites in Wisconsin and Colorado; three hotels in Wisconsin and one in Minnesota; the Grand Geneva Resort &amp; Spa in Lake Geneva, Wis.; and 31 KFC restaurants in Wisconsin.</p>
<p>	     Chicago newsdesk 312 408 8787</p>
</text>
<copyright>(c) Reuters Limited 1996</copyright>
<metadata>
<codes class="bip:countries:1.0">
  <code code="USA">
    <editdetail attribution="Reuters BIP Coding Group" action="confirmed" date="1996-08-20"/>
  </code>
</codes>
<codes class="bip:industries:1.0">
  <code code="I66500">
    <editdetail attribution="Reuters BIP Coding Group" action="confirmed" date="1996-08-20"/>
  </code>
</codes>
<codes class="bip:topics:1.0">
  <code code="C24">
    <editdetail attribution="Reuters BIP Coding Group" action="confirmed" date="1996-08-20"/>
  </code>
  <code code="CCAT">
    <editdetail attribution="Reuters BIP Coding Group" action="confirmed" date="1996-08-20"/>
  </code>
</codes>
<dc element="dc.date.created" value="1996-08-20"/>
<dc element="dc.publisher" value="Reuters Holdings Plc"/>
<dc element="dc.date.published" value="1996-08-20"/>
<dc element="dc.source" value="Reuters"/>
<dc element="dc.creator.location" value="MILWAUKEE"/>
<dc element="dc.creator.location.country.name" value="USA"/>
<dc element="dc.source" value="Reuters"/>
</metadata>
</newsitem>
