<?xml version="1.0" encoding="iso-8859-1" ?>
<newsitem itemid="2820" id="root" date="1996-08-20" xml:lang="en">
<title>USA: ImmunoTherapeutics names chief executive.</title>
<headline>ImmunoTherapeutics names chief executive.</headline>
<dateline>FARGO, N.D. 1996-08-20</dateline>
<text>
<p>ImmunoTherapeutics Inc said Tuesday it has named Michael Rosen president and chief executive, effective immediately.</p>
<p>Rosen replaces Gerald Vosika, who will continue as the company's chairman and chief scientific officer.</p>
<p>Prior to joining ImmunoTherapeutics, Rosen was president and chief executive officer of Pharma Mar SA.</p>
<p>--Chicago newsdesk, 312-408-8787</p>
</text>
<copyright>(c) Reuters Limited 1996</copyright>
<metadata>
<codes class="bip:countries:1.0">
  <code code="USA">
    <editdetail attribution="Reuters BIP Coding Group" action="confirmed" date="1996-08-20"/>
  </code>
</codes>
<codes class="bip:topics:1.0">
  <code code="C41">
    <editdetail attribution="Reuters BIP Coding Group" action="confirmed" date="1996-08-20"/>
  </code>
  <code code="C411">
    <editdetail attribution="Reuters BIP Coding Group" action="confirmed" date="1996-08-20"/>
  </code>
  <code code="CCAT">
    <editdetail attribution="Reuters BIP Coding Group" action="confirmed" date="1996-08-20"/>
  </code>
</codes>
<dc element="dc.date.created" value="1996-08-20"/>
<dc element="dc.publisher" value="Reuters Holdings Plc"/>
<dc element="dc.date.published" value="1996-08-20"/>
<dc element="dc.source" value="Reuters"/>
<dc element="dc.creator.location" value="FARGO, N.D."/>
<dc element="dc.creator.location.country.name" value="USA"/>
<dc element="dc.source" value="Reuters"/>
</metadata>
</newsitem>
