<?xml version="1.0" encoding="iso-8859-1" ?>
<newsitem itemid="2821" id="root" date="1996-08-20" xml:lang="en">
<title>USA: Oppenheimer Multi-Sector Trust Q2 net falls.</title>
<headline>Oppenheimer Multi-Sector Trust Q2 net falls.</headline>
<dateline>NEW YORK 1996-08-20</dateline>
<text>
<p>1996			1995</p>
<p> Shr			  $0.23		    $0.24</p>
<p> NII			  6,570		    7,054</p>
<p>	  9   MONTHS</p>
<p> Shr			  $0.69		    $0.71</p>
<p> NII			 19,987		   20,633</p>
<p>(All data above 000s except per share numbers)</p>
<p>NOTE: Trust's share and NII data refer to net investment income.</p>
</text>
<copyright>(c) Reuters Limited 1996</copyright>
<metadata>
<codes class="bip:countries:1.0">
  <code code="USA">
    <editdetail attribution="Reuters BIP Coding Group" action="confirmed" date="1996-08-20"/>
  </code>
</codes>
<codes class="bip:industries:1.0">
  <code code="I81502">
    <editdetail attribution="Reuters BIP Coding Group" action="confirmed" date="1996-08-20"/>
  </code>
  <code code="I8150206">
    <editdetail attribution="Reuters BIP Coding Group" action="confirmed" date="1996-08-20"/>
  </code>
</codes>
<codes class="bip:topics:1.0">
  <code code="C15">
    <editdetail attribution="Reuters BIP Coding Group" action="confirmed" date="1996-08-20"/>
  </code>
  <code code="C151">
    <editdetail attribution="Reuters BIP Coding Group" action="confirmed" date="1996-08-20"/>
  </code>
  <code code="CCAT">
    <editdetail attribution="Reuters BIP Coding Group" action="confirmed" date="1996-08-20"/>
  </code>
</codes>
<dc element="dc.date.created" value="1996-08-20"/>
<dc element="dc.publisher" value="Reuters Holdings Plc"/>
<dc element="dc.date.published" value="1996-08-20"/>
<dc element="dc.source" value="Reuters"/>
<dc element="dc.creator.location" value="NEW YORK"/>
<dc element="dc.creator.location.country.name" value="USA"/>
<dc element="dc.source" value="Reuters"/>
</metadata>
</newsitem>
