<?xml version="1.0" encoding="iso-8859-1" ?>
<newsitem itemid="2825" id="root" date="1996-08-20" xml:lang="en">
<title>USA: Philadelphia Stock Exchange most active options.</title>
<headline>Philadelphia Stock Exchange most active options.</headline>
<dateline>NEW YORK 1996-08-20</dateline>
<text>
<p>The following were the most active equity option calls and puts on the Philadelphia Stock Exchange Tuesday.</p>
<p>Name	   Series    Volume  Price  Chg Underlying change</p>
<p>							   Price</p>
<p>Brinker Intl Sep55c     5,829   9/16 -3/16   53	 +1/4</p>
<p>Abbott Labs  Sep47 1/2c 3,120 1 3/16 +1/16   47 1/2     --</p>
<p>Allergan     Oct35c	 570 5 1/2  -3/4    39 5/8   -3/8</p>
<p>Morgan JP    Sep95c	 558   3/4   NC     91 5/8   +1/2</p>
<p>ValueJet     Jan35p	 724 1 5/8   NC		    --</p>
<p>Morgan JP    Sep90p	 513 1 11/16-5/16  91 5/8   +1/2</p>
<p>Cons Stores  Sep40p	 350 2 3/4   -1/8   37 1/4   -3/8</p>
<p>Analog DeviceSep17 1/2p   298   9/16  +3/16  21 1/4   -1/2</p>
<p>Note: c represents call.</p>
<p>Note: p represents put.</p>
<p>-- New York Newsdesk 212-859-1610.</p>
</text>
<copyright>(c) Reuters Limited 1996</copyright>
<metadata>
<codes class="bip:countries:1.0">
  <code code="USA">
    <editdetail attribution="Reuters BIP Coding Group" action="confirmed" date="1996-08-20"/>
  </code>
</codes>
<codes class="bip:topics:1.0">
  <code code="M11">
    <editdetail attribution="Reuters BIP Coding Group" action="confirmed" date="1996-08-20"/>
  </code>
  <code code="MCAT">
    <editdetail attribution="Reuters BIP Coding Group" action="confirmed" date="1996-08-20"/>
  </code>
</codes>
<dc element="dc.date.created" value="1996-08-20"/>
<dc element="dc.publisher" value="Reuters Holdings Plc"/>
<dc element="dc.date.published" value="1996-08-20"/>
<dc element="dc.source" value="Reuters"/>
<dc element="dc.creator.location" value="NEW YORK"/>
<dc element="dc.creator.location.country.name" value="USA"/>
<dc element="dc.source" value="Reuters"/>
</metadata>
</newsitem>
