<?xml version="1.0" encoding="iso-8859-1" ?>
<newsitem itemid="2831" id="root" date="1996-08-20" xml:lang="en">
<title>USA: Roper Industries Inc Q3 net rises.</title>
<headline>Roper Industries Inc Q3 net rises.</headline>
<dateline>BOGART, Ga. 1996-08-20</dateline>
<text>
<p>1996		     1995</p>
<p> Shr		 $0.45		    $0.44</p>
<p> Net		 6,989		    6,668</p>
<p> Net sales	 59,947		   47,095</p>
<p> Avg shrs	  15,522		   15,198</p>
<p>	  NINE MONTHS</p>
<p> Shr		 $1.39		    $0.94</p>
<p> Net		 21,451		   14,210</p>
<p> Net sales	 159,948		  121,328</p>
<p> Avg shrs	  15,417		   15,098</p>
<p>(All Data Above 000s Except Per Share Numbers)</p>
<p>NOTE: The current third quarter includes a one-time inventory adjustment of $383,000.</p>
<p>-- New York Newsdesk 212-859-1610</p>
</text>
<copyright>(c) Reuters Limited 1996</copyright>
<metadata>
<codes class="bip:countries:1.0">
  <code code="USA">
    <editdetail attribution="Reuters BIP Coding Group" action="confirmed" date="1996-08-20"/>
  </code>
</codes>
<codes class="bip:industries:1.0">
  <code code="I32000">
    <editdetail attribution="Reuters BIP Coding Group" action="confirmed" date="1996-08-20"/>
  </code>
</codes>
<codes class="bip:topics:1.0">
  <code code="C15">
    <editdetail attribution="Reuters BIP Coding Group" action="confirmed" date="1996-08-20"/>
  </code>
  <code code="C151">
    <editdetail attribution="Reuters BIP Coding Group" action="confirmed" date="1996-08-20"/>
  </code>
  <code code="CCAT">
    <editdetail attribution="Reuters BIP Coding Group" action="confirmed" date="1996-08-20"/>
  </code>
</codes>
<dc element="dc.date.created" value="1996-08-20"/>
<dc element="dc.publisher" value="Reuters Holdings Plc"/>
<dc element="dc.date.published" value="1996-08-20"/>
<dc element="dc.source" value="Reuters"/>
<dc element="dc.creator.location" value="BOGART, Ga."/>
<dc element="dc.creator.location.country.name" value="USA"/>
<dc element="dc.source" value="Reuters"/>
</metadata>
</newsitem>
