<?xml version="1.0" encoding="iso-8859-1" ?>
<newsitem itemid="2834" id="root" date="1996-08-20" xml:lang="en">
<title>USA: Hansen Natural Corp Q2 shr rises.</title>
<headline>Hansen Natural Corp Q2 shr rises.</headline>
<dateline>ANAHEIM, Calif. 1996-08-20</dateline>
<text>
<p>Second Quarter Ended  Six Months Ended</p>
<p> FINANCIAL HIGHLIGHTS  6/30/96  6/30/95   6/30/96     6/30/95</p>
<p>Consolidated Net</p>
<p> Sales	  $10,399,155  $9,559,709 $17,769,736 $14,993,406</p>
<p>Consolidated Net</p>
<p> Income (Loss)    401,364  ( 175,917)     419,870  ( 632,478)</p>
<p>Net Income (Loss)</p>
<p>per Share on a</p>
<p>Fully Diluted Basis</p>
<p>			  0.041    ( 0.019)	 0.043    ( 0.069)</p>
<p>Number of Common</p>
<p>Shares used in</p>
<p>Fully Diluted</p>
<p>Per Share</p>
<p>Computations</p>
<p>		    9,726,478   9,122,868   9,726,478   9,122,868</p>
</text>
<copyright>(c) Reuters Limited 1996</copyright>
<metadata>
<codes class="bip:countries:1.0">
  <code code="USA">
    <editdetail attribution="Reuters BIP Coding Group" action="confirmed" date="1996-08-20"/>
  </code>
</codes>
<codes class="bip:industries:1.0">
  <code code="I42800">
    <editdetail attribution="Reuters BIP Coding Group" action="confirmed" date="1996-08-20"/>
  </code>
</codes>
<codes class="bip:topics:1.0">
  <code code="C15">
    <editdetail attribution="Reuters BIP Coding Group" action="confirmed" date="1996-08-20"/>
  </code>
  <code code="C151">
    <editdetail attribution="Reuters BIP Coding Group" action="confirmed" date="1996-08-20"/>
  </code>
  <code code="CCAT">
    <editdetail attribution="Reuters BIP Coding Group" action="confirmed" date="1996-08-20"/>
  </code>
</codes>
<dc element="dc.date.created" value="1996-08-20"/>
<dc element="dc.publisher" value="Reuters Holdings Plc"/>
<dc element="dc.date.published" value="1996-08-20"/>
<dc element="dc.source" value="Reuters"/>
<dc element="dc.creator.location" value="ANAHEIM, Calif."/>
<dc element="dc.creator.location.country.name" value="USA"/>
<dc element="dc.source" value="Reuters"/>
</metadata>
</newsitem>
