<?xml version="1.0" encoding="iso-8859-1" ?>
<newsitem itemid="2843" id="root" date="1996-08-20" xml:lang="en">
<title>USA: Global Telecommunication Q2 shr loss.</title>
<headline>Global Telecommunication Q2 shr loss.</headline>
<dateline>ELMONT, N.Y. 1996-08-20</dateline>
<text>
<p>1996		     1995</p>
<p> Shr loss		   $0.34     loss	 $0.21</p>
<p> Net loss		   1,799     loss	   661</p>
<p> Revs			 3,269			781</p>
<p>	  6  MONTHS</p>
<p> Shr loss		   $0.66     loss	 $0.43</p>
<p> Net loss		   2,987     loss	 1,348</p>
<p> Revs			 4,596		    1,265</p>
<p>(All data above 000s except per share numbers)</p>
<p>NOTE: Full name of company is Global Telecommunication Solutions Inc.</p>
</text>
<copyright>(c) Reuters Limited 1996</copyright>
<metadata>
<codes class="bip:countries:1.0">
  <code code="USA">
    <editdetail attribution="Reuters BIP Coding Group" action="confirmed" date="1996-08-20"/>
  </code>
</codes>
<codes class="bip:topics:1.0">
  <code code="C15">
    <editdetail attribution="Reuters BIP Coding Group" action="confirmed" date="1996-08-20"/>
  </code>
  <code code="C151">
    <editdetail attribution="Reuters BIP Coding Group" action="confirmed" date="1996-08-20"/>
  </code>
  <code code="CCAT">
    <editdetail attribution="Reuters BIP Coding Group" action="confirmed" date="1996-08-20"/>
  </code>
</codes>
<dc element="dc.date.created" value="1996-08-20"/>
<dc element="dc.publisher" value="Reuters Holdings Plc"/>
<dc element="dc.date.published" value="1996-08-20"/>
<dc element="dc.source" value="Reuters"/>
<dc element="dc.creator.location" value="ELMONT, N.Y."/>
<dc element="dc.creator.location.country.name" value="USA"/>
<dc element="dc.source" value="Reuters"/>
</metadata>
</newsitem>
