<?xml version="1.0" encoding="iso-8859-1" ?>
<newsitem itemid="2849" id="root" date="1996-08-20" xml:lang="en">
<title>USA: Red Hot Concepts Q2 net loss widens.</title>
<headline>Red Hot Concepts Q2 net loss widens.</headline>
<dateline>BETHESDA, Md. 1996-08-20</dateline>
<text>
<p>1996		     1995</p>
<p> Shr loss	  $0.18	    loss  $0.03</p>
<p> Net loss	  888		loss  150</p>
<p> Revs		2,187		    13</p>
<p> Avg shrs	  4,929		    4,383</p>
<p>	  SIX MONTHS</p>
<p> Shr loss	  $0.27	    loss  $0.06</p>
<p> Net loss	  1,291	    loss  265</p>
<p> Revs		3,733		    13</p>
<p> Avg shrs	  4,844		    4,383</p>
<p>(All Data Above 000s Except Per Share Numbers)</p>
<p>-- New York Newsdesk 212-859-1610</p>
</text>
<copyright>(c) Reuters Limited 1996</copyright>
<metadata>
<codes class="bip:countries:1.0">
  <code code="USA">
    <editdetail attribution="Reuters BIP Coding Group" action="confirmed" date="1996-08-20"/>
  </code>
</codes>
<codes class="bip:topics:1.0">
  <code code="C15">
    <editdetail attribution="Reuters BIP Coding Group" action="confirmed" date="1996-08-20"/>
  </code>
  <code code="C151">
    <editdetail attribution="Reuters BIP Coding Group" action="confirmed" date="1996-08-20"/>
  </code>
  <code code="CCAT">
    <editdetail attribution="Reuters BIP Coding Group" action="confirmed" date="1996-08-20"/>
  </code>
</codes>
<dc element="dc.date.created" value="1996-08-20"/>
<dc element="dc.publisher" value="Reuters Holdings Plc"/>
<dc element="dc.date.published" value="1996-08-20"/>
<dc element="dc.source" value="Reuters"/>
<dc element="dc.creator.location" value="BETHESDA, Md."/>
<dc element="dc.creator.location.country.name" value="USA"/>
<dc element="dc.source" value="Reuters"/>
</metadata>
</newsitem>
