<?xml version="1.0" encoding="iso-8859-1" ?>
<newsitem itemid="2850" id="root" date="1996-08-20" xml:lang="en">
<title>USA: SFX Broadcasting to buy four FM stations.</title>
<headline>SFX Broadcasting to buy four FM stations.</headline>
<dateline>NEW YORK 1996-08-20</dateline>
<text>
<p>SFX Broadcasting Inc said on Tuesday it has signed a binding agreement to acquire ABS Communications LLC, which will own four Richmond, Va., FM radio stations, for $37.5 million.</p>
<p>ABS owns two stations in Richmond and also has rights to buy two additional stations, said SFX, which already owns one FM station in the Richmond market.</p>
<p>SFX said it will acquire WVGO(FM) and WLEE(FM) for $14.5 million, the company said. Simultaneously with this deal, an SFX unit will acquire WKHK(FM) and WBZU(FM) from ABS Communications for $23.0 million.</p>
<p>Ken Brown, president of ABS, and Ed Conrad, chief financial officer of ABS, will continue to hold a small equity stake in the group of stations and will manage them, SFX said.</p>
</text>
<copyright>(c) Reuters Limited 1996</copyright>
<metadata>
<codes class="bip:countries:1.0">
  <code code="USA">
    <editdetail attribution="Reuters BIP Coding Group" action="confirmed" date="1996-08-20"/>
  </code>
</codes>
<codes class="bip:industries:1.0">
  <code code="I9741105">
    <editdetail attribution="Reuters BIP Coding Group" action="confirmed" date="1996-08-20"/>
  </code>
</codes>
<codes class="bip:topics:1.0">
  <code code="C18">
    <editdetail attribution="Reuters BIP Coding Group" action="confirmed" date="1996-08-20"/>
  </code>
  <code code="C181">
    <editdetail attribution="Reuters BIP Coding Group" action="confirmed" date="1996-08-20"/>
  </code>
  <code code="CCAT">
    <editdetail attribution="Reuters BIP Coding Group" action="confirmed" date="1996-08-20"/>
  </code>
</codes>
<dc element="dc.date.created" value="1996-08-20"/>
<dc element="dc.publisher" value="Reuters Holdings Plc"/>
<dc element="dc.date.published" value="1996-08-20"/>
<dc element="dc.source" value="Reuters"/>
<dc element="dc.creator.location" value="NEW YORK"/>
<dc element="dc.creator.location.country.name" value="USA"/>
<dc element="dc.source" value="Reuters"/>
</metadata>
</newsitem>
