<?xml version="1.0" encoding="iso-8859-1" ?>
<newsitem itemid="2851" id="root" date="1996-08-20" xml:lang="en">
<title>USA: Allegro New Media Q2 share loss greater.</title>
<headline>Allegro New Media Q2 share loss greater.</headline>
<dateline>FAIRFIELD, N.J. 1996-08-20</dateline>
<text>
<p>1996			1995</p>
<p> Shr loss		   $0.38     loss	 $0.22</p>
<p> Net loss		   1,161     loss	   247</p>
<p> Revs			   421			317</p>
<p>	  6  MONTHS</p>
<p> Shr loss		   $0.49     loss	 $0.49</p>
<p> Net loss		   1,506     loss	   615</p>
<p> Revs			   867			615</p>
<p>(All data above 000s except per share numbers)</p>
</text>
<copyright>(c) Reuters Limited 1996</copyright>
<metadata>
<codes class="bip:countries:1.0">
  <code code="USA">
    <editdetail attribution="Reuters BIP Coding Group" action="confirmed" date="1996-08-20"/>
  </code>
</codes>
<codes class="bip:industries:1.0">
  <code code="I83940">
    <editdetail attribution="Reuters BIP Coding Group" action="confirmed" date="1996-08-20"/>
  </code>
</codes>
<codes class="bip:topics:1.0">
  <code code="C15">
    <editdetail attribution="Reuters BIP Coding Group" action="confirmed" date="1996-08-20"/>
  </code>
  <code code="C151">
    <editdetail attribution="Reuters BIP Coding Group" action="confirmed" date="1996-08-20"/>
  </code>
  <code code="CCAT">
    <editdetail attribution="Reuters BIP Coding Group" action="confirmed" date="1996-08-20"/>
  </code>
</codes>
<dc element="dc.date.created" value="1996-08-20"/>
<dc element="dc.publisher" value="Reuters Holdings Plc"/>
<dc element="dc.date.published" value="1996-08-20"/>
<dc element="dc.source" value="Reuters"/>
<dc element="dc.creator.location" value="FAIRFIELD, N.J."/>
<dc element="dc.creator.location.country.name" value="USA"/>
<dc element="dc.source" value="Reuters"/>
</metadata>
</newsitem>
