<?xml version="1.0" encoding="iso-8859-1" ?>
<newsitem itemid="2853" id="root" date="1996-08-20" xml:lang="en">
<title>USA: FORECAST - Experts see Fed tightening in November.</title>
<headline>FORECAST - Experts see Fed tightening in November.</headline>
<byline>Scott Gerlach</byline>
<dateline>NEW YORK 1996-08-20</dateline>
<text>
<p>With the Federal Reserve holding interest rates steady at its August policy meeting, U.S. economists now expect no rate change until after the November 5th Presidential election, according to the most recent Reuters poll.</p>
<p>Only three of 29 economists surveyed on Tuesday called for a move at the upcoming September 24 Federal Open Market Committee meeting. Both said the move would be a tightening.  </p>
<p>A majority of the experts -- 16 of 29 -- forecast a tightening at the November 13 meeting in response to signs of increased inflation.</p>
<p>&quot;We'll see a slight tightening after the election,&quot; said Stuart Hoffman, chief economist at PNC Bank Corp.</p>
<p>The central bank may see signs of increased wage inflation in upcoming economic reports, but none drastic enough for a rate hike at the next meeting, Hoffman said.</p>
<p>He is expecting a gain of 200,000 new jobs in the August employment report, the next key data for monetary policymakers.  </p>
<p>But the report &quot;would have to be a lot stronger than that&quot; to push the Fed into a September tightening, according to Hoffman.</p>
<p>Michael Casey, international economist at MFR Inc, said the Federal Reserve would look closely at the manufacturing sector in the coming weeks.</p>
<p>&quot;It's very vapory at this point,&quot; Casey said. &quot;If they saw something a little more solid there I think it would prompt them.&quot;  </p>
<p>Nineteen economists forecast the Fed's next move would be a tightening. Five said the central bank was on hold for the foreseeable future. And two said they expect an interest rate cut.</p>
<p>Two of the experts called for a change in rates in 1997 but did not specify whether interest rates would be raised or lowered.</p>
<p>The current survey differed slightly from a poll conducted last Friday which had 12 of 30 economists predicting a November tightening.</p>
<p>Full results of the survey follow.  </p>
<p>Participating    August 20   Next Move   Direction   FF/disc</p>
<p>Firm		   Move?</p>
<p>Bank of America	 No	no move	 --	  --/--</p>
<p>				     til Q3 97</p>
<p>Bank of Tokyo-	  No	Nov 13	tighten     25/--</p>
<p>Mitsibishi</p>
<p>Bear Stearns	    Maybe   Sept 24     tighten     25/--</p>
<p>BT Securities	   No	Nov 13	tighten     25/--</p>
<p>BZW Gov Securities    Yes     Sept 24     tighten     25/25</p>
<p>Chase Securities	No	Nov 13	tighten     25/--</p>
<p>CS First Boston	 No	no move	 --	  --/--</p>
<p>					 in 96</p>
<p>Daiwa Securities	No	Nov 13	tighten     25/--</p>
<p>Dean Witter Reynolds  No	Dec	   tighten     25/--</p>
<p>Deutsche Morgan	 No	Q2 97	   --	  --/--</p>
<p>DLJ Securities	  No	no move	 --	  --/--</p>
<p>					 in 96</p>
<p>Griggs &amp; Santow	 No	Nov 13	tighten     25/--</p>
<p>High Frequency	  No	Feb 1997	--	  --/--</p>
<p>I.D.E.A. Inc	    No	Nov 13	tighten     25/--</p>
<p>Kemper		    Yes     Sept 24     tighten     50/--</p>
<p>Lanston, Aubrey G.    No	Nov 13	tighten     25/--</p>
<p>Lehman Gov Sec	  No	Nov 13	tighten     25/25</p>
<p>MCM MoneyWatch	  No	Q4 96	 tighten     25/--</p>
<p>MFR			 No	Nov 13	tighten     25/--</p>
<p>MMS International     No	Oct 1997     ease	 25/--</p>
<p>Moody's		   No	Nov 13	tighten     25/--</p>
<p>Morgan Stanley	  No	Nov 13	tighten     50/--</p>
<p>Nomura		    No	Feb 1997     ease	 25/25</p>
<p>Northern Trust	  No	Nov 13	tighten     25/--</p>
<p>PaineWebber	     No	no move	 --	  --/--</p>
<p>					 in 97</p>
<p>PNC Bank Corp	   No	Nov 13	tighten     25/--</p>
<p>Sanwa Securities	No	no move	 --	  --/--</p>
<p>					 in 96</p>
<p>Smith Barney	    No	Nov/Dec     tighten     25/--</p>
<p>Technical Data	  No	Nov 13	tighten     25/--</p>
<p>-- 212-859-1868</p>
</text>
<copyright>(c) Reuters Limited 1996</copyright>
<metadata>
<codes class="bip:countries:1.0">
  <code code="USA">
    <editdetail attribution="Reuters BIP Coding Group" action="confirmed" date="1996-08-20"/>
  </code>
</codes>
<codes class="bip:topics:1.0">
  <code code="E12">
    <editdetail attribution="Reuters BIP Coding Group" action="confirmed" date="1996-08-20"/>
  </code>
  <code code="ECAT">
    <editdetail attribution="Reuters BIP Coding Group" action="confirmed" date="1996-08-20"/>
  </code>
  <code code="M13">
    <editdetail attribution="Reuters BIP Coding Group" action="confirmed" date="1996-08-20"/>
  </code>
  <code code="M131">
    <editdetail attribution="Reuters BIP Coding Group" action="confirmed" date="1996-08-20"/>
  </code>
  <code code="MCAT">
    <editdetail attribution="Reuters BIP Coding Group" action="confirmed" date="1996-08-20"/>
  </code>
</codes>
<dc element="dc.date.created" value="1996-08-20"/>
<dc element="dc.publisher" value="Reuters Holdings Plc"/>
<dc element="dc.date.published" value="1996-08-20"/>
<dc element="dc.source" value="Reuters"/>
<dc element="dc.creator.location" value="NEW YORK"/>
<dc element="dc.creator.location.country.name" value="USA"/>
<dc element="dc.source" value="Reuters"/>
</metadata>
</newsitem>
