<?xml version="1.0" encoding="iso-8859-1" ?>
<newsitem itemid="2859" id="root" date="1996-08-20" xml:lang="en">
<title>USA: US mortgage-backeds mixed, tighter to Treasuries.</title>
<headline>US mortgage-backeds mixed, tighter to Treasuries.</headline>
<dateline>NEW YORK 1996-08-20</dateline>
<text>
<p>U.S. mortgage-backed securities were mixed on Tuesday afternoon after the Federal Reserve concluded its policy meeting with no announcement on interest rates.</p>
<p>Pass-throughs were unchanged to 2/32 higher in very light trading, traders said. Discount coupons lost their early gains -- about 3/32 -- while premiums generally held on.</p>
<p>Yields over Treasuries narrowed two to three basis points.</p>
<p>Treasuries slipped modestly after the Federal Open Market Committee meeting, but fixed-income analysts said government securities had been well-positioned ahead of the meeting.  </p>
<p>Late on Tuesday, GNMA 30-year 7.5 percent coupons were up 1/32 at 99-05/32, yielding 110 basis points over 10-year Treasuries.</p>
<p>Comparable FNMAs were up 1/32 at 99-08/32. And FHLMC 30-year 7.5 percent pass-throughs were unchanged at 99-10/32.</p>
<p>With the FOMC behind them, analysts said the August employment report, set for release September 6, becomes the market's next focus.</p>
<p>While only three of 29 economists polled on Tuesday said the Fed will raise rates next month, several experts said payrolls could sway their interest rate forecasts.</p>
<p>--Scott Gerlach, 212-859-1868</p>
</text>
<copyright>(c) Reuters Limited 1996</copyright>
<metadata>
<codes class="bip:countries:1.0">
  <code code="USA">
    <editdetail attribution="Reuters BIP Coding Group" action="confirmed" date="1996-08-20"/>
  </code>
</codes>
<codes class="bip:topics:1.0">
  <code code="M12">
    <editdetail attribution="Reuters BIP Coding Group" action="confirmed" date="1996-08-20"/>
  </code>
  <code code="MCAT">
    <editdetail attribution="Reuters BIP Coding Group" action="confirmed" date="1996-08-20"/>
  </code>
</codes>
<dc element="dc.date.created" value="1996-08-20"/>
<dc element="dc.publisher" value="Reuters Holdings Plc"/>
<dc element="dc.date.published" value="1996-08-20"/>
<dc element="dc.source" value="Reuters"/>
<dc element="dc.creator.location" value="NEW YORK"/>
<dc element="dc.creator.location.country.name" value="USA"/>
<dc element="dc.source" value="Reuters"/>
</metadata>
</newsitem>
