<?xml version="1.0" encoding="iso-8859-1" ?>
<newsitem itemid="4948" id="root" date="1996-08-21" xml:lang="en">
<title>USA: Sharp rise seen in CD bootlegs.</title>
<headline>Sharp rise seen in CD bootlegs.</headline>
<dateline>LOS ANGELES</dateline>
<text>
<p>The Recording Industry Association of America said Wednesday that 896,594 illegally-produced or pirate compact discs were seized in the United States in the first six months of 1996, up sharply from 19,366 in the year-ago period.</p>
<p>It said it was the first time that seizures of CD pirates overtook seizures of cassete pirates.</p>
<p>It said most of the illegal CDs seized were bootleg recordings and were seized in two raids in the spring.</p>
<p>It said many of the seized bootlegs are entering the country from abroad and are being intercepted by federal agencies, such as the Customs Service.</p>
</text>
<copyright>(c) Reuters Limited 1996</copyright>
<metadata>
<codes class="bip:countries:1.0">
  <code code="USA">
    <editdetail attribution="Reuters BIP Coding Group" action="confirmed" date="1996-08-21"/>
  </code>
</codes>
<codes class="bip:industries:1.0">
  <code code="I34520">
    <editdetail attribution="Reuters BIP Coding Group" action="confirmed" date="1996-08-21"/>
  </code>
</codes>
<codes class="bip:topics:1.0">
  <code code="C12">
    <editdetail attribution="Reuters BIP Coding Group" action="confirmed" date="1996-08-21"/>
  </code>
  <code code="CCAT">
    <editdetail attribution="Reuters BIP Coding Group" action="confirmed" date="1996-08-21"/>
  </code>
  <code code="GCAT">
    <editdetail attribution="Reuters BIP Coding Group" action="confirmed" date="1996-08-21"/>
  </code>
  <code code="GCRIM">
    <editdetail attribution="Reuters BIP Coding Group" action="confirmed" date="1996-08-21"/>
  </code>
  <code code="GENT">
    <editdetail attribution="Reuters BIP Coding Group" action="confirmed" date="1996-08-21"/>
  </code>
</codes>
<dc element="dc.publisher" value="Reuters Holdings Plc"/>
<dc element="dc.date.published" value="1996-08-21"/>
<dc element="dc.source" value="Reuters"/>
<dc element="dc.creator.location" value="LOS ANGELES"/>
<dc element="dc.creator.location.country.name" value="USA"/>
<dc element="dc.source" value="Reuters"/>
</metadata>
</newsitem>
