<?xml version="1.0" encoding="iso-8859-1" ?>
<newsitem itemid="4960" id="root" date="1996-08-21" xml:lang="en">
<title>USA: Continental Airlines adds E-mail service.</title>
<headline>Continental Airlines adds E-mail service.</headline>
<dateline>HOUSTON 1996-08-21</dateline>
<text>
<p>Continental Airlines said Wednesday it has launched a service on the Internet that will automatically send travelers information on fare discounts and other promotions via electronic mail.</p>
<p>Continental said the new service will give subscribers weekly updates on the special deals.</p>
<p>It said it would not charge a user fee for the service, called &quot;Continental On Line Travel Specials&quot;.</p>
<p>Continental said customers can subscribe to the service through the table of contents at its World Wide Web site at http://www.flycontinental.com or in the third quadrant of its Web site entitled &quot;Flying the Net&quot;.</p>
<p>The airline recently added its stock quote, which is updated every fifteen minutes, to its Web site, and plans to add flight and ticketing information later this year.</p>
</text>
<copyright>(c) Reuters Limited 1996</copyright>
<metadata>
<codes class="bip:countries:1.0">
  <code code="USA">
    <editdetail attribution="Reuters BIP Coding Group" action="confirmed" date="1996-08-21"/>
  </code>
</codes>
<codes class="bip:industries:1.0">
  <code code="I33030">
    <editdetail attribution="Reuters BIP Coding Group" action="confirmed" date="1996-08-21"/>
  </code>
  <code code="I75000">
    <editdetail attribution="Reuters BIP Coding Group" action="confirmed" date="1996-08-21"/>
  </code>
</codes>
<codes class="bip:topics:1.0">
  <code code="C22">
    <editdetail attribution="Reuters BIP Coding Group" action="confirmed" date="1996-08-21"/>
  </code>
  <code code="C32">
    <editdetail attribution="Reuters BIP Coding Group" action="confirmed" date="1996-08-21"/>
  </code>
  <code code="CCAT">
    <editdetail attribution="Reuters BIP Coding Group" action="confirmed" date="1996-08-21"/>
  </code>
</codes>
<dc element="dc.date.created" value="1996-08-21"/>
<dc element="dc.publisher" value="Reuters Holdings Plc"/>
<dc element="dc.date.published" value="1996-08-21"/>
<dc element="dc.source" value="Reuters"/>
<dc element="dc.creator.location" value="HOUSTON"/>
<dc element="dc.creator.location.country.name" value="USA"/>
<dc element="dc.source" value="Reuters"/>
</metadata>
</newsitem>
