<?xml version="1.0" encoding="iso-8859-1" ?>
<newsitem itemid="4968" id="root" date="1996-08-21" xml:lang="en">
<title>MEXICO: Nations in &quot;dry canal&quot; sweepstakes.</title>
<headline>Nations in &quot;dry canal&quot; sweepstakes.</headline>
<byline>Dan Trotta</byline>
<dateline>MEXICO CITY</dateline>
<text>
<p>The Panama Canal has served east-west shipping through the Americas for more than 80 years, but now a growing list of other countries from the region want in on the act.</p>
<p>Four countries -- Mexico, Colombia, Honduras and Nicaragua -- all say they have plans to compete alongside the historic Panama Canal, each jockeying to be first or risk losing out on the potentially lucrative sweepstakes.</p>
<p>The Panama Canal has neared its capacity, sometimes backing up for days, if not weeks, during maintenance, at a time when east-west container ship traffic is growing at a rate of between 5 percent and 8 percent a year.</p>
<p>What's more, the export-oriented &quot;Asian tiger&quot; economies of the Far East are now building container vessels so big that they do not fit in the Panama Canal's narrow locks.</p>
<p>Instead of digging another canal -- a costly proposition evoking memories of workers stricken with yellow fever toiling and dying in ghastly conditions -- three of the countries propose building a &quot;dry canal.&quot;</p>
<p>The idea is to link Atlantic and Pacific deep-water ports with a high-speed rail line shuttling containers across the Middle American isthmus.</p>
<p>Only Colombia is talking about a Panama-style waterway, but because of costs and environmental damage it is also mulling an interoceanic road and railway.</p>
<p>Officials at the U.S. government's Panama Canal Commission roll their eyes with bemused exasperation, writing off the proposals as so much &quot;pie in the sky.&quot;</p>
<p>Still, analysts say market demand for a second canal is real and that one of the proposals might just fly.</p>
<p>&quot;First you take a look at world economic growth, and then you have to figure shipping usually grows at a brisker pace,&quot; said Jack Deino, a transportation equities strategist for the Inverlat financial group in New York. &quot;There's a lot of emphasis on exports and free trade right now.&quot;</p>
<p>Moreover, backers of the idea say a dry canal in Central America would provide a faster route than the Suez Canal for ships travelling between Asia and northern Europe.</p>
<p>&quot;This idea is very old,&quot; said Manfred Rucker, a shipping consultant based in Mexico City. &quot;I knew of one project in Nicaragua when I was there in 1962. Then there was another one in Costa Rica with Japanese investment. Then about 1975 or so there was the project in Mexico.&quot;</p>
<p>Former Mexican President Jose Lopez Portillo, in power from 1976 to 1982, envisioned a dry canal to siphon business from the Panama Canal. Rail track was laid across the Tehuantepec isthmus between the Gulf of Mexico and Pacific Ocean ports, but the project never took off.</p>
<p>&quot;They sat there and waited for people to come. They never did and they never will,&quot; said Richard Wainio, planning director with the Panama Canal Commission. &quot;It's a pie-in-the-sky idea that everyone has rejected.&quot;</p>
<p>Not Mexico. Transport Minister Carlos Ruiz Sacristan said last month the government wants to rehabilitate the two existing ports and the rail line and privatise them, but admitted the proposal was expensive and far off.</p>
<p>The most advanced proposal on the books comes from Nicaragua, where a group of heavyweight international engineering and construction firms expects government approval to start feasibility studies this month.</p>
<p>The $1.4 billion project would be financed privately by a group that includes, among others, Parsons Brinckerhoff International engineers of New York, Europe Combined Terminals of the Netherlands, China Merchants Holding Ltd. of Hong Kong, Spain's state-run RENFE rail company as well as Japanese and mainland Chinese shipping interests.</p>
<p>It also would allow Nicaragua to fulfil its perceived historic destiny as a canal site and finally make real the erstwhile dreams of Spanish kings and big-stick-carrying Americans. Nicaragua narrowly lost out to Panama as the U.S. government's chosen location for the original canal.</p>
<p>If plans hold, construction would start by 1998.</p>
<p>&quot;They're talking and we're doing. That's the difference,&quot; said New York-based Don M. Bosco, leader of the Canal Interoceanico de Nicaragua (CINN) consortium, referring to competing proposals. &quot;Once we get started, we'll knock the others out of the box.&quot;</p>
<p>Thomas Elder of the New Orleans-based Trans-World Traders consulting firm begs to differ.</p>
<p>&quot;I think I have the most well-thought-out proposal at the moment,&quot; Elder said. &quot;I have looked into it to the point that if you're going to build a dry canal somewhere, it won't be as feasible as one in Honduras.&quot;</p>
<p>Environmental damage would be limited because the route already is deforested, and the port sites are ideal, he said. The Honduran government is keen to promote the project.</p>
<p>Critics of the notion say a dry canal effectively exists in the United States, where cargo is taken by truck or train across the North American continent.</p>
<p>Panama Canal Commission officials call the proposals expensive and redundant, noting that they plan to invest some $3 billion from 1997 to 2005 in capital improvements. They plan, for example, to widen the Gaillard Cut, the narrowest point in the 52-mile (83 km) canal, to allow two-way traffic.</p>
</text>
<copyright>(c) Reuters Limited 1996</copyright>
<metadata>
<codes class="bip:countries:1.0">
  <code code="COL">
    <editdetail attribution="Reuters BIP Coding Group" action="confirmed" date="1996-08-21"/>
  </code>
  <code code="HON">
    <editdetail attribution="Reuters BIP Coding Group" action="confirmed" date="1996-08-21"/>
  </code>
  <code code="MEX">
    <editdetail attribution="Reuters BIP Coding Group" action="confirmed" date="1996-08-21"/>
  </code>
  <code code="NICG">
    <editdetail attribution="Reuters BIP Coding Group" action="confirmed" date="1996-08-21"/>
  </code>
</codes>
<codes class="bip:industries:1.0">
  <code code="I72603">
    <editdetail attribution="Reuters BIP Coding Group" action="confirmed" date="1996-08-21"/>
  </code>
</codes>
<codes class="bip:topics:1.0">
  <code code="C21">
    <editdetail attribution="Reuters BIP Coding Group" action="confirmed" date="1996-08-21"/>
  </code>
  <code code="C31">
    <editdetail attribution="Reuters BIP Coding Group" action="confirmed" date="1996-08-21"/>
  </code>
  <code code="CCAT">
    <editdetail attribution="Reuters BIP Coding Group" action="confirmed" date="1996-08-21"/>
  </code>
</codes>
<dc element="dc.publisher" value="Reuters Holdings Plc"/>
<dc element="dc.date.published" value="1996-08-21"/>
<dc element="dc.source" value="Reuters"/>
<dc element="dc.creator.location" value="MEXICO CITY"/>
<dc element="dc.creator.location.country.name" value="MEXICO"/>
<dc element="dc.source" value="Reuters"/>
</metadata>
</newsitem>
