<?xml version="1.0" encoding="iso-8859-1" ?>
<newsitem itemid="4972" id="root" date="1996-08-21" xml:lang="en">
<title>USA: TWA names new chief financial officer.</title>
<headline>TWA names new chief financial officer.</headline>
<dateline>ST. LOUIS</dateline>
<text>
<p>Trans World Airlines Inc. said Wednesday it named Edward Soule as executive vice president and chief financial officer.</p>
<p>He succeeds Robert Peiser, who left the company in June over differences in management direction, a TWA spokesman said.</p>
<p>Most recently, Soule served as chief financial officer of the St. Louis-based brokerage firm, Edward D. Jones &amp; Co. Soule left Jones in 1995 to study at Washington University.</p>
</text>
<copyright>(c) Reuters Limited 1996</copyright>
<metadata>
<codes class="bip:countries:1.0">
  <code code="USA">
    <editdetail attribution="Reuters BIP Coding Group" action="confirmed" date="1996-08-21"/>
  </code>
</codes>
<codes class="bip:industries:1.0">
  <code code="I75000">
    <editdetail attribution="Reuters BIP Coding Group" action="confirmed" date="1996-08-21"/>
  </code>
</codes>
<codes class="bip:topics:1.0">
  <code code="C41">
    <editdetail attribution="Reuters BIP Coding Group" action="confirmed" date="1996-08-21"/>
  </code>
  <code code="C411">
    <editdetail attribution="Reuters BIP Coding Group" action="confirmed" date="1996-08-21"/>
  </code>
  <code code="CCAT">
    <editdetail attribution="Reuters BIP Coding Group" action="confirmed" date="1996-08-21"/>
  </code>
</codes>
<dc element="dc.publisher" value="Reuters Holdings Plc"/>
<dc element="dc.date.published" value="1996-08-21"/>
<dc element="dc.source" value="Reuters"/>
<dc element="dc.creator.location" value="ST. LOUIS"/>
<dc element="dc.creator.location.country.name" value="USA"/>
<dc element="dc.source" value="Reuters"/>
</metadata>
</newsitem>
