<?xml version="1.0" encoding="iso-8859-1" ?>
<newsitem itemid="4976" id="root" date="1996-08-21" xml:lang="en">
<title>GERMANY: Bonn warns consumers to avoid British mutton.</title>
<headline>Bonn warns consumers to avoid British mutton.</headline>
<dateline>BONN 1996-08-21</dateline>
<text>
<p>Germany's Agriculture Ministry suggested on Wednesday that consumers avoid eating British mutton until scientists determine whether mad cow disease can be transmitted to sheep.</p>
<p>&quot;Until this is cleared up by the European Union's scientific panels -- and we have asked this to be done as quickly as possible -- (consumers) should if at all possible give preference to mutton from other countries,&quot; ministry official Werner Zwingmann told ZDF television.</p>
<p>&quot;I do not want to say that there is a concrete danger for consumers,&quot; he added. &quot;There are too many holes in what we know, and these must be filled very quickly.&quot;</p>
<p>Bonn has led efforts to ensure consumer protection tops the list of priorities in dealing with the mad cow crisis, which erupted in March when Britain acknowledged humans could contract a similar illness by eating contaminated beef.</p>
<p>Scientists are still investigating whether the disease can be transmitted to sheep as well if they are fed animal meal made from infected cattle.</p>
<p>ZDF said Germany imported 47,600 sheep from Britain last year, nearly half of total imports. It brought in 4,275 tonnes of British mutton, some 10 percent of overall imports.</p>
<p>After the British government admitted a possible link between mad cow disease -- bovine spongiform encephalopathy (BSE) -- and its fatal human equivalent, the EU imposed a worldwide ban on British beef exports.</p>
<p>EU leaders agreed at a summit in June to a progressive lifting of the ban as Britain takes parallel measures to eradicate the disease.</p>
</text>
<copyright>(c) Reuters Limited 1996</copyright>
<metadata>
<codes class="bip:countries:1.0">
  <code code="GFR">
    <editdetail attribution="Reuters BIP Coding Group" action="confirmed" date="1996-08-21"/>
  </code>
  <code code="UK">
    <editdetail attribution="Reuters BIP Coding Group" action="confirmed" date="1996-08-21"/>
  </code>
</codes>
<codes class="bip:industries:1.0">
  <code code="I01001">
    <editdetail attribution="Reuters BIP Coding Group" action="confirmed" date="1996-08-21"/>
  </code>
  <code code="I0100105">
    <editdetail attribution="Reuters BIP Coding Group" action="confirmed" date="1996-08-21"/>
  </code>
  <code code="I0100124">
    <editdetail attribution="Reuters BIP Coding Group" action="confirmed" date="1996-08-21"/>
  </code>
  <code code="I41220">
    <editdetail attribution="Reuters BIP Coding Group" action="confirmed" date="1996-08-21"/>
  </code>
</codes>
<codes class="bip:topics:1.0">
  <code code="C13">
    <editdetail attribution="Reuters BIP Coding Group" action="confirmed" date="1996-08-21"/>
  </code>
  <code code="C21">
    <editdetail attribution="Reuters BIP Coding Group" action="confirmed" date="1996-08-21"/>
  </code>
  <code code="C31">
    <editdetail attribution="Reuters BIP Coding Group" action="confirmed" date="1996-08-21"/>
  </code>
  <code code="C311">
    <editdetail attribution="Reuters BIP Coding Group" action="confirmed" date="1996-08-21"/>
  </code>
  <code code="CCAT">
    <editdetail attribution="Reuters BIP Coding Group" action="confirmed" date="1996-08-21"/>
  </code>
  <code code="GCAT">
    <editdetail attribution="Reuters BIP Coding Group" action="confirmed" date="1996-08-21"/>
  </code>
  <code code="GHEA">
    <editdetail attribution="Reuters BIP Coding Group" action="confirmed" date="1996-08-21"/>
  </code>
</codes>
<dc element="dc.date.created" value="1996-08-21"/>
<dc element="dc.publisher" value="Reuters Holdings Plc"/>
<dc element="dc.date.published" value="1996-08-21"/>
<dc element="dc.source" value="Reuters"/>
<dc element="dc.creator.location" value="BONN"/>
<dc element="dc.creator.location.country.name" value="GERMANY"/>
<dc element="dc.source" value="Reuters"/>
</metadata>
</newsitem>
