<?xml version="1.0" encoding="iso-8859-1" ?>
<newsitem itemid="4984" id="root" date="1996-08-21" xml:lang="en">
<title>USA: Conn., Northeast Utilities face off over power costs.</title>
<headline>Conn., Northeast Utilities face off over power costs.</headline>
<byline>Richard Leong</byline>
<dateline>NEW YORK</dateline>
<text>
<p>A battle is brewing in Connecticut over who is going to foot the bill for all the electricity Northeast Utilities was forced to buy this summer to make up for the loss of its nuclear power plants.</p>
<p>At stake is $120 million, which the state's attorney general, Richard Blumenthal, vows must not be paid by consumers.</p>
<p>&quot;We will not permit and strongly oppose the costs to be borne by any NU customers,&quot; said Blumenthal, adding that the problems plaguing the utility's nuclear operations stemmed from &quot;extraordinary mismanagement.&quot;</p>
<p>At the centre of the controversy are NU's two Connecticut nuclear facilities: Millstone and Connecticut Yankee.</p>
<p>The plants, with a combined generating capacity of about 3,282 megawatts, or about half of the state's power demand, were shut in March and July, respectively, amid safety concerns raised by the federal Nuclear Regulatory Commission.</p>
<p>Both NRC and the Environmental Protection Agency have since launched criminal investigations into NU's operation of its nuclear plants and the company's compliance with environmental laws.</p>
<p>After the last of the three Millstone units was shut, Connecticut's Department of Public Utilities (DPU) hired two consulting companies, Russ Brown and Associates and Barrington Wellesley, to review NU's nuclear operations.</p>
<p>&quot;It's a prudency audit,&quot; said DPU spokesman Beryl Lyons, adding the studies would play a pivotal role in determining whether DPU permits NU to recover costs related to the outages of its Millstone and Connecticut Yankee nuclear plants.</p>
<p>If the audits show NU was not prudent in running the plants, DPU could deny any NU request to recoup some or all costs involved with the nuclear shutdowns.</p>
<p>When asked if NU would attempt to recover costs linked to the shutdowns, company spokeswoman Myra Humphreys replied, &quot;We don't know yet. It has not been determined.&quot;</p>
<p>She reiterated the utility would not seek to recoup costs at Millstone stemming from its operating history or from its inclusion on the NRC's &quot;watch list&quot; of nuclear reactors that need commission approval before restart.</p>
<p>But NU might still seek compensation for purchased power.</p>
<p>Humphreys said NU last week asked the DPU to extend by 45 days the deadline for seeking a rate increase to cover the cost of its power purchases.</p>
<p>On July 24, NU's subsidiary Western Massachusetts Electric Co. agreed with the Massachusetts Attorney General not to pass on nuclear cost increases to its customers.</p>
<p>&quot;They (NU) don't seem to be getting help from any quarter,&quot; said Gruntal &amp; Co. analyst Penelope Adelmann, noting that NU's financial status forced it to cut its annual dividend to $1 a common share from $1.76 a share last month.</p>
<p>Adelmann said the health of NU would improve with restart of the Millstone nuclear units, but the degree of improvement would depend on which unit resumed operation first.</p>
<p>&quot;If (Millstone) unit 3 comes back on line, it would depend on NRC's attitude on one and two,&quot; she said. &quot;(Units) one and two are being questioned more than three.&quot;</p>
<p>While there are still no firm restart dates for any of the Millstone units, the Connecticut Yankee plant is seen returning to the power grid sometime in late autumn.</p>
<p>Meanwhile, NU estimates it has cost about $25 million to $30 million a month to buy replacement power for the Millstone units from other electricity producers.</p>
</text>
<copyright>(c) Reuters Limited 1996</copyright>
<metadata>
<codes class="bip:countries:1.0">
  <code code="USA">
    <editdetail attribution="Reuters BIP Coding Group" action="confirmed" date="1996-08-21"/>
  </code>
</codes>
<codes class="bip:industries:1.0">
  <code code="I16000">
    <editdetail attribution="Reuters BIP Coding Group" action="confirmed" date="1996-08-21"/>
  </code>
</codes>
<codes class="bip:topics:1.0">
  <code code="C24">
    <editdetail attribution="Reuters BIP Coding Group" action="confirmed" date="1996-08-21"/>
  </code>
  <code code="CCAT">
    <editdetail attribution="Reuters BIP Coding Group" action="confirmed" date="1996-08-21"/>
  </code>
</codes>
<dc element="dc.publisher" value="Reuters Holdings Plc"/>
<dc element="dc.date.published" value="1996-08-21"/>
<dc element="dc.source" value="Reuters"/>
<dc element="dc.creator.location" value="NEW YORK"/>
<dc element="dc.creator.location.country.name" value="USA"/>
<dc element="dc.source" value="Reuters"/>
</metadata>
</newsitem>
