<?xml version="1.0" encoding="iso-8859-1" ?>
<newsitem itemid="4986" id="root" date="1996-08-21" xml:lang="en">
<title>USA: Patriot to invest $200 million in hotel alliance.</title>
<headline>Patriot to invest $200 million in hotel alliance.</headline>
<dateline>DALLAS</dateline>
<text>
<p>Patriot American Hospitality Inc. said Wednesday it will invest up to $200 million over the next 24 months to acquire hotels to be leased and managed by Doubletree Corp.</p>
<p>Under the alliance, Phoenix-based Doubletree will also co-invest and acquire a 10 percent ownership interest in each hotel purchased, Dallas-based Patriot American said.</p>
<p>Doubletree manages more than 170 hotels in 37 states, Washington, D.C. and Mexico.</p>
<p>Patriot American is one of the nation's largest and fastest growing hotel real estate investment trusts, with 35 hotels with over 8,200 rooms, mainly in major cities. The hotels include Crowne Plaza, Embassy Suites, Four Points by Sheraton, Hilton, Holiday Inn, Hyatt, Marriott, Radisson, WestCoast and Wyndham.</p>
<p>Patriot's stock edged up 12.5 cents to $30 on the New York Stock Exchange. Doubletree added 37.5 cents to $37.375 on Nasdaq.</p>
</text>
<copyright>(c) Reuters Limited 1996</copyright>
<metadata>
<codes class="bip:countries:1.0">
  <code code="USA">
    <editdetail attribution="Reuters BIP Coding Group" action="confirmed" date="1996-08-21"/>
  </code>
</codes>
<codes class="bip:industries:1.0">
  <code code="I66500">
    <editdetail attribution="Reuters BIP Coding Group" action="confirmed" date="1996-08-21"/>
  </code>
  <code code="I81502">
    <editdetail attribution="Reuters BIP Coding Group" action="confirmed" date="1996-08-21"/>
  </code>
  <code code="I8150206">
    <editdetail attribution="Reuters BIP Coding Group" action="confirmed" date="1996-08-21"/>
  </code>
  <code code="I83960">
    <editdetail attribution="Reuters BIP Coding Group" action="confirmed" date="1996-08-21"/>
  </code>
</codes>
<codes class="bip:topics:1.0">
  <code code="C11">
    <editdetail attribution="Reuters BIP Coding Group" action="confirmed" date="1996-08-21"/>
  </code>
  <code code="CCAT">
    <editdetail attribution="Reuters BIP Coding Group" action="confirmed" date="1996-08-21"/>
  </code>
</codes>
<dc element="dc.publisher" value="Reuters Holdings Plc"/>
<dc element="dc.date.published" value="1996-08-21"/>
<dc element="dc.source" value="Reuters"/>
<dc element="dc.creator.location" value="DALLAS"/>
<dc element="dc.creator.location.country.name" value="USA"/>
<dc element="dc.source" value="Reuters"/>
</metadata>
</newsitem>
