<?xml version="1.0" encoding="iso-8859-1" ?>
<newsitem itemid="4990" id="root" date="1996-08-21" xml:lang="en">
<title>USA: Rexene stock tumbles after Huntsman drops bid.</title>
<headline>Rexene stock tumbles after Huntsman drops bid.</headline>
<dateline>NEW YORK</dateline>
<text>
<p>The stock of Rexene Corp. dropped sharply Wednesday, one day after Huntsman Corp. said it was withdrawing its $460 million bid for the Dallas-based chemical firm.</p>
<p>Rexene was off $2.125 at $10.625 in early trading on the New York Stock Exchange.</p>
<p>Huntsman, the nation's largest privately held chemical company, announced after the market closed Tuesday that it was calling off its $15 per share offer for Renexe.</p>
<p>Jon Huntsman, chief executive officer and chairman of the family-owned company based in Salt Lake City, said the decision came after Rexene financial adviser Schroder-Wertheim indicated the Rexene board would reject bids substantially above its $15 per share offer.</p>
<p>Huntsman's first bid of $14 per share was rejected by Rexene on July 22. It then sweetened the offer to $15 per share on Aug. 1, but Rexene rejected that bid as well.</p>
<p>Rexene's stock had risen sharply from about $9 per share after Huntsman first launched its bid.</p>
</text>
<copyright>(c) Reuters Limited 1996</copyright>
<metadata>
<codes class="bip:countries:1.0">
  <code code="USA">
    <editdetail attribution="Reuters BIP Coding Group" action="confirmed" date="1996-08-21"/>
  </code>
</codes>
<codes class="bip:industries:1.0">
  <code code="I25000">
    <editdetail attribution="Reuters BIP Coding Group" action="confirmed" date="1996-08-21"/>
  </code>
  <code code="I25140">
    <editdetail attribution="Reuters BIP Coding Group" action="confirmed" date="1996-08-21"/>
  </code>
</codes>
<codes class="bip:topics:1.0">
  <code code="C15">
    <editdetail attribution="Reuters BIP Coding Group" action="confirmed" date="1996-08-21"/>
  </code>
  <code code="C152">
    <editdetail attribution="Reuters BIP Coding Group" action="confirmed" date="1996-08-21"/>
  </code>
  <code code="C18">
    <editdetail attribution="Reuters BIP Coding Group" action="confirmed" date="1996-08-21"/>
  </code>
  <code code="C181">
    <editdetail attribution="Reuters BIP Coding Group" action="confirmed" date="1996-08-21"/>
  </code>
  <code code="CCAT">
    <editdetail attribution="Reuters BIP Coding Group" action="confirmed" date="1996-08-21"/>
  </code>
</codes>
<dc element="dc.publisher" value="Reuters Holdings Plc"/>
<dc element="dc.date.published" value="1996-08-21"/>
<dc element="dc.source" value="Reuters"/>
<dc element="dc.creator.location" value="NEW YORK"/>
<dc element="dc.creator.location.country.name" value="USA"/>
<dc element="dc.source" value="Reuters"/>
</metadata>
</newsitem>
