<?xml version="1.0" encoding="iso-8859-1" ?>
<newsitem itemid="4993" id="root" date="1996-08-21" xml:lang="en">
<title>UK: French CGEA wins second British rail franchise.</title>
<headline>French CGEA wins second British rail franchise.</headline>
<byline>Greg Mahlich</byline>
<dateline>LONDON</dateline>
<text>
<p>French utilities group Compagnie Generale des Eaux has agreed to run most of southeast England's commuter train services into London in return for spending 400 million pounds ($619 million) on new trains.</p>
<p>Britain's Office of Passenger Rail Franchising (OPRAF) said Wednesday it had decided to award a 15-year franchise contract for the South Eastern Train Company to the French group's CGEA division.</p>
<p>CGEA already holds one franchise, South Central, and becomes the first owner of more than one British passenger train operator -- 25 of which are in the process of being privatised.</p>
<p>As well as pledging to take South Eastern into profit, so that it contributes funds to the government rather than receving a subsidy, CGEA's Connex Rail unit will spend 400 million pounds ($619 million) on replacement trains over the next 10 years, with the first new trains coming in in 1999.</p>
<p>&quot;We believe we can turn this operation into a model franchise,&quot; Connex chairman Colin Webster said.</p>
<p>Transport minister Sir George Young said the award was a milestone in the franchising programme because it meant that, in terms of total passenger miles, over half the country's rail services were now awarded to the private sector.</p>
<p>He also welcomed the French firm's commitment to make South Eastern profitable by the end of the franchise and require no subsidy as &quot;excellent news for the taxpayer.&quot;</p>
<p>In a joint statement with OPRAF, the French group said it would receive a subsidy of 125.4 million pounds ($194.3 million) in the first year of the contract, falling over the 15 years so that in the final year it would pay the state a net 2.8 million pounds ($4.3 million).</p>
<p>The average subsidy would be 35.7 million pounds ($55.3 million) per year over the life of the contract. This year, South Eastern's net annual subsidy is 120.8 million pounds ($187.2 million).</p>
<p>Connex said that South Eastern would be run as an independent business from South Central -- a slightly smaller but similar company that operates suburban and inter-urban lines south of London that geographically adjoin South Eastern's.</p>
<p>The two share the use of several central London stations including London Bridge, Charing Cross and Blackfriars.</p>
<p>The CGEA unit will continue to seek further franchises from among the 15 still to be contracted out.</p>
<p>&quot;Ideally, we would get maybe two or three more franchises and we would broaden our portfolio with some non-suburban services,&quot; said Antoine Hurel, Connex vice chairman.</p>
<p>He added that the new trains being planned for South Eastern would be air conditioned and with lower density seating than on the many ageing passenger trains currently used by the line.</p>
<p>Hurel told Reuters that CGEA was already in discussion with several train manufacturers and rolling stock leasing companies about orders for new trains.</p>
<p>However, in view of the financial strength of its parent group, it was also considering the option of forming a separate train-owning company to buy the trains and then lease them for service on South Eastern.</p>
<p>Hurel said the company expected to decide on its renewal plans in detail by the end of this year.</p>
<p>In addition, Connex said it would spend 25 million pounds ($38.7 million) on station improvements, including better ticketing and car parks.</p>
</text>
<copyright>(c) Reuters Limited 1996</copyright>
<metadata>
<codes class="bip:countries:1.0">
  <code code="FRA">
    <editdetail attribution="Reuters BIP Coding Group" action="confirmed" date="1996-08-21"/>
  </code>
  <code code="UK">
    <editdetail attribution="Reuters BIP Coding Group" action="confirmed" date="1996-08-21"/>
  </code>
</codes>
<codes class="bip:industries:1.0">
  <code code="I17000">
    <editdetail attribution="Reuters BIP Coding Group" action="confirmed" date="1996-08-21"/>
  </code>
  <code code="I71000">
    <editdetail attribution="Reuters BIP Coding Group" action="confirmed" date="1996-08-21"/>
  </code>
</codes>
<codes class="bip:topics:1.0">
  <code code="C33">
    <editdetail attribution="Reuters BIP Coding Group" action="confirmed" date="1996-08-21"/>
  </code>
  <code code="CCAT">
    <editdetail attribution="Reuters BIP Coding Group" action="confirmed" date="1996-08-21"/>
  </code>
</codes>
<dc element="dc.publisher" value="Reuters Holdings Plc"/>
<dc element="dc.date.published" value="1996-08-21"/>
<dc element="dc.source" value="Reuters"/>
<dc element="dc.creator.location" value="LONDON"/>
<dc element="dc.creator.location.country.name" value="UK"/>
<dc element="dc.source" value="Reuters"/>
</metadata>
</newsitem>
