<?xml version="1.0" encoding="iso-8859-1" ?>
<newsitem itemid="5005" id="root" date="1996-08-21" xml:lang="en">
<title>USA: CompuServe reports loss, cutting work force.</title>
<headline>CompuServe reports loss, cutting work force.</headline>
<byline>Susan Zimmerman</byline>
<dateline>COLUMBUS, Ohio 1996-08-20</dateline>
<text>
<p>CompuServe Corp. Tuesday reported a surprisingly large $29.6 million fiscal first-quarter loss, blaming a decline in the number of subscribers to the No. 2 online service and spending on a new family-oriented service and improvements.</p>
<p>CompuServe predicted a second-quarter loss but said earnings would improve in the second half of the fiscal year.</p>
<p>&quot;We are taking steps to revitalise CompuServe,&quot; said Chief Executive Bob Massey.</p>
<p>The company said it would cut 150 jobs, or 4 percent of its work force, as part of a cost-cutting programme expected to save $30 million on an annualized basis.</p>
<p>The Columbus, Ohio-based company said that as part of the cost cuts it would sell its Spry Inc. unit, whose Web browser trails far behind similar products made by Netscape Communications Corp. and Microsoft Corp.</p>
<p>The loss of $29.6 million, or 32 cents a share, in the company's fiscal 1997 first quarter ended July 31 compared with last year's quarterly profit of $26.8 million, or 36 cents a share. The results included a pretax charge of $17.7 million, or 13 cents per share.</p>
<p>CompuServe last month said it expected to post a loss for the quarter, but the actual loss was greater than Wall Street expectations.</p>
<p>The company reported revenues of $208.6 million for the quarter vs. $186.5 million in the previous year's quarter.</p>
<p>Massey, expanding on last month's comments, said the number of people cancelling their subscriptions exceeded the 900,000 new subscribers to the company's online services, producing a &quot;modest decline&quot; in subscriber numbers.</p>
<p>Massey said in an interview later Tuesday, however, that in the second quarter, usage of the company's flagship CompuServe Information Service increased. He said the first-quarter decline in subscribers may be weather-related.</p>
<p>&quot;I think, in general, the trend is in a positive direction,&quot; he said.</p>
<p>As of July 31, CompuServe had 3.3 million members worldwide, the company said. Total subscribers, including members of NiftyServe, a joint-venture Japanese online service, numbered 5.2 million.</p>
<p>CompuServe, founded in 1969, is second only to America Online Inc., with 6.2 million subscribers.</p>
<p>CompuServe also blamed the loss on investments in its family-oriented WOW! service and infrastructure improvements.</p>
<p>It said it expected losses to continue into the second fiscal quarter, hitting 10 cents to 15 cents a share, due to the costs of rolling out the latest version of the software needed to access the service, Compuserve 3.0, and the release of a feature that makes WOW! look different to teenagers than it does to their parents.</p>
<p>But the forecast for the second half of its fiscal year was rosier.</p>
<p>&quot;Coupled with new product releases and aggressive marketing campaigns, we expect the third and fourth quarters to improve with subscribers topping the 7-million mark, including our Japanese licensee service, NiftyServe,&quot; Massey said in a statement.</p>
<p>The company said it also expected increased revenue from advertising and fees for electronic commerce.</p>
<p>CompuServe is a former subsidiary of tax preparer H&amp;R Block Inc., which spun off the company and is selling its 80 percent stake in CompuServe.</p>
<p>CompuServe announced its financial results after markets closed. Its stock dropped 12.5 cents to $13.50 on Nasdaq in earlier trading.</p>
</text>
<copyright>(c) Reuters Limited 1996</copyright>
<metadata>
<codes class="bip:countries:1.0">
  <code code="USA">
    <editdetail attribution="Reuters BIP Coding Group" action="confirmed" date="1996-08-21"/>
  </code>
</codes>
<codes class="bip:industries:1.0">
  <code code="I83940">
    <editdetail attribution="Reuters BIP Coding Group" action="confirmed" date="1996-08-21"/>
  </code>
</codes>
<codes class="bip:topics:1.0">
  <code code="C15">
    <editdetail attribution="Reuters BIP Coding Group" action="confirmed" date="1996-08-21"/>
  </code>
  <code code="C151">
    <editdetail attribution="Reuters BIP Coding Group" action="confirmed" date="1996-08-21"/>
  </code>
  <code code="C18">
    <editdetail attribution="Reuters BIP Coding Group" action="confirmed" date="1996-08-21"/>
  </code>
  <code code="C181">
    <editdetail attribution="Reuters BIP Coding Group" action="confirmed" date="1996-08-21"/>
  </code>
  <code code="C42">
    <editdetail attribution="Reuters BIP Coding Group" action="confirmed" date="1996-08-21"/>
  </code>
  <code code="CCAT">
    <editdetail attribution="Reuters BIP Coding Group" action="confirmed" date="1996-08-21"/>
  </code>
  <code code="E41">
    <editdetail attribution="Reuters BIP Coding Group" action="confirmed" date="1996-08-21"/>
  </code>
  <code code="ECAT">
    <editdetail attribution="Reuters BIP Coding Group" action="confirmed" date="1996-08-21"/>
  </code>
  <code code="GCAT">
    <editdetail attribution="Reuters BIP Coding Group" action="confirmed" date="1996-08-21"/>
  </code>
  <code code="GJOB">
    <editdetail attribution="Reuters BIP Coding Group" action="confirmed" date="1996-08-21"/>
  </code>
</codes>
<dc element="dc.date.created" value="1996-08-20"/>
<dc element="dc.publisher" value="Reuters Holdings Plc"/>
<dc element="dc.date.published" value="1996-08-21"/>
<dc element="dc.source" value="Reuters"/>
<dc element="dc.creator.location" value="COLUMBUS, Ohio"/>
<dc element="dc.creator.location.country.name" value="USA"/>
<dc element="dc.source" value="Reuters"/>
</metadata>
</newsitem>
