<?xml version="1.0" encoding="iso-8859-1" ?>
<newsitem itemid="5020" id="root" date="1996-08-21" xml:lang="en">
<title>UK: GrandMet appoints president of IDV Americas.</title>
<headline>GrandMet appoints president of IDV Americas.</headline>
<dateline>LONDON 1996-08-21</dateline>
<text>
<p>Grand Metropolitan Plc said on Wednesday that Charles Phillips has been appointed president of the Americas division of its International Distillers Vintners (IDV) drinks business.</p>
</text>
<copyright>(c) Reuters Limited 1996</copyright>
<metadata>
<codes class="bip:countries:1.0">
  <code code="UK">
    <editdetail attribution="Reuters BIP Coding Group" action="confirmed" date="1996-08-21"/>
  </code>
</codes>
<codes class="bip:topics:1.0">
  <code code="C41">
    <editdetail attribution="Reuters BIP Coding Group" action="confirmed" date="1996-08-21"/>
  </code>
  <code code="C411">
    <editdetail attribution="Reuters BIP Coding Group" action="confirmed" date="1996-08-21"/>
  </code>
</codes>
<dc element="dc.date.created" value="1996-08-21"/>
<dc element="dc.publisher" value="Reuters Holdings Plc"/>
<dc element="dc.date.published" value="1996-08-21"/>
<dc element="dc.source" value="Reuters"/>
<dc element="dc.creator.location" value="LONDON"/>
<dc element="dc.creator.location.country.name" value="UK"/>
<dc element="dc.source" value="Reuters"/>
</metadata>
</newsitem>
