<?xml version="1.0" encoding="iso-8859-1" ?>
<newsitem itemid="5022" id="root" date="1996-08-21" xml:lang="en">
<title>UK: Analysts positive on GrandMet's Pillsbury.</title>
<headline>Analysts positive on GrandMet's Pillsbury.</headline>
<dateline>LONDON 1996-08-21</dateline>
<text>
<p>Analysts and investors came out of a presentation by Paul Walsh, chief executive of GrandMet's U.S. packaged food subsidiary Pillsbury, in a positive mood.</p>
<p>Some headed off to tinker with their forecasts slightly but most tended towards moving the stock from a hold to add or buy. Many already had buy recommendations in place. &quot;I think we have come away well satisfied with the progress Pillsbury is making,&quot; said Panmure Gordon analyst Phillip Shaw. &quot;Our view is, fundamentally, the image of the company is definitely improving.&quot; The shares hit a high of 485p in early trade ahead of the meeting before falling back on profit-taking.  </p>
<p>Analysts at Hoare Govett and Cazenove are said to have turned more positive on the stock but were not immediately available to comment.</p>
<p>The market consensus for GrandMet's full year 1996 results hovers somewhere around the 980 million stg mark and about 1.06 billion for 1997.</p>
<p>&quot;I think they demonstrated quite clearly that the progress they are making on food is sustainable,&quot; said Charles Winston, drinks analyst at BZW.</p>
</text>
<copyright>(c) Reuters Limited 1996</copyright>
<metadata>
<codes class="bip:countries:1.0">
  <code code="UK">
    <editdetail attribution="Reuters BIP Coding Group" action="confirmed" date="1996-08-21"/>
  </code>
  <code code="USA">
    <editdetail attribution="Reuters BIP Coding Group" action="confirmed" date="1996-08-21"/>
  </code>
</codes>
<codes class="bip:industries:1.0">
  <code code="I42400">
    <editdetail attribution="Reuters BIP Coding Group" action="confirmed" date="1996-08-21"/>
  </code>
</codes>
<codes class="bip:topics:1.0">
  <code code="C15">
    <editdetail attribution="Reuters BIP Coding Group" action="confirmed" date="1996-08-21"/>
  </code>
  <code code="C152">
    <editdetail attribution="Reuters BIP Coding Group" action="confirmed" date="1996-08-21"/>
  </code>
  <code code="CCAT">
    <editdetail attribution="Reuters BIP Coding Group" action="confirmed" date="1996-08-21"/>
  </code>
</codes>
<dc element="dc.date.created" value="1996-08-21"/>
<dc element="dc.publisher" value="Reuters Holdings Plc"/>
<dc element="dc.date.published" value="1996-08-21"/>
<dc element="dc.source" value="Reuters"/>
<dc element="dc.creator.location" value="LONDON"/>
<dc element="dc.creator.location.country.name" value="UK"/>
<dc element="dc.source" value="Reuters"/>
</metadata>
</newsitem>
