<?xml version="1.0" encoding="iso-8859-1" ?>
<newsitem itemid="5024" id="root" date="1996-08-21" xml:lang="en">
<title>UK: PolyGram snaps up London record label Go!Discs.</title>
<headline>PolyGram snaps up London record label Go!Discs.</headline>
<dateline>LONDON 1996-08-21</dateline>
<text>
<p>Music major PolyGram said on Wednesday that it had bought London-based Go!Discs, a pop label whose roster includes top-selling British singer Paul Weller.</p>
<p>PolyGram, one of the world's top five music companies, has acquired the remaining 51 percent of Go!Discs after taking a 49 percent stake in 1987. No financial details were disclosed.</p>
<p>Andy Macdonald, founder and managing director of Go!Discs, is to leave the company.</p>
<p>Set up in 1983, Go!Discs has a reputation for turning raw British pop acts into chart successes at home and abroad.</p>
<p>Besides Weller, now a popular solo singer after leading The Jam and The Style Council in the 1980s, the label's top artists include The Beautiful South, Portishead and Gabrielle.</p>
<p>PolyGram, also a major player in the film industry, is controlled by Dutch electronics giant Philips.</p>
</text>
<copyright>(c) Reuters Limited 1996</copyright>
<metadata>
<codes class="bip:countries:1.0">
  <code code="UK">
    <editdetail attribution="Reuters BIP Coding Group" action="confirmed" date="1996-08-21"/>
  </code>
</codes>
<codes class="bip:industries:1.0">
  <code code="I34520">
    <editdetail attribution="Reuters BIP Coding Group" action="confirmed" date="1996-08-21"/>
  </code>
</codes>
<codes class="bip:topics:1.0">
  <code code="C18">
    <editdetail attribution="Reuters BIP Coding Group" action="confirmed" date="1996-08-21"/>
  </code>
  <code code="C181">
    <editdetail attribution="Reuters BIP Coding Group" action="confirmed" date="1996-08-21"/>
  </code>
  <code code="CCAT">
    <editdetail attribution="Reuters BIP Coding Group" action="confirmed" date="1996-08-21"/>
  </code>
</codes>
<dc element="dc.date.created" value="1996-08-21"/>
<dc element="dc.publisher" value="Reuters Holdings Plc"/>
<dc element="dc.date.published" value="1996-08-21"/>
<dc element="dc.source" value="Reuters"/>
<dc element="dc.creator.location" value="LONDON"/>
<dc element="dc.creator.location.country.name" value="UK"/>
<dc element="dc.source" value="Reuters"/>
</metadata>
</newsitem>
