<?xml version="1.0" encoding="iso-8859-1" ?>
<newsitem itemid="5026" id="root" date="1996-08-21" xml:lang="en">
<title>UK: Goldman Sachs set warrants on Philip Morris.</title>
<headline>Goldman Sachs set warrants on Philip Morris.</headline>
<dateline>LONDON 1996-08-21</dateline>
<text>
<p>Golman Sachs International has issued a total of five million American-style call warrants, on Philip Morris, lead manager Goldman Sachs &amp; Co Bank said.</p>
<p>Five warrants control one share.  STRIKE PRICE    115.00 SFR		PREMIUM	16.4 PCT</p>
<p> ISSUE PRICE     2.85 SFR		  GEARING	7.8 TIMES</p>
<p> EXERCISE PERIOD 05.SEP.96-20.MAR.98   PAYDATE	04.SEP.96</p>
<p> LISTING	   SWISS STOCK EXCHANGE  MIN EXER LOT 500</p>
<p> NOTES	     PRICES QUOTED ON REUTER PAGE  GSJT</p>
<p>-- Reuter London Newsroom +44 171 542 7658</p>
</text>
<copyright>(c) Reuters Limited 1996</copyright>
<metadata>
<codes class="bip:countries:1.0">
  <code code="UK">
    <editdetail attribution="Reuters BIP Coding Group" action="confirmed" date="1996-08-21"/>
  </code>
  <code code="USA">
    <editdetail attribution="Reuters BIP Coding Group" action="confirmed" date="1996-08-21"/>
  </code>
</codes>
<codes class="bip:topics:1.0">
  <code code="C21">
    <editdetail attribution="Reuters BIP Coding Group" action="confirmed" date="1996-08-21"/>
  </code>
</codes>
<dc element="dc.date.created" value="1996-08-21"/>
<dc element="dc.publisher" value="Reuters Holdings Plc"/>
<dc element="dc.date.published" value="1996-08-21"/>
<dc element="dc.source" value="Reuters"/>
<dc element="dc.creator.location" value="LONDON"/>
<dc element="dc.creator.location.country.name" value="UK"/>
<dc element="dc.source" value="Reuters"/>
</metadata>
</newsitem>
