<?xml version="1.0" encoding="iso-8859-1" ?>
<newsitem itemid="5027" id="root" date="1996-08-21" xml:lang="en">
<title>UK: PolyGram buys rest of UK's Go!Discs.</title>
<headline>PolyGram buys rest of UK's Go!Discs.</headline>
<dateline>LONDON 1996-08-21</dateline>
<text>
<p>Music giant PolyGram NV said on Wednesday that it had bought the rest of British record label Go!Discs for an undisclosed sum from its founder and managing director Andy Macdonald.</p>
<p>PolyGram had previously owned 49 percent of the label, which has big names like Paul Weller and The Beautiful South on its books.</p>
<p>Macdonald is to leave the group.</p>
<p>-- London Newsroom +44 171 542 7717</p>
</text>
<copyright>(c) Reuters Limited 1996</copyright>
<metadata>
<codes class="bip:countries:1.0">
  <code code="UK">
    <editdetail attribution="Reuters BIP Coding Group" action="confirmed" date="1996-08-21"/>
  </code>
</codes>
<codes class="bip:topics:1.0">
  <code code="C33">
    <editdetail attribution="Reuters BIP Coding Group" action="confirmed" date="1996-08-21"/>
  </code>
</codes>
<dc element="dc.date.created" value="1996-08-21"/>
<dc element="dc.publisher" value="Reuters Holdings Plc"/>
<dc element="dc.date.published" value="1996-08-21"/>
<dc element="dc.source" value="Reuters"/>
<dc element="dc.creator.location" value="LONDON"/>
<dc element="dc.creator.location.country.name" value="UK"/>
<dc element="dc.source" value="Reuters"/>
</metadata>
</newsitem>
