<?xml version="1.0" encoding="iso-8859-1" ?>
<newsitem itemid="5030" id="root" date="1996-08-21" xml:lang="en">
<title>UK: IFC emerging market index up 0.1 pct at 289.19.</title>
<headline>IFC emerging market index up 0.1 pct at 289.19.</headline>
<dateline>LONDON 1996-08-21</dateline>
<text>
<p>The International Finance Corporation composite investable index  IFC/IPRD, denominated in dollars, rose 0.1 percent to 289.19 on Wednesday.</p>
<p>Latin America was up 0.8 percent day-on-day at 536.76, Asia was unchanged at 246.42, and Europe, Middle East and Africa were down 0.8 percent at 129.81.</p>
<p>The IFC composite index touched a 1996 high of 308.77 on July 4, up from the year's 275.79 low, recorded on January 1.</p>
<p>ING Barings' Global Emerging Market Index  BFFO, also denominated in dollars, was up 0.21 percent day-on-day at 156.58 at 0953  GMT.</p>
<p>The year's high was 165.948, reached on July 3. It touched the year's 148.85 low on January 2.</p>
<p>Morgan Stanley's dollar-denominated Emerging Markets Free index  .CEMF=USD, was up 0.18 percent at 470.148, calculated after the close of play on Tuesday.</p>
<p>It touched a 1996 high at 505.452 on July 4. The year's 458.369 low was recorded on January 1.</p>
<p>All indices are capitalisation-weighted and are calculated daily. The IFC index measures returns on equities, liquid and accessible to foreign investors, from 26 emerging market countries. It is updated at 2300 GMT.</p>
<p>The BEMI index measures equity returns from some 20 emerging market countries, with the latest changes reported by 0900 GMT.</p>
<p>The MSCI Free measures equity returns from 22 emerging market nations. Changes are reported with one day's lag at 1300 GMT.</p>
<p>The J.P. Morgan emerging market local currency index  ELMI, in dollar terms, rose 0.08 percent to 120.92. By region, Latin America was up 0.18 percent at 98.03, Asia rose 0.05 percent to 128.15, and East Europe was up 0.01 percent at 158.50. --Julia Meehan, London Newsroom +44 171 542 2734</p>
</text>
<copyright>(c) Reuters Limited 1996</copyright>
<metadata>
<codes class="bip:countries:1.0">
  <code code="UK">
    <editdetail attribution="Reuters BIP Coding Group" action="confirmed" date="1996-08-21"/>
  </code>
</codes>
<dc element="dc.date.created" value="1996-08-21"/>
<dc element="dc.publisher" value="Reuters Holdings Plc"/>
<dc element="dc.date.published" value="1996-08-21"/>
<dc element="dc.source" value="Reuters"/>
<dc element="dc.creator.location" value="LONDON"/>
<dc element="dc.creator.location.country.name" value="UK"/>
<dc element="dc.source" value="Reuters"/>
</metadata>
</newsitem>
