<?xml version="1.0" encoding="iso-8859-1" ?>
<newsitem itemid="5031" id="root" date="1996-08-21" xml:lang="en">
<title>UK: RESEARCH ALERT - Grand Met upgraded.</title>
<headline>RESEARCH ALERT - Grand Met upgraded.</headline>
<dateline>LONDON 1996-08-21</dateline>
<text>
<p>Merrill Lynch said on Wednesday it had changed its stance on Grand Metropolitan Plc's shares from &quot;hold&quot; to &quot;accumulate&quot; ahead of an analysts briefing on its Pillsbury dough-to-vegetables division.</p>
<p>&quot;We like the change in management,&quot; said John Beaumont, analyst at Merrill Lynch, adding he felt the group's current trading was on track.</p>
<p>Its shares were trading up 1/2p at 477-1/2 pence ahead of this morning's meeting.  </p>
<p>The shares hit a new high in earlier trading of 485 pence.</p>
<p>Grand Met said Paul Walsh, chief executive of the Pillsbury division, would make the presentation to analysts and institutional investors, providing an overview of strategy as well as general trends.</p>
<p>Other Pillsbury executives will cover marketing, brand devlopment and operations, Grand Met said.</p>
<p>-- London Newsroom +44 171 542 7717</p>
</text>
<copyright>(c) Reuters Limited 1996</copyright>
<metadata>
<codes class="bip:countries:1.0">
  <code code="UK">
    <editdetail attribution="Reuters BIP Coding Group" action="confirmed" date="1996-08-21"/>
  </code>
</codes>
<codes class="bip:topics:1.0">
  <code code="C174">
    <editdetail attribution="Reuters BIP Coding Group" action="confirmed" date="1996-08-21"/>
  </code>
</codes>
<dc element="dc.date.created" value="1996-08-21"/>
<dc element="dc.publisher" value="Reuters Holdings Plc"/>
<dc element="dc.date.published" value="1996-08-21"/>
<dc element="dc.source" value="Reuters"/>
<dc element="dc.creator.location" value="LONDON"/>
<dc element="dc.creator.location.country.name" value="UK"/>
<dc element="dc.source" value="Reuters"/>
</metadata>
</newsitem>
