<?xml version="1.0" encoding="iso-8859-1" ?>
<newsitem itemid="5033" id="root" date="1996-08-21" xml:lang="en">
<title>UK: Whitbread rises as Merrill reiterates buy.</title>
<headline>Whitbread rises as Merrill reiterates buy.</headline>
<dateline>LONDON 1996-08-21</dateline>
<text>
<p>Shares in Whitbread Plc rose on Wednesday after Merrill Lynch repeated its buy recommendation on the British brewing to leisure group.</p>
<p>&quot;We feel it's mis-understood,&quot; said John Beaumont, analyst at Merrill Lynch, highlighting its pub chain's exposure to improving consumer spending in Britain.</p>
<p>Whitbread's shares were trading at 718 pence, up 11 pence at 0928 GMT.  </p>
<p>&quot;And even though it's third place in brewing it's also running very well there,&quot; said Beaumont.</p>
<p>Whitbread's share price incurred losses after it paid 133 million stg for the Pelican restaurant chain last month but Beaumont said this deal would add value in year two.</p>
<p>Whitbread's hotel division is also trading well, he said.</p>
<p>-- London Newsroom +44 171 542 7717</p>
</text>
<copyright>(c) Reuters Limited 1996</copyright>
<metadata>
<codes class="bip:countries:1.0">
  <code code="UK">
    <editdetail attribution="Reuters BIP Coding Group" action="confirmed" date="1996-08-21"/>
  </code>
</codes>
<codes class="bip:topics:1.0">
  <code code="C152">
    <editdetail attribution="Reuters BIP Coding Group" action="confirmed" date="1996-08-21"/>
  </code>
</codes>
<dc element="dc.date.created" value="1996-08-21"/>
<dc element="dc.publisher" value="Reuters Holdings Plc"/>
<dc element="dc.date.published" value="1996-08-21"/>
<dc element="dc.source" value="Reuters"/>
<dc element="dc.creator.location" value="LONDON"/>
<dc element="dc.creator.location.country.name" value="UK"/>
<dc element="dc.source" value="Reuters"/>
</metadata>
</newsitem>
