<?xml version="1.0" encoding="iso-8859-1" ?>
<newsitem itemid="5035" id="root" date="1996-08-21" xml:lang="en">
<title>UK: BSkyB scores new high on press comment.</title>
<headline>BSkyB scores new high on press comment.</headline>
<dateline>LONDON 1996-08-21</dateline>
<text>
<p>Shares in British Sky Broadcasting Group Plc hit new year highs on Wednesday as traders cited positive press comment to the pay television operator's 66 percent rise in full-year profits on Tuesday.</p>
<p>The shares were trading at 547 pence, up 12 pence, just below the new high at 548p, which beat the previous peak of 541p.  </p>
<p>The satellite broadcaster said it profits rose to 257.4 million stg and its trumover grew by 30 percent to top 1.0 billion stg for the first time.</p>
<p>Analysts at BZW repeated its buy advice, pointing amongst other things to BSkyB's positive comments on its joint venture with Leo Kirch in Germany.</p>
<p>-- London Newsroom +44 171 542 7717</p>
</text>
<copyright>(c) Reuters Limited 1996</copyright>
<metadata>
<codes class="bip:countries:1.0">
  <code code="UK">
    <editdetail attribution="Reuters BIP Coding Group" action="confirmed" date="1996-08-21"/>
  </code>
</codes>
<codes class="bip:industries:1.0">
  <code code="I9741110">
    <editdetail attribution="Reuters BIP Coding Group" action="confirmed" date="1996-08-21"/>
  </code>
</codes>
<codes class="bip:topics:1.0">
  <code code="C15">
    <editdetail attribution="Reuters BIP Coding Group" action="confirmed" date="1996-08-21"/>
  </code>
  <code code="C152">
    <editdetail attribution="Reuters BIP Coding Group" action="confirmed" date="1996-08-21"/>
  </code>
  <code code="CCAT">
    <editdetail attribution="Reuters BIP Coding Group" action="confirmed" date="1996-08-21"/>
  </code>
</codes>
<dc element="dc.date.created" value="1996-08-21"/>
<dc element="dc.publisher" value="Reuters Holdings Plc"/>
<dc element="dc.date.published" value="1996-08-21"/>
<dc element="dc.source" value="Reuters"/>
<dc element="dc.creator.location" value="LONDON"/>
<dc element="dc.creator.location.country.name" value="UK"/>
<dc element="dc.source" value="Reuters"/>
</metadata>
</newsitem>
