<?xml version="1.0" encoding="iso-8859-1" ?>
<newsitem itemid="5036" id="root" date="1996-08-21" xml:lang="en">
<title>UK: British retail sales fall in July.</title>
<headline>British retail sales fall in July.</headline>
<dateline>LONDON 1996-08-21</dateline>
<text>
<p>British retail sales fell 0.6 percent in July after a bumper 1.4 percent rise in June, data from the Office for National Statistics showed.</p>
<p>Economists said the figures would give Chancellor of the Exchequer Kenneth Clarke further ammunition if he wants to cut 5.75 percent base lending rates again.</p>
</text>
<copyright>(c) Reuters Limited 1996</copyright>
<metadata>
<codes class="bip:countries:1.0">
  <code code="UK">
    <editdetail attribution="Reuters BIP Coding Group" action="confirmed" date="1996-08-21"/>
  </code>
</codes>
<codes class="bip:topics:1.0">
  <code code="E143">
    <editdetail attribution="Reuters BIP Coding Group" action="confirmed" date="1996-08-21"/>
  </code>
</codes>
<dc element="dc.date.created" value="1996-08-21"/>
<dc element="dc.publisher" value="Reuters Holdings Plc"/>
<dc element="dc.date.published" value="1996-08-21"/>
<dc element="dc.source" value="Reuters"/>
<dc element="dc.creator.location" value="LONDON"/>
<dc element="dc.creator.location.country.name" value="UK"/>
<dc element="dc.source" value="Reuters"/>
</metadata>
</newsitem>
