<?xml version="1.0" encoding="iso-8859-1" ?>
<newsitem itemid="5037" id="root" date="1996-08-21" xml:lang="en">
<title>UK: FTSE 100 up after FOMC meeting, awaits UK sales.</title>
<headline>FTSE 100 up after FOMC meeting, awaits UK sales.</headline>
<dateline>LONDON 1996-08-21</dateline>
<text>
<p>The FTSE 100 climbed further into record territory at the open as the market breathed a sigh of relief that U.S. monetary authorities refrained from raising U.S. interest rates.</p>
<p>At 0738 GMT, the index was up 9.2 points at 3,892.4. September futures were up 6.0 points, breaking the 3,900 level, at 3,902.</p>
<p>&quot;The markets are quite happy the Fed didn't do anything,&quot; said one trader.</p>
</text>
<copyright>(c) Reuters Limited 1996</copyright>
<metadata>
<codes class="bip:countries:1.0">
  <code code="UK">
    <editdetail attribution="Reuters BIP Coding Group" action="confirmed" date="1996-08-21"/>
  </code>
</codes>
<codes class="bip:topics:1.0">
  <code code="M11">
    <editdetail attribution="Reuters BIP Coding Group" action="confirmed" date="1996-08-21"/>
  </code>
</codes>
<dc element="dc.date.created" value="1996-08-21"/>
<dc element="dc.publisher" value="Reuters Holdings Plc"/>
<dc element="dc.date.published" value="1996-08-21"/>
<dc element="dc.source" value="Reuters"/>
<dc element="dc.creator.location" value="LONDON"/>
<dc element="dc.creator.location.country.name" value="UK"/>
<dc element="dc.source" value="Reuters"/>
</metadata>
</newsitem>
