<?xml version="1.0" encoding="iso-8859-1" ?>
<newsitem itemid="5062" id="root" date="1996-08-21" xml:lang="en">
<title>RUSSIA: OSCE withdraws from Grozny - embassy.</title>
<headline>OSCE withdraws from Grozny - embassy.</headline>
<dateline>MOSCOW 1996-08-21</dateline>
<text>
<p>The Organisation for Security and Cooperation in Europe's (OSCE) mission has withdrawn from the Chechen capital, a Swiss diplomat said.</p>
<p>&quot;The mission temporarily moved out from Grozny due to the ultimatum, but it definitely will stay in the region to carry out its duties,&quot; said Olaf Kjelsen. The OSCE's Grozny mission is headed by Swiss diplomat Tim Guldimann.</p>
</text>
<copyright>(c) Reuters Limited 1996</copyright>
<metadata>
<codes class="bip:countries:1.0">
  <code code="RUSS">
    <editdetail attribution="Reuters BIP Coding Group" action="confirmed" date="1996-08-21"/>
  </code>
  <code code="SWITZ">
    <editdetail attribution="Reuters BIP Coding Group" action="confirmed" date="1996-08-21"/>
  </code>
</codes>
<codes class="bip:topics:1.0">
  <code code="GDIP">
    <editdetail attribution="Reuters BIP Coding Group" action="confirmed" date="1996-08-21"/>
  </code>
</codes>
<dc element="dc.date.created" value="1996-08-21"/>
<dc element="dc.publisher" value="Reuters Holdings Plc"/>
<dc element="dc.date.published" value="1996-08-21"/>
<dc element="dc.source" value="Reuters"/>
<dc element="dc.creator.location" value="MOSCOW"/>
<dc element="dc.creator.location.country.name" value="RUSSIA"/>
<dc element="dc.source" value="Reuters"/>
</metadata>
</newsitem>
