<?xml version="1.0" encoding="iso-8859-1" ?>
<newsitem itemid="5066" id="root" date="1996-08-21" xml:lang="en">
<title>BRAZIL: GM Brazil unit sees $700 mln sales in 1996 - report.</title>
<headline>GM Brazil unit sees $700 mln sales in 1996 - report.</headline>
<dateline>BRASILIA 1996-08-21</dateline>
<text>
<p>The Brazilian unit of U.S. car maker General Motors Corp expects to end 1996 with sales of at least $700 million, some 150 percent above its 1995 performance, a local news agency reported.</p>
<p>Citing GM do Brasil director Luiz Moan Yabiko Junior, the private Invest News agency also said the company hoped to have exported $3.6 billion from now till the end of 1999.</p>
<p>Yabiko Junior was attending a seminar in Brasilia on the metal industry, hosted by the National Industry Confederation.</p>
<p>-- Michael Christie, Brasilia newsroom 55-61-2230358</p>
</text>
<copyright>(c) Reuters Limited 1996</copyright>
<metadata>
<codes class="bip:countries:1.0">
  <code code="BRAZ">
    <editdetail attribution="Reuters BIP Coding Group" action="confirmed" date="1996-08-21"/>
  </code>
  <code code="USA">
    <editdetail attribution="Reuters BIP Coding Group" action="confirmed" date="1996-08-21"/>
  </code>
</codes>
<codes class="bip:industries:1.0">
  <code code="I35101">
    <editdetail attribution="Reuters BIP Coding Group" action="confirmed" date="1996-08-21"/>
  </code>
</codes>
<codes class="bip:topics:1.0">
  <code code="C15">
    <editdetail attribution="Reuters BIP Coding Group" action="confirmed" date="1996-08-21"/>
  </code>
  <code code="C152">
    <editdetail attribution="Reuters BIP Coding Group" action="confirmed" date="1996-08-21"/>
  </code>
  <code code="C31">
    <editdetail attribution="Reuters BIP Coding Group" action="confirmed" date="1996-08-21"/>
  </code>
  <code code="CCAT">
    <editdetail attribution="Reuters BIP Coding Group" action="confirmed" date="1996-08-21"/>
  </code>
</codes>
<dc element="dc.date.created" value="1996-08-21"/>
<dc element="dc.publisher" value="Reuters Holdings Plc"/>
<dc element="dc.date.published" value="1996-08-21"/>
<dc element="dc.source" value="Reuters"/>
<dc element="dc.creator.location" value="BRASILIA"/>
<dc element="dc.creator.location.country.name" value="BRAZIL"/>
<dc element="dc.source" value="Reuters"/>
</metadata>
</newsitem>
