<?xml version="1.0" encoding="iso-8859-1" ?>
<newsitem itemid="5068" id="root" date="1996-08-21" xml:lang="en">
<title>BRAZIL: FOCUS-Brazil seeks to silence car dispute foes.</title>
<headline>FOCUS-Brazil seeks to silence car dispute foes.</headline>
<byline>Michael Christie</byline>
<dateline>BRASILIA 1996-08-21</dateline>
<text>
<p>In an effort to silence critics of its car rules and take the sting out of World Trade Organization complaints, Brazil on Wednesday set low-tariff quotas for automobiles imported from Japan, South Korea and the European Union.</p>
<p>The quotas did not apply to the United States, one of the main opponents of Brazil's car industry regime. Even the beneficiaries of the scheme, voicing some dissatisfaction, said they would press on with formal WTO negotiations.</p>
</text>
<copyright>(c) Reuters Limited 1996</copyright>
<metadata>
<codes class="bip:countries:1.0">
  <code code="BRAZ">
    <editdetail attribution="Reuters BIP Coding Group" action="confirmed" date="1996-08-21"/>
  </code>
  <code code="EEC">
    <editdetail attribution="Reuters BIP Coding Group" action="confirmed" date="1996-08-21"/>
  </code>
  <code code="JAP">
    <editdetail attribution="Reuters BIP Coding Group" action="confirmed" date="1996-08-21"/>
  </code>
  <code code="SKOREA">
    <editdetail attribution="Reuters BIP Coding Group" action="confirmed" date="1996-08-21"/>
  </code>
  <code code="USA">
    <editdetail attribution="Reuters BIP Coding Group" action="confirmed" date="1996-08-21"/>
  </code>
</codes>
<codes class="bip:topics:1.0">
  <code code="E512">
    <editdetail attribution="Reuters BIP Coding Group" action="confirmed" date="1996-08-21"/>
  </code>
  <code code="G158">
    <editdetail attribution="Reuters BIP Coding Group" action="confirmed" date="1996-08-21"/>
  </code>
</codes>
<dc element="dc.date.created" value="1996-08-21"/>
<dc element="dc.publisher" value="Reuters Holdings Plc"/>
<dc element="dc.date.published" value="1996-08-21"/>
<dc element="dc.source" value="Reuters"/>
<dc element="dc.creator.location" value="BRASILIA"/>
<dc element="dc.creator.location.country.name" value="BRAZIL"/>
<dc element="dc.source" value="Reuters"/>
</metadata>
</newsitem>
