<?xml version="1.0" encoding="iso-8859-1" ?>
<newsitem itemid="5078" id="root" date="1996-08-21" xml:lang="en">
<title>AUSTRALIA: RTRS-News Corp says Ansett makes yr loss.</title>
<headline>RTRS-News Corp says Ansett makes yr loss.</headline>
<dateline>SYDNEY 1996-08-22</dateline>
<text>
<p>News Corp Ltd said its 50 percent owned airline Ansett Airlines Ltd made a loss in the year to June 30, 1996.</p>
<p>News Corp did not givE any figures for Ansett.</p>
</text>
<copyright>(c) Reuters Limited 1996</copyright>
<metadata>
<codes class="bip:countries:1.0">
  <code code="AUSTR">
    <editdetail attribution="Reuters BIP Coding Group" action="confirmed" date="1996-08-21"/>
  </code>
</codes>
<codes class="bip:topics:1.0">
  <code code="C151">
    <editdetail attribution="Reuters BIP Coding Group" action="confirmed" date="1996-08-21"/>
  </code>
  <code code="C1511">
    <editdetail attribution="Reuters BIP Coding Group" action="confirmed" date="1996-08-21"/>
  </code>
</codes>
<dc element="dc.date.created" value="1996-08-22"/>
<dc element="dc.publisher" value="Reuters Holdings Plc"/>
<dc element="dc.date.published" value="1996-08-21"/>
<dc element="dc.source" value="Reuters"/>
<dc element="dc.creator.location" value="SYDNEY"/>
<dc element="dc.creator.location.country.name" value="AUSTRALIA"/>
<dc element="dc.source" value="Reuters"/>
</metadata>
</newsitem>
