<?xml version="1.0" encoding="iso-8859-1" ?>
<newsitem itemid="5079" id="root" date="1996-08-21" xml:lang="en">
<title>AUSTRALIA: RTRS-News Corp full year net profit slips.</title>
<headline>RTRS-News Corp full year net profit slips.</headline>
<dateline>SYDNEY 1996-08-22</dateline>
<text>
<p>Year to June 30</p>
<p>		 (million A$ unless stated)</p>
<p>    Operating profit (billion)	 1.26 vs 1.34</p>
<p>    Net (billion)			  1.02 vs 1.37</p>
<p>    Final dividend (cents)		1.5 vs 1.5</p>
<p>NOTE: The News Corporation Ltd is a global multimedia organisation and is controlled by Rupert Murdoch.  </p>
<p>    Sales (billion)		     13.09 vs 12.18</p>
<p>    Shr (cents)				40 vs 46</p>
<p>    Final pref dividend (cents)	3.75 vs 3.75</p>
<p>    Total dividend (cents)	     3.00 vs 3.00</p>
<p>    Total pref dividend (cents)	7.50 vs 7.50</p>
<p>    Abnormal items		   loss 243 vs gain 23</p>
<p>Dividend is unfranked</p>
<p>Pay date Oct 15</p>
<p>Reg date Sep 20</p>
<p>    Tax					  99 vs 131</p>
<p>    Interest				  605 vs 595</p>
</text>
<copyright>(c) Reuters Limited 1996</copyright>
<metadata>
<codes class="bip:countries:1.0">
  <code code="AUSTR">
    <editdetail attribution="Reuters BIP Coding Group" action="confirmed" date="1996-08-21"/>
  </code>
</codes>
<codes class="bip:topics:1.0">
  <code code="C151">
    <editdetail attribution="Reuters BIP Coding Group" action="confirmed" date="1996-08-21"/>
  </code>
  <code code="C1511">
    <editdetail attribution="Reuters BIP Coding Group" action="confirmed" date="1996-08-21"/>
  </code>
</codes>
<dc element="dc.date.created" value="1996-08-22"/>
<dc element="dc.publisher" value="Reuters Holdings Plc"/>
<dc element="dc.date.published" value="1996-08-21"/>
<dc element="dc.source" value="Reuters"/>
<dc element="dc.creator.location" value="SYDNEY"/>
<dc element="dc.creator.location.country.name" value="AUSTRALIA"/>
<dc element="dc.source" value="Reuters"/>
</metadata>
</newsitem>
