<?xml version="1.0" encoding="iso-8859-1" ?>
<newsitem itemid="5080" id="root" date="1996-08-21" xml:lang="en">
<title>AUSTRALIA: RTRS-Australis notes converted to shares.</title>
<headline>RTRS-Australis notes converted to shares.</headline>
<dateline>SYDNEY 1996-08-21</dateline>
<text>
<p>Pay TV operator Australis Media Ltd said it had allotted 14.89 million shares as a result of the conversion of convertible notes.</p>
<p>The shares were issued in two tranches to two nominee companies, 276,900 shares to Calex Nominees Ltd and 14.6 million to Westpac Custodian Nominees Ltd.</p>
<p>No additional funds were received by the company as a result of the issue of the additional securities.  </p>
<p>On Tuesday, Australis announced financing details for its future operations, saying a consortium involving Kerry Packer's Publishing and Broadcasting Ltd (PBL) and Lenfest Communications Inc would provide the company with US$105 million of equity finance.</p>
<p>The fundraising commitments are subject to conditions which include the completion of a new U.S. offering and the equity raising in a combined minimum amount of US$250 million and U.S. bond holders' consent.</p>
<p>The company said it hoped to complete the new U.S. offering by October 1996.  </p>
<p>Australis shares closed 13 cents higher at 25 cents on turnover of 4.6 million shares on Wednesday after being reinstated following a suspension of trading since Monday.</p>
<p>-- Sydney newsroom 61-2 9373 1800</p>
</text>
<copyright>(c) Reuters Limited 1996</copyright>
<metadata>
<codes class="bip:countries:1.0">
  <code code="AUSTR">
    <editdetail attribution="Reuters BIP Coding Group" action="confirmed" date="1996-08-21"/>
  </code>
</codes>
<codes class="bip:industries:1.0">
  <code code="I97400">
    <editdetail attribution="Reuters BIP Coding Group" action="confirmed" date="1996-08-21"/>
  </code>
  <code code="I9741109">
    <editdetail attribution="Reuters BIP Coding Group" action="confirmed" date="1996-08-21"/>
  </code>
  <code code="I9741110">
    <editdetail attribution="Reuters BIP Coding Group" action="confirmed" date="1996-08-21"/>
  </code>
</codes>
<codes class="bip:topics:1.0">
  <code code="C15">
    <editdetail attribution="Reuters BIP Coding Group" action="confirmed" date="1996-08-21"/>
  </code>
  <code code="C152">
    <editdetail attribution="Reuters BIP Coding Group" action="confirmed" date="1996-08-21"/>
  </code>
  <code code="C17">
    <editdetail attribution="Reuters BIP Coding Group" action="confirmed" date="1996-08-21"/>
  </code>
  <code code="C171">
    <editdetail attribution="Reuters BIP Coding Group" action="confirmed" date="1996-08-21"/>
  </code>
  <code code="C172">
    <editdetail attribution="Reuters BIP Coding Group" action="confirmed" date="1996-08-21"/>
  </code>
  <code code="CCAT">
    <editdetail attribution="Reuters BIP Coding Group" action="confirmed" date="1996-08-21"/>
  </code>
</codes>
<dc element="dc.date.created" value="1996-08-21"/>
<dc element="dc.publisher" value="Reuters Holdings Plc"/>
<dc element="dc.date.published" value="1996-08-21"/>
<dc element="dc.source" value="Reuters"/>
<dc element="dc.creator.location" value="SYDNEY"/>
<dc element="dc.creator.location.country.name" value="AUSTRALIA"/>
<dc element="dc.source" value="Reuters"/>
</metadata>
</newsitem>
