<?xml version="1.0" encoding="iso-8859-1" ?>
<newsitem itemid="5086" id="root" date="1996-08-21" xml:lang="en">
<title>AUSTRALIA: Australia's CBA in record profit, outlook cloudy.</title>
<headline>Australia's CBA in record profit, outlook cloudy.</headline>
<byline>Kevin Morrison</byline>
<dateline>SYDNEY 1996-08-21</dateline>
<text>
<p>Australia's largest home lender, Commonwealth Bank of Australia, reported a record annual profit on Wednesday but warned that the outlook was clouded by slowing economic growth, rising bad loans and costs.</p>
<p>Commonwealth, which became fully privatised last month after the Australian government sold its remaining 50.4 percent stake to the public, reported a 13.8 percent rise in net profit to A$1.12 billion (US$873.6 million) for the year to June 30, 1996.</p>
<p>&quot;Although this is a robust result for the year just ended, the outlook for the Commonwealth Bank is increasingly difficult,&quot; managing director David Murray told reporters.</p>
<p>&quot;The overall environment for businesses has deteriorated noticeably over the past 12 months, which amounts to a margin and profit squeeze for businesses.&quot;</p>
<p>The slowing economy had led to a rise in problem loans during the fourth quarter of 1995/96, although the charge for bad or doubtful debts was still at a cyclically low level and down 38 percent for the overall year, he said.</p>
<p>&quot;We have noticed a slight upturn in troublesome loans evident in the last quarter of 1995/96,&quot; Murray said.</p>
<p>However, Commonwealth was not the only bank to suffer from rising difficult loans, which were mainly in the small business sector, particularly in retail and distribution, Murray said.</p>
<p>Despite the glum outlook, Commonwealth reported higher profits from all of its activities during 1995/96, while keeping costs down and reducing the level of problems loans.</p>
<p>Operating revenue rose 12.6 percent to A$9.07 billion in 1995/96, and total assets grew 16.3 percent to A$109.29 billion.</p>
<p>Shareholders were rewarded with a final dividend of 52 cents a share, compared with 46 cents a year earlier.</p>
<p>Commonwealth, which was known as the 'people's bank' under government ownership, reported profit increases from its funds management arm, the Commonwealth Financial Services, its New Zealand unit ASB Bank Ltd and in its main banking activities.</p>
<p>&quot;These factors combined to help offset the impact of continuing pressure on margins and other income generation,&quot; Murray said. The bank has had a squeeze on margins on its home loans, the largest part of its business.</p>
<p>The Australian government first sold part of its holding in the bank in 1991.</p>
<p>Competition in Australia's mortgage market has increased with the entry of non-bank lenders, known as mortgage originators, that have slashed home loan rates and forced major banks to also cut their mortgage rates.</p>
<p>Commonwealth's share of home loan approvals increased in 1995/96, Murray said, but he gave no figures.</p>
<p>Australian banking analysts said 1996/97 was going to be a difficult year for Commonwealth, although the 1995/96 result was at the upper end of expectations.</p>
<p>The higher than expected result pushed Commonwealth shares to a five-month high of A$11.17, up 12 cents, at (0350 GMT). (A$1=US$0.79)</p>
</text>
<copyright>(c) Reuters Limited 1996</copyright>
<metadata>
<codes class="bip:countries:1.0">
  <code code="AUSTR">
    <editdetail attribution="Reuters BIP Coding Group" action="confirmed" date="1996-08-21"/>
  </code>
</codes>
<codes class="bip:topics:1.0">
  <code code="E11">
    <editdetail attribution="Reuters BIP Coding Group" action="confirmed" date="1996-08-21"/>
  </code>
</codes>
<dc element="dc.date.created" value="1996-08-21"/>
<dc element="dc.publisher" value="Reuters Holdings Plc"/>
<dc element="dc.date.published" value="1996-08-21"/>
<dc element="dc.source" value="Reuters"/>
<dc element="dc.creator.location" value="SYDNEY"/>
<dc element="dc.creator.location.country.name" value="AUSTRALIA"/>
<dc element="dc.source" value="Reuters"/>
</metadata>
</newsitem>
