<?xml version="1.0" encoding="iso-8859-1" ?>
<newsitem itemid="5092" id="root" date="1996-08-21" xml:lang="en">
<title>AUSTRALIA: RTRS-Australis shares soar on relisting.</title>
<headline>RTRS-Australis shares soar on relisting.</headline>
<dateline>SYDNEY 1996-08-21</dateline>
<text>
<p>Shares in pay TV operator Australis Media Ltd rejoined the Australia Stock Exchanges lists at 23.9 cents, nearly double its last trade of 12 cents on August 16.</p>
</text>
<copyright>(c) Reuters Limited 1996</copyright>
<metadata>
<codes class="bip:countries:1.0">
  <code code="AUSTR">
    <editdetail attribution="Reuters BIP Coding Group" action="confirmed" date="1996-08-21"/>
  </code>
</codes>
<codes class="bip:topics:1.0">
  <code code="C14">
    <editdetail attribution="Reuters BIP Coding Group" action="confirmed" date="1996-08-21"/>
  </code>
</codes>
<dc element="dc.date.created" value="1996-08-21"/>
<dc element="dc.publisher" value="Reuters Holdings Plc"/>
<dc element="dc.date.published" value="1996-08-21"/>
<dc element="dc.source" value="Reuters"/>
<dc element="dc.creator.location" value="SYDNEY"/>
<dc element="dc.creator.location.country.name" value="AUSTRALIA"/>
<dc element="dc.source" value="Reuters"/>
</metadata>
</newsitem>
