<?xml version="1.0" encoding="iso-8859-1" ?>
<newsitem itemid="5093" id="root" date="1996-08-21" xml:lang="en">
<title>AUSTRALIA: RTRS-Australis shares reinstated-ASX.</title>
<headline>RTRS-Australis shares reinstated-ASX.</headline>
<dateline>SYDNEY 1996-08-21</dateline>
<text>
<p>The Australian Stock Exchange (ASX) said on Wednesday that shares in pay television operator Australis Media Ltd would be reinstated following receipt of an announcement regarding the company's financing arrangements.</p>
</text>
<copyright>(c) Reuters Limited 1996</copyright>
<metadata>
<codes class="bip:countries:1.0">
  <code code="AUSTR">
    <editdetail attribution="Reuters BIP Coding Group" action="confirmed" date="1996-08-21"/>
  </code>
</codes>
<codes class="bip:topics:1.0">
  <code code="C17">
    <editdetail attribution="Reuters BIP Coding Group" action="confirmed" date="1996-08-21"/>
  </code>
</codes>
<dc element="dc.date.created" value="1996-08-21"/>
<dc element="dc.publisher" value="Reuters Holdings Plc"/>
<dc element="dc.date.published" value="1996-08-21"/>
<dc element="dc.source" value="Reuters"/>
<dc element="dc.creator.location" value="SYDNEY"/>
<dc element="dc.creator.location.country.name" value="AUSTRALIA"/>
<dc element="dc.source" value="Reuters"/>
</metadata>
</newsitem>
