<?xml version="1.0" encoding="iso-8859-1" ?>
<newsitem itemid="5105" id="root" date="1996-08-21" xml:lang="en">
<title>THAILAND: Thai mutual fund firms seek higher stock limit.</title>
<headline>Thai mutual fund firms seek higher stock limit.</headline>
<dateline>BANGKOK 1996-08-21</dateline>
<text>
<p>Thailand's Association of Investment Management Companies will propose to the finance ministry that the limit on stock investment by pension funds be raised to 20 percent of a fund's value from five percent.</p>
<p>The move would increase the amount of long-term funds in the stock market which has fallen sharply over the past few weeks, the president of the association, Teera Phutrakul, told a seminar on Wednesday.</p>
<p>&quot;(Finance) authorities should find new money to support the market. Funds should be long term and from domestic sources to avoid swift movements and volatility,&quot; he said.</p>
<p>Under existing law, pension funds are required to invest 60 percent of their funds in bank deposits while only five percent is allowed to be invested in common shares, he said.</p>
<p>He said the recent establishment of a market support fund was a short-term solution and would not directly tackle the Thai market's fundamental problems.</p>
<p>-- Bangkok newsroom (662) 652-0642</p>
</text>
<copyright>(c) Reuters Limited 1996</copyright>
<metadata>
<codes class="bip:countries:1.0">
  <code code="THAIL">
    <editdetail attribution="Reuters BIP Coding Group" action="confirmed" date="1996-08-21"/>
  </code>
</codes>
<codes class="bip:industries:1.0">
  <code code="I81502">
    <editdetail attribution="Reuters BIP Coding Group" action="confirmed" date="1996-08-21"/>
  </code>
  <code code="I8150214">
    <editdetail attribution="Reuters BIP Coding Group" action="confirmed" date="1996-08-21"/>
  </code>
</codes>
<codes class="bip:topics:1.0">
  <code code="C13">
    <editdetail attribution="Reuters BIP Coding Group" action="confirmed" date="1996-08-21"/>
  </code>
  <code code="C21">
    <editdetail attribution="Reuters BIP Coding Group" action="confirmed" date="1996-08-21"/>
  </code>
  <code code="CCAT">
    <editdetail attribution="Reuters BIP Coding Group" action="confirmed" date="1996-08-21"/>
  </code>
  <code code="M11">
    <editdetail attribution="Reuters BIP Coding Group" action="confirmed" date="1996-08-21"/>
  </code>
  <code code="MCAT">
    <editdetail attribution="Reuters BIP Coding Group" action="confirmed" date="1996-08-21"/>
  </code>
</codes>
<dc element="dc.date.created" value="1996-08-21"/>
<dc element="dc.publisher" value="Reuters Holdings Plc"/>
<dc element="dc.date.published" value="1996-08-21"/>
<dc element="dc.source" value="Reuters"/>
<dc element="dc.creator.location" value="BANGKOK"/>
<dc element="dc.creator.location.country.name" value="THAILAND"/>
<dc element="dc.source" value="Reuters"/>
</metadata>
</newsitem>
