<?xml version="1.0" encoding="iso-8859-1" ?>
<newsitem itemid="5112" id="root" date="1996-08-21" xml:lang="en">
<title>SINGAPORE: Amcol creditors seek assurance from Sinar Mas.</title>
<headline>Amcol creditors seek assurance from Sinar Mas.</headline>
<byline>Angela Tan</byline>
<dateline>SINGAPORE 1996-08-21</dateline>
<text>
<p>The court-appointed managers of Amcol Holdings Ltd are trying to win an assurance from Indonesian white knight Sinar Mas Group that creditors will be fully paid, sources close to the case said on Wednesday.</p>
<p>&quot;The judicial managers are trying to arrange for Sinar Mas to say what assurance or comfort can be given to creditors that they will be paid,&quot; a source, who declined to be identified, told Reuters.</p>
<p>He said the assurance could come in a form of either a letter or a meeting with creditors.</p>
<p>The request for an assurance followed a demand by Amcol bondholders on Tuesday that Sinar Mas give them a written promise that bond obligations, totalling Singapore $285 million, would be fully paid.</p>
<p>The judicial managers -- Nicky Tan, Deborah Ong and Yeoh Oon Jin, all partners of Price Waterhouse -- were talking to Sinar Mas about its business strategies for Amcol, a property and trading firm, the sources said.</p>
<p>Amcol has been under judicial management since July, when a Price Waterhouse audit report said the company was in trouble with liabilities of Singapore $1.16 billion (US$820 million) and total assets at S$1.55 billion.</p>
<p>Price Waterhouse, as special auditor appointed to probe into the company's financial affairs, said Amcol needed an urgent cash injection of S$100 million to stay in business.</p>
<p>Last Friday, Amcol found its saviour in Sinar Mas, which said it would inject assets worth more than US$2.4 billion into a new company to be formed to takeover Amcol.</p>
<p>On Tuesday, more than 100 Amcol bondholders met the judicial managers to seek a commitment on bond obligations from Sinar Mas before August 30, the day the court will sit to confirm the interim judicial managers.</p>
<p>While Sinar Mas deal guaranteed Amcol share value at S$1.88, bondholders were concerned their interests were not adequately protected.</p>
<p>As creditors, bondholders rank legally higher than shareholders when a company's asset are to be distributed.</p>
<p>Sources close to Amcol dismissed the concerns.</p>
<p>&quot;It has never been an issue that creditors including bondholders will not be paid. Assuming a worst case scenario and in the unlikely event that all provisions (in the Price Waterhouse report) have to be made, there will still be sufficent assets. Creditors will be paid in full,&quot; the source said.</p>
<p>&quot;I don't think there is any reason to doubt their interest is not safe-guarded.&quot;</p>
<p>The source added that if the deal goes through, creditors might be paid as early as next year.</p>
<p>-- Singapore newsroom (65 8703080)</p>
</text>
<copyright>(c) Reuters Limited 1996</copyright>
<metadata>
<codes class="bip:countries:1.0">
  <code code="INDON">
    <editdetail attribution="Reuters BIP Coding Group" action="confirmed" date="1996-08-21"/>
  </code>
  <code code="SINGP">
    <editdetail attribution="Reuters BIP Coding Group" action="confirmed" date="1996-08-21"/>
  </code>
</codes>
<codes class="bip:topics:1.0">
  <code code="C41">
    <editdetail attribution="Reuters BIP Coding Group" action="confirmed" date="1996-08-21"/>
  </code>
  <code code="C411">
    <editdetail attribution="Reuters BIP Coding Group" action="confirmed" date="1996-08-21"/>
  </code>
</codes>
<dc element="dc.date.created" value="1996-08-21"/>
<dc element="dc.publisher" value="Reuters Holdings Plc"/>
<dc element="dc.date.published" value="1996-08-21"/>
<dc element="dc.source" value="Reuters"/>
<dc element="dc.creator.location" value="SINGAPORE"/>
<dc element="dc.creator.location.country.name" value="SINGAPORE"/>
<dc element="dc.source" value="Reuters"/>
</metadata>
</newsitem>
