<?xml version="1.0" encoding="iso-8859-1" ?>
<newsitem itemid="5122" id="root" date="1996-08-21" xml:lang="en">
<title>SINGAPORE: Tan Chong Motor hits new year high.</title>
<headline>Tan Chong Motor hits new year high.</headline>
<dateline>SINGAPORE 1996-08-21</dateline>
<text>
<p>Malaysian over-the-counter stock Tan Chong Motor touched a year high of Singapore $2.71 on Wednesday on rumours its Singapore branch could seek a separate listing in Singapore.</p>
<p>At 0348 GMT, Tan Chong Motor was up S$0.10 to S$2.69 on 4.2 million shares.</p>
</text>
<copyright>(c) Reuters Limited 1996</copyright>
<metadata>
<codes class="bip:countries:1.0">
  <code code="MALAY">
    <editdetail attribution="Reuters BIP Coding Group" action="confirmed" date="1996-08-21"/>
  </code>
  <code code="SINGP">
    <editdetail attribution="Reuters BIP Coding Group" action="confirmed" date="1996-08-21"/>
  </code>
</codes>
<codes class="bip:topics:1.0">
  <code code="C14">
    <editdetail attribution="Reuters BIP Coding Group" action="confirmed" date="1996-08-21"/>
  </code>
</codes>
<dc element="dc.date.created" value="1996-08-21"/>
<dc element="dc.publisher" value="Reuters Holdings Plc"/>
<dc element="dc.date.published" value="1996-08-21"/>
<dc element="dc.source" value="Reuters"/>
<dc element="dc.creator.location" value="SINGAPORE"/>
<dc element="dc.creator.location.country.name" value="SINGAPORE"/>
<dc element="dc.source" value="Reuters"/>
</metadata>
</newsitem>
