<?xml version="1.0" encoding="iso-8859-1" ?>
<newsitem itemid="5126" id="root" date="1996-08-21" xml:lang="en">
<title>PHILIPPINES: Filsyn to issue convertible bonds.</title>
<headline>Filsyn to issue convertible bonds.</headline>
<dateline>MANILA 1996-08-21</dateline>
<text>
<p>Filsyn Corp, the Philippines' only polyester fibre producer, said on Wednesday it plans to issue 400 million pesos worth of convertible bonds.</p>
<p>The issue, which was approved by its board and stockholders, will carry a five-year maturity and an 18 percent yearly interest.</p>
<p>Bond holders will be able to convert them into shares from six months of the issue date at specified prices ranging from 5.25 pesos to 7.80 pesos depending on the conversion date.</p>
<p>Stockholders also approved an increase in the company's authorised capital stock to 1.2 billion pesos from 800 million pesos.</p>
<p>The new capital structure would consist of 144 million Class A shares worth 720 million pesos and 96 million Class B shares in the amount of 480 million pesos. Each share has a par value of five pesos.</p>
<p>Shareholders also gave the green light for the sale of certain properties and assets to retire the company's outstanding debt, Filsyn said.</p>
<p>-- Manila newsroom (632) 841-8937</p>
</text>
<copyright>(c) Reuters Limited 1996</copyright>
<metadata>
<codes class="bip:countries:1.0">
  <code code="PHLNS">
    <editdetail attribution="Reuters BIP Coding Group" action="confirmed" date="1996-08-21"/>
  </code>
</codes>
<codes class="bip:topics:1.0">
  <code code="C17">
    <editdetail attribution="Reuters BIP Coding Group" action="confirmed" date="1996-08-21"/>
  </code>
  <code code="C172">
    <editdetail attribution="Reuters BIP Coding Group" action="confirmed" date="1996-08-21"/>
  </code>
  <code code="CCAT">
    <editdetail attribution="Reuters BIP Coding Group" action="confirmed" date="1996-08-21"/>
  </code>
</codes>
<dc element="dc.date.created" value="1996-08-21"/>
<dc element="dc.publisher" value="Reuters Holdings Plc"/>
<dc element="dc.date.published" value="1996-08-21"/>
<dc element="dc.source" value="Reuters"/>
<dc element="dc.creator.location" value="MANILA"/>
<dc element="dc.creator.location.country.name" value="PHILIPPINES"/>
<dc element="dc.source" value="Reuters"/>
</metadata>
</newsitem>
