<?xml version="1.0" encoding="iso-8859-1" ?>
<newsitem itemid="5127" id="root" date="1996-08-21" xml:lang="en">
<title>HONG KONG: Nority Int'l interim net rises 51.4 pct.</title>
<headline>Nority Int'l interim net rises 51.4 pct.</headline>
<dateline>HONG KONG 1996-08-21</dateline>
<text>
<p>Six months ended June 30</p>
<p>(in million HK$ unless stated)</p>
<p>    Shr (H.K. cents)	   11.3   vs 7.5</p>
<p>    Dividend (H.K. cents)    3.0    vs 2.5</p>
<p>    Exceptional items	  nil    vs nil</p>
<p>    Net			    30.27  vs 19.99</p>
<p>    Turnover		     476.12 vs 367.18</p>
<p>    Company name		 Nority International Group Ltd</p>
<p>    Books close		  September 30 to October 3</p>
<p>    Dividend payable	   October 10</p>
<p>NOTE - A sport shoe maker.</p>
</text>
<copyright>(c) Reuters Limited 1996</copyright>
<metadata>
<codes class="bip:countries:1.0">
  <code code="HKONG">
    <editdetail attribution="Reuters BIP Coding Group" action="confirmed" date="1996-08-21"/>
  </code>
</codes>
<codes class="bip:topics:1.0">
  <code code="C151">
    <editdetail attribution="Reuters BIP Coding Group" action="confirmed" date="1996-08-21"/>
  </code>
</codes>
<dc element="dc.date.created" value="1996-08-21"/>
<dc element="dc.publisher" value="Reuters Holdings Plc"/>
<dc element="dc.date.published" value="1996-08-21"/>
<dc element="dc.source" value="Reuters"/>
<dc element="dc.creator.location" value="HONG KONG"/>
<dc element="dc.creator.location.country.name" value="HONG KONG"/>
<dc element="dc.source" value="Reuters"/>
</metadata>
</newsitem>
