<?xml version="1.0" encoding="iso-8859-1" ?>
<newsitem itemid="5128" id="root" date="1996-08-21" xml:lang="en">
<title>JAPAN: Mitsubishi Heavy -96/97 parent forecast.</title>
<headline>Mitsubishi Heavy -96/97 parent forecast.</headline>
<dateline>TOKYO 1996-08-21</dateline>
<text>
<p>Year to March 31, 1997</p>
<p>		   (in billions of yen unless specified)</p>
<p>			   LATEST	    PREVIOUS	   ACTUAL</p>
<p> (Parent)	     FORECAST	   FORECAST	  YEAR-AGO</p>
<p> Sales		  2.70 trln	  2.70 trln	  2.64 trln</p>
<p> Current	    185.00	     175.00	     166.66</p>
<p> Net		  102.00		97.00		92.08</p>
<p>NOTE - Mitsubishi Heavy Industries Ltd is a major heavy machinery maker.</p>
</text>
<copyright>(c) Reuters Limited 1996</copyright>
<metadata>
<codes class="bip:countries:1.0">
  <code code="JAP">
    <editdetail attribution="Reuters BIP Coding Group" action="confirmed" date="1996-08-21"/>
  </code>
</codes>
<codes class="bip:topics:1.0">
  <code code="C152">
    <editdetail attribution="Reuters BIP Coding Group" action="confirmed" date="1996-08-21"/>
  </code>
</codes>
<dc element="dc.date.created" value="1996-08-21"/>
<dc element="dc.publisher" value="Reuters Holdings Plc"/>
<dc element="dc.date.published" value="1996-08-21"/>
<dc element="dc.source" value="Reuters"/>
<dc element="dc.creator.location" value="TOKYO"/>
<dc element="dc.creator.location.country.name" value="JAPAN"/>
<dc element="dc.source" value="Reuters"/>
</metadata>
</newsitem>
