<?xml version="1.0" encoding="iso-8859-1" ?>
<newsitem itemid="5137" id="root" date="1996-08-21" xml:lang="en">
<title>HONG KONG: China Overseas Land plots major expansion.</title>
<headline>China Overseas Land plots major expansion.</headline>
<byline>Kathleen Kearney</byline>
<dateline>HONG KONG 1996-08-21</dateline>
<text>
<p>Red chip China Overseas Land and Investment Ltd is gearing up for major expansion, having raised funds three times in six months and fixed its eyes on lucrative infrastructure opportunities in China.</p>
<p>The company plans to make a new investment every three months or so, Sam Y.L. Kwok, director and deputy general manager of the company, said in an interview with Reuters.</p>
<p>&quot;There will be a gradual shift to China infrastructure,&quot; Kwok said.</p>
<p>The company, whose earnings base is weighted 70-30 in Hong Kong and China property and construction projects, is looking at acquiring two highway construction projects in northern China.</p>
<p>&quot;But nothing has been finalised yet,&quot; Kwok said.</p>
<p>The company's most recent fundraising was the placement of 390 million shares in July, which netted approximately HK$763 million after expenses.</p>
<p>In June, the company borrowed US$60 million in a term loan from a banking syndicate led by Hang Seng Bank Ltd.</p>
<p>The company said these funds were to be invested in infrastructure projects and for general working capital.</p>
<p>In March, Harvest Sun, a consortium in which the group holds a 10 percent stake, raised HK$5.57 billion in a syndicated loan to fund the first phase of the Tai Kok Tsui station development.</p>
<p>Following this investment and the capital raising efforts, the company's gearing ratio stood at about 25 percent to 30 percent of total assets, Kwok said.</p>
<p>More funding will be required for the second phase of the project.</p>
<p>Another similarly structured consortium won the tender to handle the second phase of construction of the Tai Kok Tsui station development in early August.</p>
<p>Sino Land, the lead manager of this group, has the responsibility for arranging the financing for this project, roughly estimated to require HK$15 billion, said Kwok.</p>
<p>Sino Land will hold 40 percent of this second project, Kerry 30 percent, Bank of China Group Investment 20 percent and China Overseas 10 percent.</p>
<p>China Overseas' share of the total development cost will again be 10 percent of whatever financing is arranged.</p>
<p>The red chip property and construction company, which was listed in August 1992 on the back of the great upswing in the Hong Kong and China property markets, has been a play on the Hong Kong property market.</p>
<p>The company is actively seeking absolute growth in both its China and Hong Kong operations, said Kwok.</p>
<p>The company is a subsidiary of China State Construction and Engineering Corp, the largest state-owned construction conglomerate. It is directly under the leadership of the Ministry of Construction.</p>
<p>Possibly the only worrying element in the company's background is the need for China Overseas to follow its parent's and Beijing's macroeconomic dictates, stock analysts said.</p>
<p>In 1996, the emphasis is on cash-rich state enterprises acquiring and rejuvenating failing or bankrupt state enterprises, profitable coastal operations bolstering weak businesses in the hinterland.</p>
<p>China Overseas seeks to rise to the task.</p>
<p>Company chairman Sun Wen-jie, speaking at the company's annual general meeting in June, said the company was negotiating with some mainland parties to acquire several manufacturing projects including a cement manufacturing plant.</p>
<p>-- Hong Kong Newsroom (852) 2843 6933</p>
</text>
<copyright>(c) Reuters Limited 1996</copyright>
<metadata>
<codes class="bip:countries:1.0">
  <code code="CHINA">
    <editdetail attribution="Reuters BIP Coding Group" action="confirmed" date="1996-08-21"/>
  </code>
</codes>
<dc element="dc.date.created" value="1996-08-21"/>
<dc element="dc.publisher" value="Reuters Holdings Plc"/>
<dc element="dc.date.published" value="1996-08-21"/>
<dc element="dc.source" value="Reuters"/>
<dc element="dc.creator.location" value="HONG KONG"/>
<dc element="dc.creator.location.country.name" value="HONG KONG"/>
<dc element="dc.source" value="Reuters"/>
</metadata>
</newsitem>
