<?xml version="1.0" encoding="iso-8859-1" ?>
<newsitem itemid="5138" id="root" date="1996-08-21" xml:lang="en">
<title>JAPAN: GE unit to buy 80 pct stake in Marubeni unit.</title>
<headline>GE unit to buy 80 pct stake in Marubeni unit.</headline>
<dateline>TOKYO 1996-08-21</dateline>
<text>
<p>Marubeni Corp said on Wednesday that GE Capital Service Inc, a wholly owned financial unit of General Electric Co of the United States, agreed to acquire an 80 percent stake in Marubeni's car leasing unit.</p>
</text>
<copyright>(c) Reuters Limited 1996</copyright>
<metadata>
<codes class="bip:countries:1.0">
  <code code="JAP">
    <editdetail attribution="Reuters BIP Coding Group" action="confirmed" date="1996-08-21"/>
  </code>
  <code code="USA">
    <editdetail attribution="Reuters BIP Coding Group" action="confirmed" date="1996-08-21"/>
  </code>
</codes>
<codes class="bip:topics:1.0">
  <code code="C181">
    <editdetail attribution="Reuters BIP Coding Group" action="confirmed" date="1996-08-21"/>
  </code>
</codes>
<dc element="dc.date.created" value="1996-08-21"/>
<dc element="dc.publisher" value="Reuters Holdings Plc"/>
<dc element="dc.date.published" value="1996-08-21"/>
<dc element="dc.source" value="Reuters"/>
<dc element="dc.creator.location" value="TOKYO"/>
<dc element="dc.creator.location.country.name" value="JAPAN"/>
<dc element="dc.source" value="Reuters"/>
</metadata>
</newsitem>
