<?xml version="1.0" encoding="iso-8859-1" ?>
<newsitem itemid="5144" id="root" date="1996-08-21" xml:lang="en">
<title>SOUTH KOREA: Hyundai to enter mini-car market in '97.</title>
<headline>Hyundai to enter mini-car market in '97.</headline>
<dateline>SEOUL 1996-08-21</dateline>
<text>
<p>Hyundai Motor Co Ltd, the flagship of Hyundai Group, said on Wednesday it plans to enter the mini-car market in late 1997.</p>
<p>&quot;We plan to start selling our mini-cars in late 1997 at the earliest,&quot; said a spokesman for Hyundai, South Korea's largest car maker.</p>
<p>He said the company would set up new automobile lines in its Ulsan complex capable of producing 120,000 to 150,000 mini-cars annually. The ultra sub-compact cars would have an engine capacity of 800 cc and 1,000 cc, he said.</p>
<p>&quot;We plan to export the 1,000 cc mini-cars to Southeast Asian and European countries, while the 800 cc units would be sold domestically,&quot; the spokesman said.</p>
<p>&quot;Domestic demand for mid- to large-sized sedans is seen on the down trend, while that for smaller cars is increasing,&quot; he said. &quot;So we have high expectation for the mini-car market.&quot;</p>
<p>South Korea's mini-car market is currently dominated by Daewoo Motor's &quot;Tico&quot;.</p>
<p>--Seoul Newsroom (822) 727 5643</p>
</text>
<copyright>(c) Reuters Limited 1996</copyright>
<metadata>
<codes class="bip:countries:1.0">
  <code code="SKOREA">
    <editdetail attribution="Reuters BIP Coding Group" action="confirmed" date="1996-08-21"/>
  </code>
</codes>
<codes class="bip:industries:1.0">
  <code code="I35101">
    <editdetail attribution="Reuters BIP Coding Group" action="confirmed" date="1996-08-21"/>
  </code>
</codes>
<codes class="bip:topics:1.0">
  <code code="C22">
    <editdetail attribution="Reuters BIP Coding Group" action="confirmed" date="1996-08-21"/>
  </code>
  <code code="CCAT">
    <editdetail attribution="Reuters BIP Coding Group" action="confirmed" date="1996-08-21"/>
  </code>
</codes>
<dc element="dc.date.created" value="1996-08-21"/>
<dc element="dc.publisher" value="Reuters Holdings Plc"/>
<dc element="dc.date.published" value="1996-08-21"/>
<dc element="dc.source" value="Reuters"/>
<dc element="dc.creator.location" value="SEOUL"/>
<dc element="dc.creator.location.country.name" value="SOUTH KOREA"/>
<dc element="dc.source" value="Reuters"/>
</metadata>
</newsitem>
