<?xml version="1.0" encoding="iso-8859-1" ?>
<newsitem itemid="5152" id="root" date="1996-08-21" xml:lang="en">
<title>EGYPT: Japan gives Egypt $12 mln for fishing port.</title>
<headline>Japan gives Egypt $12 mln for fishing port.</headline>
<dateline>CAIRO 1996-08-21</dateline>
<text>
<p>Japan agreed on Wednesday to give Egypt 1.26 billion yen ($11.6 million) to develop a fishing port on the Mediterranean coast.</p>
<p>The project includes building breakwaters, quays and other facilities for Maadia port, some 30 km (20 miles) east of the Mediterranean city of Alexandria.</p>
<p>Japanese Foreign Minister Yukihiko Ikeda, on a three-day visit to Egypt, signed the aid agreement, with Economy and International Cooperation Minister Nawal el-Tatawi for Egypt.</p>
<p>The grant brings cumulative Japanese assistance to Egypt to 95.45 billion yen, the Japanese embassy said in a press release.</p>
<p>Ikeda, who arrived late on Tuesday, will meet resident Hosni Mubarak and the two are expected to discuss possible Japanese finance for a $140 million bridge over the Suez Canal.</p>
<p>($1=108 yen)</p>
</text>
<copyright>(c) Reuters Limited 1996</copyright>
<metadata>
<codes class="bip:countries:1.0">
  <code code="EGYPT">
    <editdetail attribution="Reuters BIP Coding Group" action="confirmed" date="1996-08-21"/>
  </code>
  <code code="JAP">
    <editdetail attribution="Reuters BIP Coding Group" action="confirmed" date="1996-08-21"/>
  </code>
</codes>
<codes class="bip:topics:1.0">
  <code code="GDIP">
    <editdetail attribution="Reuters BIP Coding Group" action="confirmed" date="1996-08-21"/>
  </code>
</codes>
<dc element="dc.date.created" value="1996-08-21"/>
<dc element="dc.publisher" value="Reuters Holdings Plc"/>
<dc element="dc.date.published" value="1996-08-21"/>
<dc element="dc.source" value="Reuters"/>
<dc element="dc.creator.location" value="CAIRO"/>
<dc element="dc.creator.location.country.name" value="EGYPT"/>
<dc element="dc.source" value="Reuters"/>
</metadata>
</newsitem>
