<?xml version="1.0" encoding="iso-8859-1" ?>
<newsitem itemid="5153" id="root" date="1996-08-21" xml:lang="en">
<title>QATAR: Qatar Airways to get used Boeing next week.</title>
<headline>Qatar Airways to get used Boeing next week.</headline>
<dateline>DOHA 1996-08-21</dateline>
<text>
<p>Privately-owned Qatar Airways will take delivery of its fourth Boeing 727 next week, chief executive Sheikh Hamad bin Ali bin Jabr al-Thani said on Wednesday.</p>
<p>&quot;The used aircraft was purchased last month. It is coming next week,&quot; Sheikh Hamad told Reuters, adding that it was bought from General Electric Co's leasing subsidiary General Electric Capital Aviation (GECAS).</p>
<p>He did not give the cost of the new plane.</p>
<p>The 727 will bring the two-year-old carrier's fleet to six -- four 727s and two 747s. Sheikh Hamad said the airline had in June sold its third 747 to a private buyer.</p>
<p>The airline has long-term plans to increase its fleet.</p>
<p>&quot;We are planning to take the narrow-bodies up to six and also add a freighter. We are actively in the market discussing with various leasing companies,&quot; he said.</p>
<p>&quot;It continues our plan to make Doha one of the important air locations in the Gulf,&quot; he said.</p>
<p>--Air Cargo Newsroom Tel +44 171 542 8982 Fax +44 171 542 5017</p>
</text>
<copyright>(c) Reuters Limited 1996</copyright>
<metadata>
<codes class="bip:countries:1.0">
  <code code="QATAR">
    <editdetail attribution="Reuters BIP Coding Group" action="confirmed" date="1996-08-21"/>
  </code>
</codes>
<codes class="bip:industries:1.0">
  <code code="I34000">
    <editdetail attribution="Reuters BIP Coding Group" action="confirmed" date="1996-08-21"/>
  </code>
  <code code="I36400">
    <editdetail attribution="Reuters BIP Coding Group" action="confirmed" date="1996-08-21"/>
  </code>
  <code code="I3640010">
    <editdetail attribution="Reuters BIP Coding Group" action="confirmed" date="1996-08-21"/>
  </code>
  <code code="I75000">
    <editdetail attribution="Reuters BIP Coding Group" action="confirmed" date="1996-08-21"/>
  </code>
</codes>
<codes class="bip:topics:1.0">
  <code code="C24">
    <editdetail attribution="Reuters BIP Coding Group" action="confirmed" date="1996-08-21"/>
  </code>
  <code code="C33">
    <editdetail attribution="Reuters BIP Coding Group" action="confirmed" date="1996-08-21"/>
  </code>
  <code code="CCAT">
    <editdetail attribution="Reuters BIP Coding Group" action="confirmed" date="1996-08-21"/>
  </code>
</codes>
<dc element="dc.date.created" value="1996-08-21"/>
<dc element="dc.publisher" value="Reuters Holdings Plc"/>
<dc element="dc.date.published" value="1996-08-21"/>
<dc element="dc.source" value="Reuters"/>
<dc element="dc.creator.location" value="DOHA"/>
<dc element="dc.creator.location.country.name" value="QATAR"/>
<dc element="dc.source" value="Reuters"/>
</metadata>
</newsitem>
