<?xml version="1.0" encoding="iso-8859-1" ?>
<newsitem itemid="5156" id="root" date="1996-08-21" xml:lang="en">
<title>TURKEY: Ciller says Turk firms to attend Iraq trade fairs.</title>
<headline>Ciller says Turk firms to attend Iraq trade fairs.</headline>
<dateline>ANKARA 1996-08-21</dateline>
<text>
<p>Turkey's Foreign Minister Tansu Ciller has said Turkish companies would participate in trade fairs in Iraq in an attempt to increase trade volume with Baghdad.</p>
<p>&quot;Our businessmen will participate in various fairs in Iraq in August and November,&quot; Ciller was quoted as saying by the state-controlled Anatolian news agency late on Tuesday.</p>
<p>&quot;Our businessmen will have to show big efforts to increase trade volume with Iraq,&quot; she said.</p>
<p>Iraq agreed to a U.N. plan in May to sell oil worth $2 billion over six months to meet humanitarian needs and pay reparations for victims of its 1990 invasion of Kuwait and other U.N. costs.</p>
<p>Iraq will use $1.135 billion of its total proceeds to buy food and medicine.</p>
<p>Turkish businessmen, who launched several trade missions into Iraq last month, have said they could supply Iraq with goods worth as much as $870 million -- the entire amount Baghdad allocated to food purchases.</p>
<p>Ciller said Turkey would get money from the U.N. reparations fund after Iraqi oil sales for its losses due to the halt to trade with Iraq as part of U.N. sanctions against Baghdad after its invasion of Kuwait.</p>
<p>She reiterated an earlier remark that Iraq's oil sales could begin by mid-September.</p>
</text>
<copyright>(c) Reuters Limited 1996</copyright>
<metadata>
<codes class="bip:countries:1.0">
  <code code="IRAQ">
    <editdetail attribution="Reuters BIP Coding Group" action="confirmed" date="1996-08-21"/>
  </code>
  <code code="TURK">
    <editdetail attribution="Reuters BIP Coding Group" action="confirmed" date="1996-08-21"/>
  </code>
  <code code="UN">
    <editdetail attribution="Reuters BIP Coding Group" action="confirmed" date="1996-08-21"/>
  </code>
</codes>
<codes class="bip:industries:1.0">
  <code code="I13000">
    <editdetail attribution="Reuters BIP Coding Group" action="confirmed" date="1996-08-21"/>
  </code>
</codes>
<codes class="bip:topics:1.0">
  <code code="C31">
    <editdetail attribution="Reuters BIP Coding Group" action="confirmed" date="1996-08-21"/>
  </code>
  <code code="C312">
    <editdetail attribution="Reuters BIP Coding Group" action="confirmed" date="1996-08-21"/>
  </code>
  <code code="CCAT">
    <editdetail attribution="Reuters BIP Coding Group" action="confirmed" date="1996-08-21"/>
  </code>
  <code code="E51">
    <editdetail attribution="Reuters BIP Coding Group" action="confirmed" date="1996-08-21"/>
  </code>
  <code code="E512">
    <editdetail attribution="Reuters BIP Coding Group" action="confirmed" date="1996-08-21"/>
  </code>
  <code code="ECAT">
    <editdetail attribution="Reuters BIP Coding Group" action="confirmed" date="1996-08-21"/>
  </code>
  <code code="GCAT">
    <editdetail attribution="Reuters BIP Coding Group" action="confirmed" date="1996-08-21"/>
  </code>
  <code code="GDIP">
    <editdetail attribution="Reuters BIP Coding Group" action="confirmed" date="1996-08-21"/>
  </code>
</codes>
<dc element="dc.date.created" value="1996-08-21"/>
<dc element="dc.publisher" value="Reuters Holdings Plc"/>
<dc element="dc.date.published" value="1996-08-21"/>
<dc element="dc.source" value="Reuters"/>
<dc element="dc.creator.location" value="ANKARA"/>
<dc element="dc.creator.location.country.name" value="TURKEY"/>
<dc element="dc.source" value="Reuters"/>
</metadata>
</newsitem>
