<?xml version="1.0" encoding="iso-8859-1" ?>
<newsitem itemid="5161" id="root" date="1996-08-21" xml:lang="en">
<title>USA: Lloyd's reorganization plan hangs in balance.</title>
<headline>Lloyd's reorganization plan hangs in balance.</headline>
<byline>Lorrie Grant</byline>
<dateline>RICHMOND, Va.</dateline>
<text>
<p>A federal judge conferred with his law clerks into the night on Wednesday, preparing a ruling in a lawsuit that could decide the future of the Lloyd's of London insurance market.</p>
<p>U.S. District Court Judge Robert Payne was to issue his ruling challenging the proposed reorganization of Lloyd's, which American investors argued did not disclose adequate financial information to assess the settlement.</p>
<p>&quot;The court will enter its ruling just as soon as possible,&quot; a clerk for the judge said on Wednesday, declining further comment.</p>
<p>The judge said after two days of testimony which ended Tuesday that he would issue his order on Thursday afternoon.</p>
<p>Lawyers for the sides also declined to comment.</p>
<p>The plaintiffs are seeking an injunction to block the plan. Their lawyers had argued that the plaintiffs needed more information before agreeing to the complex recovery plan that would use their own investment to settle nearly $5 billion in insurance losses. They claim Lloyd's should have to comply with U.S. federal or state securities laws, which enforces strict disclosure rules.</p>
<p>Tens of thousands of investors in Lloyd's worldwide -- known as Names -- were anxiously awaiting the outcome of the Virginia case.</p>
<p>Under the rescue proposal, Lloyd's was to reinsure billions of dollars in liabilities, including pollution and asbestosis-related claims in the United States, into a new company called Equitas.</p>
<p>Lloyd's is asking Names to help pay for Equitas, but offered them 3.2 billion British pounds ($4.95 billion) to offset this cost and to end litigation.</p>
<p>&quot;The Names, or investors, believe they were misled by Lloyd's when they were recruited as Names because it was not disclosed to them what they believe Lloyd's already knew to be incredible liabilities,&quot; said Ken Schrad of the Virginia State Corporation Commission, which regulates insurance companies.</p>
<p>Lawyers for Lloyds and its Chief Executive Ronald Sandler, told the court that, without a settlement, the market's solvency was in doubt.</p>
<p>Industry sources in London, meanwhile, said the judge might be considering a compromise that would grant the U.S. Names some type of relief, but not stop the recovery plan worldwide. Lloyd's is up against an Aug. 28 deadline for Names to accept or reject the plan.</p>
<p>Lloyd's has for several years faced a raft of litigation in the United States, but the timing of this latest challenge has caused it a serious headache.</p>
<p>Industry sources noted that while Payne might seek to grant some sort of relief to the U.S. Names he said Tuesday it was not his intention to stop the Lloyd's recovery plan worldwide.</p>
<p>It is possible that, apart from dismissing the case as Lloyd's has requested, Payne may be considering a compromise.</p>
<p>He could, for example, issue an order that Lloyd's provide Names with more information and that funds be held in escrow allowing Names more time to accept or reject the recovery plan.</p>
<p>It is unclear how Lloyd's would respond to a ruling like this. But the insurance market has already said it would appeal any decision which it felt was a setback.</p>
</text>
<copyright>(c) Reuters Limited 1996</copyright>
<metadata>
<codes class="bip:countries:1.0">
  <code code="USA">
    <editdetail attribution="Reuters BIP Coding Group" action="confirmed" date="1996-08-21"/>
  </code>
</codes>
<codes class="bip:industries:1.0">
  <code code="I82003">
    <editdetail attribution="Reuters BIP Coding Group" action="confirmed" date="1996-08-21"/>
  </code>
</codes>
<codes class="bip:topics:1.0">
  <code code="C11">
    <editdetail attribution="Reuters BIP Coding Group" action="confirmed" date="1996-08-21"/>
  </code>
  <code code="C12">
    <editdetail attribution="Reuters BIP Coding Group" action="confirmed" date="1996-08-21"/>
  </code>
  <code code="C13">
    <editdetail attribution="Reuters BIP Coding Group" action="confirmed" date="1996-08-21"/>
  </code>
  <code code="C17">
    <editdetail attribution="Reuters BIP Coding Group" action="confirmed" date="1996-08-21"/>
  </code>
  <code code="CCAT">
    <editdetail attribution="Reuters BIP Coding Group" action="confirmed" date="1996-08-21"/>
  </code>
  <code code="GCAT">
    <editdetail attribution="Reuters BIP Coding Group" action="confirmed" date="1996-08-21"/>
  </code>
  <code code="GCRIM">
    <editdetail attribution="Reuters BIP Coding Group" action="confirmed" date="1996-08-21"/>
  </code>
</codes>
<dc element="dc.publisher" value="Reuters Holdings Plc"/>
<dc element="dc.date.published" value="1996-08-21"/>
<dc element="dc.source" value="Reuters"/>
<dc element="dc.creator.location" value="RICHMOND, Va."/>
<dc element="dc.creator.location.country.name" value="USA"/>
<dc element="dc.source" value="Reuters"/>
</metadata>
</newsitem>
