<?xml version="1.0" encoding="iso-8859-1" ?>
<newsitem itemid="5163" id="root" date="1996-08-21" xml:lang="en">
<title>USA: Stakes rise in Netscape-Microsoft legal wrangle.</title>
<headline>Stakes rise in Netscape-Microsoft legal wrangle.</headline>
<byline>Samuel Perry</byline>
<dateline>PALO ALTO, Calif.</dateline>
<text>
<p>The legal barrage by Netscape Communications Corp. against arch-rival Microsoft Corp. may end up dampening investors' enthusiasm for both stocks, analysts said on Wednesday.</p>
<p>Gary Reback, Netscape's outside counsel at Wilson Sonsini Goodrich and Rosati, has urged the Department of Justice to take immediate action against Microsoft for alleged violations of its 1994 consent decree and antitrust laws.</p>
<p>Separately, Tim O'Reilly, head of Internet publisher O'Reilly &amp; Associates, said he was recently approached by a Justice Department official asking about Microsoft's behaviour, perhaps indicating fresh interest in the matter.</p>
<p>Microsoft, which has weathered legal battles successfully in the past, has rebuffed the allegations, saying Netscape's claims are &quot;full of wild and unsubstantiated statements.&quot;</p>
<p>The software giant went on the offensive Wednesday, accusing Netscape of failing to live up to its own promises that it would support open Internet standards.</p>
<p>&quot;Netscape should take a good look at themselves in the mirror,&quot; said Brad Chase, vice president or marketing for Microsoft's Internet division, noting Netscape had blocked users of Microsoft's browser from parts of the Netscape site.</p>
<p>Nevertheless, analysts noted the market has a distaste for legal uncertainty, and investors were likely to start factoring in at least some degree of risk that the battle could escalate into a full-fledged government investigation or lawsuit.</p>
<p>&quot;The legal risk is starting to get heightened on this,&quot; said Montgomery Securities analyst David Readerman, who covered Microsoft during Apple Computer Inc.'s failed five-year copyright lawsuit against the software giant.</p>
<p>Microsoft also was probed by the Federal Trade Commission and, subsequently, the Justice Department for five years until its July 1994 signing of a consent decree agreeing to alter the way it licenses operating system software.</p>
<p>That accord was viewed by some of its software rivals as having been lenient, and Netscape's lawyer asked the Justice Department in a letter released Tuesday to examine whether Microsoft was now using its control over computer operating systems improperly.</p>
<p>In both cases, analysts noted that the hint of further legal difficulties could dampen further advances in the companies' stocks as the market seeks to sort out the business impact, if any.</p>
<p>&quot;We've been there with the Apple vs Microsoft and we've been there with the (Justice Department) and the experience is that these stocks tend to stall as the market tries to figure out what the risk is all about,&quot; said Readerman.</p>
<p>Microsoft stock closed up 12.5 cents at $123.50, while Netscape was unchanged at $37.25, both on Nasdaq.</p>
<p>Lawyers in Washington, D.C., said they doubt the Justice Department would find Microsoft had acted improperly, based on the charges leveled against the company by Netscape.</p>
<p>Mountain View, Calif.-based Netscape alleged through its letter to the DOJ that Microsoft had offered &quot;clandestine side payments&quot; and discounts on its operating system, and other inducements, to promote use of its own Internet browser.</p>
<p>The lawyers contacted by Reuters noted that while Microsoft dominates the PC operating system market with around a 90 percent share, Netscape has an estimated 80 percent share of the market for Internet browser software.</p>
<p>&quot;In the browser category, Netscape is the elephant and Microsoft is the mouse,&quot; said Robert Skitol of Drinker Biddle &amp; Reath. &quot;It's a bit of a stretch to call what Microsoft is described as doing a violation of the consent decree or a violation of antitrust laws.&quot;</p>
</text>
<copyright>(c) Reuters Limited 1996</copyright>
<metadata>
<codes class="bip:countries:1.0">
  <code code="USA">
    <editdetail attribution="Reuters BIP Coding Group" action="confirmed" date="1996-08-21"/>
  </code>
</codes>
<codes class="bip:topics:1.0">
  <code code="C12">
    <editdetail attribution="Reuters BIP Coding Group" action="confirmed" date="1996-08-21"/>
  </code>
</codes>
<dc element="dc.publisher" value="Reuters Holdings Plc"/>
<dc element="dc.date.published" value="1996-08-21"/>
<dc element="dc.source" value="Reuters"/>
<dc element="dc.creator.location" value="PALO ALTO, Calif."/>
<dc element="dc.creator.location.country.name" value="USA"/>
<dc element="dc.source" value="Reuters"/>
</metadata>
</newsitem>
