<?xml version="1.0" encoding="iso-8859-1" ?>
<newsitem itemid="5164" id="root" date="1996-08-21" xml:lang="en">
<title>USA: Huntsman Corp. set to announce two acquisitions.</title>
<headline>Huntsman Corp. set to announce two acquisitions.</headline>
<byline>Robin Sidel</byline>
<dateline>NEW YORK 1996-08-21</dateline>
<text>
<p>One day after dropping its unsolicited $460 million bid for Rexene Corp., Huntsman Corp. said Wednesday it exected to announce two major acquisitions in the next 30 days.</p>
<p>The nation's largest privately-held chemicals company was also pursuing acquisitions in Europe as part of its goal to double revenues from 1995's $4.3 billion by the end of 2000. Much of that growth is expected to come from acquisitions.</p>
<p>Chairman Jon Huntsman said the two anticipated transactions included the purchase of a major polymers unit of a publicly-held company and the acquisition of a privately-held packaging company.</p>
<p>Although he did not reveal the names of the companies, citing confidentiality agreements, he said both firms have annual revenues of more than $100 million.</p>
<p>Huntsman discussed the company's future in a telephone interview from a hotel room in San Diego, where the patriarch of the family-owned company had gathered with eight of his nine children for an annual retreat that mixes family business with family vacation.</p>
<p>The 59-year-old devout Mormon and philanthropist said he was flying to Europe on Saturday where &quot;we're in the middle of negotiations there for some very major European assets that could as much as double our European business,&quot; he said.</p>
<p>The Salt Lake City-based firm dropped the bid for Rexene on Tuesday after the target company rejected the offer in favour of its own internal growth plan. Huntsman had proposed buying Rexene for $15 per share and the assumption of $175 million in debt.</p>
<p>Huntsman said he was willing to pay $16 per share for Rexene, but Rexene advisor Schroder-Wertheim indicated that offer also would be refused.</p>
<p>&quot;We have several other major acquisitions going right now and I just didn't feel it was worth the time and interest to try to negotiate with someone who had no interest in really working out a fair and equitable deal for shareholders,&quot; he said.</p>
<p>In rejecting the Huntsman offer, Rexene said its internal growth plan would best serve shareholder interests.</p>
<p>Huntsman also said he had considered launching a hostile bid for Rexene, but &quot;it's a very small industry, in the sense of the numbers of players, and it's not particularly an industry that we would want to be disruptive, or cause any type of turmoil, in.&quot;</p>
<p>Some takeover traders had expected Huntsman would launch a tender offer for Rexene even though the company has never pursued a hostile takeover.</p>
<p>Although the failure to win Rexene marked the second time in recent months that Huntsman did not win its target, the company's top executive said its acquisition course will not change. In April, Huntsman's bid for Sterling Chemicals Inc. was rejected in favour of a management buyout.</p>
<p>&quot;These things don't mean a thing to us ... they're not even a blip on the scope,&quot; he said.</p>
<p>Huntsman has long been known for its history of successful acquisitions, including the 1994 purchase of Texaco Inc.'s chemicals business.</p>
<p>The family also is known for its huge charitable interests, including the Huntsman Cancer Institute in Salt Lake City and a project in Armenia to assist people who lost their homes in a devastating earthquake in 1988.</p>
</text>
<copyright>(c) Reuters Limited 1996</copyright>
<metadata>
<codes class="bip:countries:1.0">
  <code code="USA">
    <editdetail attribution="Reuters BIP Coding Group" action="confirmed" date="1996-08-21"/>
  </code>
</codes>
<codes class="bip:industries:1.0">
  <code code="I25000">
    <editdetail attribution="Reuters BIP Coding Group" action="confirmed" date="1996-08-21"/>
  </code>
  <code code="I25140">
    <editdetail attribution="Reuters BIP Coding Group" action="confirmed" date="1996-08-21"/>
  </code>
</codes>
<codes class="bip:topics:1.0">
  <code code="C18">
    <editdetail attribution="Reuters BIP Coding Group" action="confirmed" date="1996-08-21"/>
  </code>
  <code code="C181">
    <editdetail attribution="Reuters BIP Coding Group" action="confirmed" date="1996-08-21"/>
  </code>
  <code code="CCAT">
    <editdetail attribution="Reuters BIP Coding Group" action="confirmed" date="1996-08-21"/>
  </code>
</codes>
<dc element="dc.date.created" value="1996-08-21"/>
<dc element="dc.publisher" value="Reuters Holdings Plc"/>
<dc element="dc.date.published" value="1996-08-21"/>
<dc element="dc.source" value="Reuters"/>
<dc element="dc.creator.location" value="NEW YORK"/>
<dc element="dc.creator.location.country.name" value="USA"/>
<dc element="dc.source" value="Reuters"/>
</metadata>
</newsitem>
