<?xml version="1.0" encoding="iso-8859-1" ?>
<newsitem itemid="5183" id="root" date="1996-08-21" xml:lang="en">
<title>USA: Blue chips fall on profit-taking, weak tobacco shares.</title>
<headline>Blue chips fall on profit-taking, weak tobacco shares.</headline>
<dateline>NEW YORK 1996-08-21</dateline>
<text>
<p>Blue-chip stocks fell Wednesday as investors called time out after a three-session winning streak and tobacco shares plunged as a crucial cigarette liability trial neared an end.</p>
<p>Based on early and unofficial data, the Dow Jones industrial average closed down 31.44 points at 5,689.82.</p>
<p>In the broader market, declining issues led advances 12-10 on moderate volume of 349 million shares on the New York Stock Exchange.</p>
</text>
<copyright>(c) Reuters Limited 1996</copyright>
<metadata>
<codes class="bip:countries:1.0">
  <code code="USA">
    <editdetail attribution="Reuters BIP Coding Group" action="confirmed" date="1996-08-21"/>
  </code>
</codes>
<codes class="bip:topics:1.0">
  <code code="C152">
    <editdetail attribution="Reuters BIP Coding Group" action="confirmed" date="1996-08-21"/>
  </code>
  <code code="M11">
    <editdetail attribution="Reuters BIP Coding Group" action="confirmed" date="1996-08-21"/>
  </code>
</codes>
<dc element="dc.date.created" value="1996-08-21"/>
<dc element="dc.publisher" value="Reuters Holdings Plc"/>
<dc element="dc.date.published" value="1996-08-21"/>
<dc element="dc.source" value="Reuters"/>
<dc element="dc.creator.location" value="NEW YORK"/>
<dc element="dc.creator.location.country.name" value="USA"/>
<dc element="dc.source" value="Reuters"/>
</metadata>
</newsitem>
