<?xml version="1.0" encoding="iso-8859-1" ?>
<newsitem itemid="5198" id="root" date="1996-08-21" xml:lang="en">
<title>USA: Database on U.S. health plan quality launched.</title>
<headline>Database on U.S. health plan quality launched.</headline>
<dateline>WASHINGTON 1996-08-21</dateline>
<text>
<p>A data bank aimed at giving employers and workers information about the quality of health care plans made its debut Wednesday.</p>
<p>The National Committee for Quality Assurance, a nonprofit group developing ways to measure the quality of health care, said it was launching &quot;Quality Compass,&quot; a data bank covering hundreds of plans providing care for nearly 28 million people.</p>
<p>&quot;Quality Compass reports will make it possible for thousands of key decision-makers to compare the quality of hundreds of health plans in a way that was previously unthinkable,&quot; NCQA president Margaret O'Kane said.</p>
<p>&quot;That provides a powerful incentive for plans to imrpve and compete on the basis of quality.&quot;</p>
<p>Available in written form or on CD-ROM, the data base will be updated twice a year. It allows users to compare health plans with one another, against national and regional averages and against the best plans, known as &quot;benchmarks.&quot;</p>
<p>The data base is intended to enable small and middle-sized businesses to get quality information, to which large firms can get access more easily. Unions will be able better to gauge benefits being offered their members.</p>
</text>
<copyright>(c) Reuters Limited 1996</copyright>
<metadata>
<codes class="bip:countries:1.0">
  <code code="USA">
    <editdetail attribution="Reuters BIP Coding Group" action="confirmed" date="1996-08-21"/>
  </code>
</codes>
<codes class="bip:industries:1.0">
  <code code="I82003">
    <editdetail attribution="Reuters BIP Coding Group" action="confirmed" date="1996-08-21"/>
  </code>
  <code code="I95100">
    <editdetail attribution="Reuters BIP Coding Group" action="confirmed" date="1996-08-21"/>
  </code>
</codes>
<codes class="bip:topics:1.0">
  <code code="C13">
    <editdetail attribution="Reuters BIP Coding Group" action="confirmed" date="1996-08-21"/>
  </code>
  <code code="CCAT">
    <editdetail attribution="Reuters BIP Coding Group" action="confirmed" date="1996-08-21"/>
  </code>
  <code code="E41">
    <editdetail attribution="Reuters BIP Coding Group" action="confirmed" date="1996-08-21"/>
  </code>
  <code code="ECAT">
    <editdetail attribution="Reuters BIP Coding Group" action="confirmed" date="1996-08-21"/>
  </code>
  <code code="GCAT">
    <editdetail attribution="Reuters BIP Coding Group" action="confirmed" date="1996-08-21"/>
  </code>
  <code code="GHEA">
    <editdetail attribution="Reuters BIP Coding Group" action="confirmed" date="1996-08-21"/>
  </code>
  <code code="GJOB">
    <editdetail attribution="Reuters BIP Coding Group" action="confirmed" date="1996-08-21"/>
  </code>
</codes>
<dc element="dc.date.created" value="1996-08-21"/>
<dc element="dc.publisher" value="Reuters Holdings Plc"/>
<dc element="dc.date.published" value="1996-08-21"/>
<dc element="dc.source" value="Reuters"/>
<dc element="dc.creator.location" value="WASHINGTON"/>
<dc element="dc.creator.location.country.name" value="USA"/>
<dc element="dc.source" value="Reuters"/>
</metadata>
</newsitem>
