<?xml version="1.0" encoding="iso-8859-1" ?>
<newsitem itemid="5205" id="root" date="1996-08-21" xml:lang="en">
<title>USA: Campbell to cut NJ staff, sell Swanson-paper.</title>
<headline>Campbell to cut NJ staff, sell Swanson-paper.</headline>
<dateline>CAMDEN, N.J. 1996-08-21</dateline>
<text>
<p>Campbell Soup Co is planning to reduce its presence in Camden, the city where it was founded a century ago, the Philadelphia Inquirer reported on Wednesday.</p>
<p>Citing company sources and Wall Street analysts, the newspaper reported that  Campbell plans to shrink its headquarters staff of 1,500, close one of four major soup plants and divest some brand names including Swanson frozen foods.</p>
<p>A company spokesman called the report speculative but did not deny it.</p>
</text>
<copyright>(c) Reuters Limited 1996</copyright>
<metadata>
<codes class="bip:countries:1.0">
  <code code="USA">
    <editdetail attribution="Reuters BIP Coding Group" action="confirmed" date="1996-08-21"/>
  </code>
</codes>
<codes class="bip:topics:1.0">
  <code code="C21">
    <editdetail attribution="Reuters BIP Coding Group" action="confirmed" date="1996-08-21"/>
  </code>
  <code code="C24">
    <editdetail attribution="Reuters BIP Coding Group" action="confirmed" date="1996-08-21"/>
  </code>
  <code code="GJOB">
    <editdetail attribution="Reuters BIP Coding Group" action="confirmed" date="1996-08-21"/>
  </code>
</codes>
<dc element="dc.date.created" value="1996-08-21"/>
<dc element="dc.publisher" value="Reuters Holdings Plc"/>
<dc element="dc.date.published" value="1996-08-21"/>
<dc element="dc.source" value="Reuters"/>
<dc element="dc.creator.location" value="CAMDEN, N.J."/>
<dc element="dc.creator.location.country.name" value="USA"/>
<dc element="dc.source" value="Reuters"/>
</metadata>
</newsitem>
