<?xml version="1.0" encoding="iso-8859-1" ?>
<newsitem itemid="5211" id="root" date="1996-08-21" xml:lang="en">
<title>USA: Wall Street stocks open mostly lower.</title>
<headline>Wall Street stocks open mostly lower.</headline>
<dateline>NEW YORK 1996-08-21</dateline>
<text>
<p>U.S. stocks succumbed to mild profit-taking at the opening on Wednesday, pressured also by softer bonds.</p>
<p>The Dow Industrials index was off nine at 5,712 in early trading. The NASDAQ Index was off three at 1,122, while the S&amp;P Index was off one at 665</p>
<p>The 30-year U.S. Treasury bond was down 12/32 to yield 6.83 percent.</p>
</text>
<copyright>(c) Reuters Limited 1996</copyright>
<metadata>
<codes class="bip:countries:1.0">
  <code code="USA">
    <editdetail attribution="Reuters BIP Coding Group" action="confirmed" date="1996-08-21"/>
  </code>
</codes>
<codes class="bip:topics:1.0">
  <code code="M11">
    <editdetail attribution="Reuters BIP Coding Group" action="confirmed" date="1996-08-21"/>
  </code>
</codes>
<dc element="dc.date.created" value="1996-08-21"/>
<dc element="dc.publisher" value="Reuters Holdings Plc"/>
<dc element="dc.date.published" value="1996-08-21"/>
<dc element="dc.source" value="Reuters"/>
<dc element="dc.creator.location" value="NEW YORK"/>
<dc element="dc.creator.location.country.name" value="USA"/>
<dc element="dc.source" value="Reuters"/>
</metadata>
</newsitem>
