<?xml version="1.0" encoding="iso-8859-1" ?>
<newsitem itemid="5218" id="root" date="1996-08-21" xml:lang="en">
<title>USA: Lloyd's seeks U.S. approval for recovery plan.</title>
<headline>Lloyd's seeks U.S. approval for recovery plan.</headline>
<byline>Lorrie Grant</byline>
<dateline>RICHMOND, Va. 1996-08-21</dateline>
<text>
<p>Insurance market Lloyd's of London made its final pitch late on Tuesday to fend off investors trying to block its recovery plan, and a decision is expected on Thursday.</p>
<p>In a 12-1/2 hour session in U.S. federal court that ended after 9 p.m. EDT (0100 GMT Wednesday), Lloyd's attorneys sought approval for a plan designed to keep it solvent after multibillion-dollar losses from insurance claims.</p>
<p>Lawyers for the investors said the plaintiffs needed more information before agreeing to the complex plan to settle nearly $5 billion in insurance losses.</p>
<p>U.S. District Judge Robert Payne said he would rule on the matter by Thursday afternoon. No hearings are scheduled for Wednesday.</p>
<p>The hearing is the latest in a series on Lloyd's recovery plan. The programme has been approved in Britain and in other U.S. federal courts, but 93 of about 3,000 U.S. investors filed suit in the Virginia court to block it.</p>
<p>Lloyd's needs to pass the rescue proposal by Aug 28. A court order blocking it would upset the recovery of a market reeling from $12.4 billion in losses from asbestos, pollution and disaster claims between 1988 and 1992.</p>
<p>&quot;If the ... plan is not complete, Lloyd's cannot pass its solvency test,&quot; Chief Executive Ronald Sandler told the court. He testified for six hours on Monday and Tuesday.</p>
<p>Under the rescue proposal, Lloyd's would reinsure liabilities, including pollution and asbestos-related claims, in the United States through a new company called Equitas. But investors found the offer short on details.</p>
<p>They said Lloyd's had not yet provided adequate pro forma financial statements for Equitas or solid information on such points such as who will operate it, what its costs will be or how its funds and proceeds will be used.</p>
<p>&quot;We are here to try to make sure we get that information,&quot; said Steve Clay, one of the lawyers for the plaintiffs.</p>
<p>Lloyd's attorney Michael Rauch told Payne it would take months for the information to be sent to investors.</p>
<p>Lloyd's said it was willing to allow investors to sue in Britain if fraud was found in its restructuring.</p>
<p>Lloyd's executives expect the liablities to be wiped out in 30 years and any money left over would go to charities. The names of the charities are to be put before Payne before he rules.</p>
<p>Sandler said Equitas would have a set of trustees to run it and one Lloyd's director would be among them.</p>
<p>The legal challenge was complicated on Friday by the U.S. Securities and Exchange Commission. It refused to determine whether Lloyd's should be subject to U.S. securities laws.</p>
<p>The judge criticised the SEC's neutral ruling and the absence of an SEC representative in the courtroom. &quot;What the SEC has done on this is administrative malfeasance,&quot; Payne said.</p>
</text>
<copyright>(c) Reuters Limited 1996</copyright>
<metadata>
<codes class="bip:countries:1.0">
  <code code="USA">
    <editdetail attribution="Reuters BIP Coding Group" action="confirmed" date="1996-08-21"/>
  </code>
</codes>
<dc element="dc.date.created" value="1996-08-21"/>
<dc element="dc.publisher" value="Reuters Holdings Plc"/>
<dc element="dc.date.published" value="1996-08-21"/>
<dc element="dc.source" value="Reuters"/>
<dc element="dc.creator.location" value="RICHMOND, Va."/>
<dc element="dc.creator.location.country.name" value="USA"/>
<dc element="dc.source" value="Reuters"/>
</metadata>
</newsitem>
