<?xml version="1.0" encoding="iso-8859-1" ?>
<newsitem itemid="5224" id="root" date="1996-08-21" xml:lang="en">
<title>USA: have they cut back too much?.</title>
<headline>have they cut back too much?.</headline>
<byline>Kerri Selland</byline>
<dateline>PITTSBURGH 1996-08-21</dateline>
<text>
<p>Steelmakers laid off hundreds of thousands of workers in the 1970s and '80s to get lean and mean, but the cuts have industry officials wondering where the next generation of leaders will come from.</p>
<p>What's more, the job cuts and plant closings have left the industry with an image that fails to attract many bright young professionals, industry officials and analysts said.</p>
<p>&quot;I think there is a real shortage of fresh blood in the industry,&quot; said Chuck Bradford, a long-time industry analyst at UBS Securities. &quot;It seems to me the industry hasn't been recruiting at all.&quot;</p>
<p>Steelmakers did virtually no recruiting during their years of downsizing.</p>
<p>Many top steel executives have worked in the industry for 20 years or more. And though Big Steel's lacklustre image has kept many top business school graduates away, the executives maintain that American steelmakers are efficient, profitable and offer opportunity to young people.</p>
<p>&quot;The U.S. steel industry is very competitive on a global basis... The opportunities are there, but the industry is doing a poor job of projecting itself on campuses,&quot; said David Roderick, former chairman of USX Corp., the parent of U.S. Steel Group, the nation's largest steelmaker.</p>
<p>Roderick said the industry will have to do more recruiting in the next decade as the current string of top managers, now in their 50s and 60s, retires. &quot;The industry will find that the string will run out,&quot; he said.</p>
<p>Kathryn Shaw, associate professor of economics at Carnegie Mellon University in Pittsburgh, said the industry's image dissuades many students, even those in Pittsburgh, from considering working for a steel producer. They prefer to seek work considered more glamorous.</p>
<p>&quot;The students I see here want to go work on Wall Street,&quot; she said. &quot;It's hard for students to show interest in an industry they don't see as growing.</p>
<p>&quot;Plus the hiring demand just isn't there from the steel companies. They simply don't need young people... they've got enough bodies.&quot;</p>
<p>Some experts said not all students were turned off by steel's image, but rather unaware of opportunities offered by the nation's steelmakers.</p>
<p>&quot;We've had no contact with steel companies,&quot; said Craig Marks, visiting professor of business and engineering at the University of Michigan in Ann Arbor. Michigan is one of the country's largest steel-producing states.</p>
<p>&quot;Our students are not predisposed toward any particular industry ... they just want a challenging opportunity where they can use their background. I think all the steel companies would need to do is make a pitch.&quot;</p>
<p>Some steel executives said that students have shown interest in the industry.</p>
<p>&quot;In the past 10 years, there has not been a year that we haven't hired at U.S. Steel,&quot; said Richard Schinagl, U.S. Steel's recruiting manager.</p>
<p>Schinagl said most students who go to work for U.S. Steel have technical or engineering degrees, because steelmaking has become a high-technology business.</p>
<p>He said U.S. Steel also recruits business graduates and has not found it difficult attracting students at the top of their class.</p>
<p>&quot;Seniors today are pretty astute,&quot; he said. &quot;We find the industry has a pretty positive image.&quot;</p>
<p>Schinagl noted that U.S. Steel President Paul Wilhelm and USX Chairman Tom Usher both have engineering degrees.</p>
<p>&quot;Over the recent past, our leaders have been engineering graduates,&quot; he said.</p>
</text>
<copyright>(c) Reuters Limited 1996</copyright>
<metadata>
<codes class="bip:countries:1.0">
  <code code="USA">
    <editdetail attribution="Reuters BIP Coding Group" action="confirmed" date="1996-08-21"/>
  </code>
</codes>
<codes class="bip:industries:1.0">
  <code code="I22100">
    <editdetail attribution="Reuters BIP Coding Group" action="confirmed" date="1996-08-21"/>
  </code>
</codes>
<codes class="bip:topics:1.0">
  <code code="C41">
    <editdetail attribution="Reuters BIP Coding Group" action="confirmed" date="1996-08-21"/>
  </code>
  <code code="CCAT">
    <editdetail attribution="Reuters BIP Coding Group" action="confirmed" date="1996-08-21"/>
  </code>
</codes>
<dc element="dc.date.created" value="1996-08-21"/>
<dc element="dc.publisher" value="Reuters Holdings Plc"/>
<dc element="dc.date.published" value="1996-08-21"/>
<dc element="dc.source" value="Reuters"/>
<dc element="dc.creator.location" value="PITTSBURGH"/>
<dc element="dc.creator.location.country.name" value="USA"/>
<dc element="dc.source" value="Reuters"/>
</metadata>
</newsitem>
