<?xml version="1.0" encoding="iso-8859-1" ?>
<newsitem itemid="5225" id="root" date="1996-08-21" xml:lang="en">
<title>USA: USA-Auto-Safety 1STLD.</title>
<headline>USA-Auto-Safety 1STLD.</headline>
<byline>Mark Wallace</byline>
<dateline>NEW YORK 1996-08-20</dateline>
<text>
<p>Japanese automakers Isuzu Motors Ltd and Acura on Tuesday defended the safety of two light trucks that a U.S. consumer magazine said were unsafe.</p>
<p>The report by the higly respected Consumer Reports magazine also came under fire from Japan's Suzuki Motor Corp, which eventually pulled its Suzuki Samarai sports truck off the market after a critical review by the magazine.</p>
<p>Consumer Reports magazine slapped a &quot;Not Acceptable&quot; label on two sport utility vehicles Tuesday, saying the light trucks &quot;have too great a tendency to roll over in certain situations.&quot;</p>
<p>The magazine said the 1995 and 1996 models of the Isuzu Trooper, made by Isuzu Motors Ltd., and the 1996 Acura SLX, also made by Isuzu but sold by Honda Motor Co. Ltd. , were a danger to consumers because they &quot;tipped up high on two wheels&quot; in road tests.</p>
<p>The magazine said consumers should stop buying the models, called for an immediate recall of the approximately 35,000 cars that have been sold, and said repairs or replacement models should be offered by the manufacturer.</p>
<p>&quot;We don't think a vehicle that has these characteristics should do what it did when subjected to this not inconceivable situation,&quot; said Bob Knoll, director of testing for Consumer Reports' auto division, in a telephone interview</p>
<p>A spokesman for Isuzu defended the vehicles.</p>
<p>&quot;It's very important for both consumers in general and Isuzu Trooper owners to understand very clearly that the Isuzu Trooper meets all federal safety standards and regulations,&quot; said Isuzu spokesman Daniel McCue.</p>
<p>Both companies said they were reviewing Consumer Report's test data and would look further into the matter.</p>
<p>Neither McCue nor Acura spokesman Mike Spencer knew of any reports from customers of their vehicles tipping or rolling over, and neither knew of any ongoing National Highway Traffic Safety Administration investigation.</p>
<p>&quot;We have not had an opportunity to thoroughly review the testing methodology used. Nevertheless, Acura believes the SLX is a safe and reliable vehicle when driven in a responsible manner,&quot; Spencer said.</p>
<p>According to Spencer, only about 1,857 SLXs have been sold since the vehicle was introduced in November 1995.</p>
<p>Smith Barney analyst David Garrity said the report by the influential magazine could prove damaging.</p>
<p>&quot;If Consumer Reports comes out and says, 'Don't buy this product,' the sales will go down,&quot; Garrity said. &quot;You saw what happened to the Suzuki Samurai in the '80s.&quot;</p>
<p>The tiny Suzuki Samurai, introduced in the mid-1980s, was also the target of a series of Consumer Reports articles that alleged the sport utility vehicle was prone to rollovers. The campaign eventually led to the vehicle being pulled off the market after sales plummeted.</p>
<p>Japan's Suzuki Motor Corp. sued Consumers Union, publisher of Consumer Reports, this April over defamation, product disparagement and other claims after the magazine boasted in its 1996 anniversary issue of its own responsibility for the Samurai's dwindling sales.</p>
<p>In a statement, Suzuki charged again that Consumers Union again republished &quot;false and defamatory statements&quot; about the Samurai in its report on the Trooper and SLX.</p>
<p>Garrity said the report was a blow to Honda's Acura brand, which it has worked hard to cultivate. &quot;If I were Honda, I'd demand (of Isuzu) that the problem be fixed, and I'd be more focused on developing my own product,&quot; he said.</p>
<p>Consumer Reports also asked the National Highway Traffic Safety Administration to investigate the Trooper and the SLX, and called for more stringent government oversight of vehicles with narrow wheelbases.</p>
<p>Government regulations currently call for all vehicles with a wheel base of 110 inches or less to carry a warning sticker stating that &quot;sharp turns or abrupt manoeuvres&quot; may cause the vehicle to roll over or crash.</p>
<p>Both the Trooper and the SLX have 108.7-inch wheelbases.</p>
</text>
<copyright>(c) Reuters Limited 1996</copyright>
<metadata>
<codes class="bip:countries:1.0">
  <code code="JAP">
    <editdetail attribution="Reuters BIP Coding Group" action="confirmed" date="1996-08-21"/>
  </code>
  <code code="USA">
    <editdetail attribution="Reuters BIP Coding Group" action="confirmed" date="1996-08-21"/>
  </code>
</codes>
<dc element="dc.date.created" value="1996-08-20"/>
<dc element="dc.publisher" value="Reuters Holdings Plc"/>
<dc element="dc.date.published" value="1996-08-21"/>
<dc element="dc.source" value="Reuters"/>
<dc element="dc.creator.location" value="NEW YORK"/>
<dc element="dc.creator.location.country.name" value="USA"/>
<dc element="dc.source" value="Reuters"/>
</metadata>
</newsitem>
