<?xml version="1.0" encoding="iso-8859-1" ?>
<newsitem itemid="5229" id="root" date="1996-08-21" xml:lang="en">
<title>USA: Netscape urges government action on Microsoft.</title>
<headline>Netscape urges government action on Microsoft.</headline>
<byline>Samuel Perry</byline>
<dateline>PALO ALTO, Calif. 1996-08-20</dateline>
<text>
<p>Netscape Communications Corp.'s lead antitrust lawyer has written the Justice Department urging it to take immediate action against Microsoft Corp. for what he characterised as &quot;far-reaching, anti-competitive behaviour.&quot;</p>
<p>The letter demanding &quot;immediate attention&quot; was dated Aug. 12 and made available to Reuters Tuesday. It represents a further escalation of a battle of words between the rival companies that began earlier this month as they prepared to issue new versions of Internet browser software.</p>
<p>Gary Reback, the outside attorney representing Netscape, also suggested in the letter to Deputy Assistant Attorney General Joel Klein that the issue be turned over to the Federal Trade Commission for further investigation.</p>
<p>The eight-page letter accused Microsoft of having made written offers to computer makers, Internet service providers, large corporations and others providing for &quot;either clandestine side payments, discounts on the Microsoft desktop operating system (Windows) or payments in the form of 'real estate' on the Windows 95 (opening) screen.&quot;</p>
<p>Reback says these inducements were made on condition that the parties involved would &quot;make competitors' browsers far less accessible to users than Microsoft's own browser.&quot; A browser enables computer users to access the Internet's World Wide Web.</p>
<p>The letter said Netscape had &quot;uncovered numerous additional steps that Microsoft has taken for the purpose of eliminating competition in the Internet software markets,&quot; including predatory pricing and bundling of products.</p>
<p>Microsoft spokeswoman Claire Lematta dismissed the letter, saying it &quot;appears to be full of wild and unsubstantiated statements.&quot;</p>
<p>&quot;It looks to us like a marketing document masquerading as a legal document,&quot; she said. &quot;Netscape must be feeling the competitive pressure.&quot;</p>
<p>The legal clash comes at a critical point as both Netscape and the Redmond, Wash.-based software giant introduce new versions of their respective browsers, Netscape Navigator and Microsoft Internet Explorer.</p>
<p>Mountain View, Calif.-based Netscape, an early leader in browser technology, holds the lead in market share with an estimated 80 percent or more of the worldwide market.</p>
<p>But Microsoft, whose Windows systems are found in about 90 percent of personal computers, has moved quickly to gain an estimated 10 percent of the browser market and says more than 1 million people have downloaded its latest browser ,version.</p>
<p>That software, Internet Explorer 3.0, was formally introduced just a week ago. On Monday, Netscape launched the latest version of its browser, Navigator 3.0</p>
<p>Both companies have linked up with content providers to offer free trial subscriptions as a way of promoting their browsers. Analysts have said that Microsoft, which has thrown its marketing and financial clout into Internet products, has leveled the playing field with its latest software.</p>
<p>Microsoft and Netscape are also already well along the way to developing the next versions of their browsers.</p>
<p>Reback, a Silicon Valley lawyer known for spearheading past legal tussles with Microsoft, said the alleged practices went far beyond those which had been addressed in a consent decree reached by Microsoft and the Justice Department just two years ago.</p>
<p>&quot;Microsoft's behaviour is, if anything, more anti-competitive and pernicious than the conduct addressed specifically in the decree,&quot; Reback wrote in the letter.</p>
</text>
<copyright>(c) Reuters Limited 1996</copyright>
<metadata>
<codes class="bip:countries:1.0">
  <code code="USA">
    <editdetail attribution="Reuters BIP Coding Group" action="confirmed" date="1996-08-21"/>
  </code>
</codes>
<codes class="bip:industries:1.0">
  <code code="I33020">
    <editdetail attribution="Reuters BIP Coding Group" action="confirmed" date="1996-08-21"/>
  </code>
  <code code="I3302020">
    <editdetail attribution="Reuters BIP Coding Group" action="confirmed" date="1996-08-21"/>
  </code>
</codes>
<codes class="bip:topics:1.0">
  <code code="C13">
    <editdetail attribution="Reuters BIP Coding Group" action="confirmed" date="1996-08-21"/>
  </code>
  <code code="C34">
    <editdetail attribution="Reuters BIP Coding Group" action="confirmed" date="1996-08-21"/>
  </code>
  <code code="CCAT">
    <editdetail attribution="Reuters BIP Coding Group" action="confirmed" date="1996-08-21"/>
  </code>
</codes>
<dc element="dc.date.created" value="1996-08-20"/>
<dc element="dc.publisher" value="Reuters Holdings Plc"/>
<dc element="dc.date.published" value="1996-08-21"/>
<dc element="dc.source" value="Reuters"/>
<dc element="dc.creator.location" value="PALO ALTO, Calif."/>
<dc element="dc.creator.location.country.name" value="USA"/>
<dc element="dc.source" value="Reuters"/>
</metadata>
</newsitem>
