<?xml version="1.0" encoding="iso-8859-1" ?>
<newsitem itemid="5230" id="root" date="1996-08-21" xml:lang="en">
<title>UK: VIRGIN GROUP TO EXPAND INTO SOUTH AFRICA -- PAPER.</title>
<headline>VIRGIN GROUP TO EXPAND INTO SOUTH AFRICA -- PAPER.</headline>
<dateline>LONDON 1996-08-21</dateline>
<text>
<p>Richard Branson's Virgin group is planning to expand into South Africa, taking all of the sprawling group's major brands into the country, the Financial Times reported.</p>
<p>Virgin Radio has joined a consortium applying for a commercial radio licence in Johannesburg and the company also plans to open Virgin Megastores in South Africa, as well as introducing its Virgin Vodka and Virgin Cola brands there, the paper said.</p>
<p>Virgin Airlines is already scheduled to begin regular service to Johannesburg in October.</p>
<p>-- London Newsroom +44 171 542 7717</p>
</text>
<copyright>(c) Reuters Limited 1996</copyright>
<metadata>
<codes class="bip:countries:1.0">
  <code code="SAFR">
    <editdetail attribution="Reuters BIP Coding Group" action="confirmed" date="1996-08-21"/>
  </code>
  <code code="UK">
    <editdetail attribution="Reuters BIP Coding Group" action="confirmed" date="1996-08-21"/>
  </code>
</codes>
<codes class="bip:topics:1.0">
  <code code="M11">
    <editdetail attribution="Reuters BIP Coding Group" action="confirmed" date="1996-08-21"/>
  </code>
</codes>
<dc element="dc.date.created" value="1996-08-21"/>
<dc element="dc.publisher" value="Reuters Holdings Plc"/>
<dc element="dc.date.published" value="1996-08-21"/>
<dc element="dc.source" value="Reuters"/>
<dc element="dc.creator.location" value="LONDON"/>
<dc element="dc.creator.location.country.name" value="UK"/>
<dc element="dc.source" value="Reuters"/>
</metadata>
</newsitem>
