<?xml version="1.0" encoding="iso-8859-1" ?>
<newsitem itemid="5234" id="root" date="1996-08-21" xml:lang="en">
<title>POLAND: POLAND SOON TO SELL PHS FOOD TRADING CHAIN.</title>
<headline>POLAND SOON TO SELL PHS FOOD TRADING CHAIN.</headline>
<dateline>WARSAW 1996-08-21</dateline>
<text>
<p>Negotiations are reaching their final stage in the sale of up to 75 percent in Polish food retail and wholesale chain Polski Handel Spozywczy SA&gt;(PHS), a privatisation ministry spokesman said.</p>
<p>&quot;Negotiations are reaching their final stage,&quot; Jerzy Godula told Reuters.</p>
<p>Financial daily Parkiet reported on Wednesday that three bidders out of an original 30 remained in the negotiations -- wholesaler PLI , the Elektromis-Poznanska Szkola Handlu trade school and a consortium of food producers.</p>
<p>Parkiet said PHS, with about 650 wholesale and retail outlets across Poland and more than 6,000 employees, had 549.7 million zlotys in retail turnover last year and 203.3 million in wholesale turnover.</p>
<p>-- Warsaw Newsroom +48 22 653 9700</p>
</text>
<copyright>(c) Reuters Limited 1996</copyright>
<metadata>
<codes class="bip:countries:1.0">
  <code code="POL">
    <editdetail attribution="Reuters BIP Coding Group" action="confirmed" date="1996-08-21"/>
  </code>
</codes>
<codes class="bip:topics:1.0">
  <code code="C182">
    <editdetail attribution="Reuters BIP Coding Group" action="confirmed" date="1996-08-21"/>
  </code>
</codes>
<dc element="dc.date.created" value="1996-08-21"/>
<dc element="dc.publisher" value="Reuters Holdings Plc"/>
<dc element="dc.date.published" value="1996-08-21"/>
<dc element="dc.source" value="Reuters"/>
<dc element="dc.creator.location" value="WARSAW"/>
<dc element="dc.creator.location.country.name" value="POLAND"/>
<dc element="dc.source" value="Reuters"/>
</metadata>
</newsitem>
