<?xml version="1.0" encoding="iso-8859-1" ?>
<newsitem itemid="5235" id="root" date="1996-08-21" xml:lang="en">
<title>BELGIUM: WALIBI'S MINI-EUROPE SEES GOOD SUMMER VISITOR FLOW.</title>
<headline>WALIBI'S MINI-EUROPE SEES GOOD SUMMER VISITOR FLOW.</headline>
<dateline>BRUSSELS 1996-08-21</dateline>
<text>
<p>Walibi Group's Mini-Europe theme park in Brussels Bruparck is experiencing a good flow of summer visitors and expects larger attendance than last year, managing director Thierry Meeus said on Wednesday.</p>
<p>&quot;This year is a good year for us,&quot; Meeus told Reuters. &quot;The season is not finished but I hope to reach a little more than 300,000 (visitors) this year.&quot;</p>
<p>Attendance was a little below 300,000 in 1995, he said.</p>
<p>The park would expand its exhibits next year with a model of the Austrian city of Melk, donated by the government of Lower Austria. Countries and regions had begun donating models to Mini-Europe a few years ago, Meeus said.</p>
<p>-- Brussels Newsroom +32 2 287 6810, Fax +32 2 230 7710</p>
</text>
<copyright>(c) Reuters Limited 1996</copyright>
<metadata>
<codes class="bip:countries:1.0">
  <code code="BELG">
    <editdetail attribution="Reuters BIP Coding Group" action="confirmed" date="1996-08-21"/>
  </code>
</codes>
<codes class="bip:industries:1.0">
  <code code="I97412">
    <editdetail attribution="Reuters BIP Coding Group" action="confirmed" date="1996-08-21"/>
  </code>
</codes>
<codes class="bip:topics:1.0">
  <code code="C31">
    <editdetail attribution="Reuters BIP Coding Group" action="confirmed" date="1996-08-21"/>
  </code>
  <code code="CCAT">
    <editdetail attribution="Reuters BIP Coding Group" action="confirmed" date="1996-08-21"/>
  </code>
  <code code="GCAT">
    <editdetail attribution="Reuters BIP Coding Group" action="confirmed" date="1996-08-21"/>
  </code>
  <code code="GENT">
    <editdetail attribution="Reuters BIP Coding Group" action="confirmed" date="1996-08-21"/>
  </code>
</codes>
<dc element="dc.date.created" value="1996-08-21"/>
<dc element="dc.publisher" value="Reuters Holdings Plc"/>
<dc element="dc.date.published" value="1996-08-21"/>
<dc element="dc.source" value="Reuters"/>
<dc element="dc.creator.location" value="BRUSSELS"/>
<dc element="dc.creator.location.country.name" value="BELGIUM"/>
<dc element="dc.source" value="Reuters"/>
</metadata>
</newsitem>
