<?xml version="1.0" encoding="iso-8859-1" ?>
<newsitem itemid="5237" id="root" date="1996-08-21" xml:lang="en">
<title>REPUBLIC OF IRELAND: LYONS REPEATS REJECTION OF UNILEVER OFFER.</title>
<headline>LYONS REPEATS REJECTION OF UNILEVER OFFER.</headline>
<dateline>DUBLIN 1996-08-21</dateline>
<text>
<p>Lyons Irish Holdings repeated on Wednesday its rejection of an offer by Anglo-Dutch consumer products group Unilever Plc/NV for the shares Unilever does not already own in Lyons.</p>
<p>Lyons said in a statement that it was surprised that Unilever did not appear to take account of the negative response to Unilever Ireland's original offer.</p>
<p>Unilever earlier said it was extending its offer period for the minority shareholding it does not already own in Lyons &quot;until further notice&quot;. Unilever acquired a 75 percent stake in the company from Allied Domecq Plc in February.</p>
<p>Last week the Lyons Irish board rejected Unilever's 323.3 Irish pence offer to mop up the remaining 25 percent stake as &quot;inadequate&quot;.</p>
<p>Lyons repeated its advice to its shareholders to reject the Unilever offer.</p>
<p>-- Dublin Newsroom +353 1 676 9775</p>
</text>
<copyright>(c) Reuters Limited 1996</copyright>
<metadata>
<codes class="bip:countries:1.0">
  <code code="IRE">
    <editdetail attribution="Reuters BIP Coding Group" action="confirmed" date="1996-08-21"/>
  </code>
  <code code="NETH">
    <editdetail attribution="Reuters BIP Coding Group" action="confirmed" date="1996-08-21"/>
  </code>
  <code code="UK">
    <editdetail attribution="Reuters BIP Coding Group" action="confirmed" date="1996-08-21"/>
  </code>
</codes>
<codes class="bip:industries:1.0">
  <code code="I41000">
    <editdetail attribution="Reuters BIP Coding Group" action="confirmed" date="1996-08-21"/>
  </code>
  <code code="I42390">
    <editdetail attribution="Reuters BIP Coding Group" action="confirmed" date="1996-08-21"/>
  </code>
  <code code="I42400">
    <editdetail attribution="Reuters BIP Coding Group" action="confirmed" date="1996-08-21"/>
  </code>
</codes>
<codes class="bip:topics:1.0">
  <code code="C18">
    <editdetail attribution="Reuters BIP Coding Group" action="confirmed" date="1996-08-21"/>
  </code>
  <code code="C181">
    <editdetail attribution="Reuters BIP Coding Group" action="confirmed" date="1996-08-21"/>
  </code>
  <code code="CCAT">
    <editdetail attribution="Reuters BIP Coding Group" action="confirmed" date="1996-08-21"/>
  </code>
</codes>
<dc element="dc.date.created" value="1996-08-21"/>
<dc element="dc.publisher" value="Reuters Holdings Plc"/>
<dc element="dc.date.published" value="1996-08-21"/>
<dc element="dc.source" value="Reuters"/>
<dc element="dc.creator.location" value="DUBLIN"/>
<dc element="dc.creator.location.country.name" value="REPUBLIC OF IRELAND"/>
<dc element="dc.source" value="Reuters"/>
</metadata>
</newsitem>
