<?xml version="1.0" encoding="iso-8859-1" ?>
<newsitem itemid="5238" id="root" date="1996-08-21" xml:lang="en">
<title>SWEDEN: VOLVO H1 PRE-TAX PROFIT 3.86 BLN SKR.</title>
<headline>VOLVO H1 PRE-TAX PROFIT 3.86 BLN SKR.</headline>
<dateline>STOCKHOLM 1996-08-21</dateline>
<text>
<p>Swedish vehicle maker AB Volvo</p>
<p>reports for the six months to June 30, 1996, compared with a</p>
<p>year ago.</p>
<p>					(million crowns unless stated)</p>
<p> Pre-tax profit			    3,856 vs   5,332</p>
<p> Sales					78,059 vs  85,134</p>
<p> Operating profit			  2,281 vs   4,024</p>
<p>The separate operating units of Volvo report operating</p>
<p>profit excluding non-recurring items for the six months to June</p>
<p>30, 1996, compared to a year ago.</p>
<p>					(million crowns unless stated)</p>
<p> Volvo Car				    187  vs   1,580</p>
<p> Volvo Truck				1,078  vs   2,942</p>
<p> Volvo Bus				    134  vs     164</p>
<p> Volvo Construction equipment	   651  vs	 -</p>
<p> Volvo Penta Group			   57  vs     127</p>
<p> Volvo Aero Group			    90  vs	91</p>
<p>Other subsidiaries/eliminations</p>
<p>					 CHARGE 131  vs	 9 CREDIT</p>
<p> TOTAL AUTOMOTIVE OPERATIONS	  2,066  vs   4,913</p>
<p> VOLVO GROUP TOTAL			2,281  vs   5,561</p>
<p>Sales for the six months to June 30, 1996, compared with the</p>
<p>same period a year ago.</p>
<p>					(million crowns unless stated)</p>
<p> Volvo Car				   39,828 vs 42,729</p>
<p> Volvo Truck				 23,112 vs 25,744</p>
<p> Volvo Bus				    4,213 vs  3,559</p>
<p> Volvo Construction Equipment	   6,695 vs	-</p>
<p> Volvo Penta				  2,002 vs  2,067</p>
<p> Volvo Aero				   1,962 vs  1,716</p>
<p>Other subsidiaries and eliminations</p>
<p>					 CHARGE 1,546 vs    552 CHARGE</p>
<p> TOTAL AUTOMOTIVE OPERATIONS	   76,266 vs 75,263</p>
<p> VOLVO GROUP TOTAL			 78,059 vs 85,134</p>
<p>-- Stockholm newsroom +46-8-7001017</p>
</text>
<copyright>(c) Reuters Limited 1996</copyright>
<metadata>
<codes class="bip:countries:1.0">
  <code code="SWED">
    <editdetail attribution="Reuters BIP Coding Group" action="confirmed" date="1996-08-21"/>
  </code>
</codes>
<codes class="bip:industries:1.0">
  <code code="I35000">
    <editdetail attribution="Reuters BIP Coding Group" action="confirmed" date="1996-08-21"/>
  </code>
  <code code="I35101">
    <editdetail attribution="Reuters BIP Coding Group" action="confirmed" date="1996-08-21"/>
  </code>
</codes>
<codes class="bip:topics:1.0">
  <code code="C15">
    <editdetail attribution="Reuters BIP Coding Group" action="confirmed" date="1996-08-21"/>
  </code>
  <code code="C151">
    <editdetail attribution="Reuters BIP Coding Group" action="confirmed" date="1996-08-21"/>
  </code>
  <code code="CCAT">
    <editdetail attribution="Reuters BIP Coding Group" action="confirmed" date="1996-08-21"/>
  </code>
</codes>
<dc element="dc.date.created" value="1996-08-21"/>
<dc element="dc.publisher" value="Reuters Holdings Plc"/>
<dc element="dc.date.published" value="1996-08-21"/>
<dc element="dc.source" value="Reuters"/>
<dc element="dc.creator.location" value="STOCKHOLM"/>
<dc element="dc.creator.location.country.name" value="SWEDEN"/>
<dc element="dc.source" value="Reuters"/>
</metadata>
</newsitem>
