<?xml version="1.0" encoding="iso-8859-1" ?>
<newsitem itemid="5243" id="root" date="1996-08-21" xml:lang="en">
<title>PORTUGAL: Portugal state bank sees profit surge.</title>
<headline>Portugal state bank sees profit surge.</headline>
<dateline>LISBON 1996-08-21</dateline>
<text>
<p>Portugal's Banco de Fomento &amp; Exterior (BFE), which the government is in the process of privatising, said on Wednesday that net profit surged nearly 150 percent in the first half of the year.</p>
<p>But the profit rise to 16.2 billion escudos ($106.2 million), from 6.59 billion over the same period last year, was entirely due to windfall gains from the sale of its stake in state investment management group IPE-Investimentos e Participacoes Empresariais.</p>
<p>Without the profit from the sale, net profit over the first six months fell 2.1 percent to 6.45 billion escudos, the bank said in a statement.</p>
<p>A decision is expected soon on the winner of bidding for the 65 percent stake the government holds in BFE.</p>
<p>Three Portuguese groups are competing for the bank in a privatisation which should earn the government around $1 billion.</p>
<p>($1=152.4 escudos)</p>
</text>
<copyright>(c) Reuters Limited 1996</copyright>
<metadata>
<codes class="bip:countries:1.0">
  <code code="PORL">
    <editdetail attribution="Reuters BIP Coding Group" action="confirmed" date="1996-08-21"/>
  </code>
</codes>
<codes class="bip:industries:1.0">
  <code code="I81402">
    <editdetail attribution="Reuters BIP Coding Group" action="confirmed" date="1996-08-21"/>
  </code>
</codes>
<codes class="bip:topics:1.0">
  <code code="C15">
    <editdetail attribution="Reuters BIP Coding Group" action="confirmed" date="1996-08-21"/>
  </code>
  <code code="C151">
    <editdetail attribution="Reuters BIP Coding Group" action="confirmed" date="1996-08-21"/>
  </code>
  <code code="CCAT">
    <editdetail attribution="Reuters BIP Coding Group" action="confirmed" date="1996-08-21"/>
  </code>
</codes>
<dc element="dc.date.created" value="1996-08-21"/>
<dc element="dc.publisher" value="Reuters Holdings Plc"/>
<dc element="dc.date.published" value="1996-08-21"/>
<dc element="dc.source" value="Reuters"/>
<dc element="dc.creator.location" value="LISBON"/>
<dc element="dc.creator.location.country.name" value="PORTUGAL"/>
<dc element="dc.source" value="Reuters"/>
</metadata>
</newsitem>
