<?xml version="1.0" encoding="iso-8859-1" ?>
<newsitem itemid="5244" id="root" date="1996-08-21" xml:lang="en">
<title>FRANCE: France raps U.S. on Cuba sanctions on Mexicans.</title>
<headline>France raps U.S. on Cuba sanctions on Mexicans.</headline>
<dateline>PARIS 1996-08-21</dateline>
<text>
<p>France rapped the United States on Wednesday over its plans to ban Mexican executives from its territory under controversial sanctions on foreign firms doing business with Cuba.</p>
<p>&quot;Such a unilateral step, contrary to international trade rules, is not acceptable,&quot; Foreign Ministry spokesman Yves Doutriaux told reporters.</p>
<p>&quot;France deplores this fresh implementation of a legislation with it firmly opposes, as do its European Union partners,&quot; he told a regular news briefing.</p>
<p>He said Paris was in contact with Mexican authorities obout the case.</p>
<p>Mexico's Grupo Domos telecommunications company was the second foreign concern hit by the Helms-Burton law tightening the 35-year-old U.S. trade embargo against Cuba.</p>
</text>
<copyright>(c) Reuters Limited 1996</copyright>
<metadata>
<codes class="bip:countries:1.0">
  <code code="CUBA">
    <editdetail attribution="Reuters BIP Coding Group" action="confirmed" date="1996-08-21"/>
  </code>
  <code code="FRA">
    <editdetail attribution="Reuters BIP Coding Group" action="confirmed" date="1996-08-21"/>
  </code>
  <code code="USA">
    <editdetail attribution="Reuters BIP Coding Group" action="confirmed" date="1996-08-21"/>
  </code>
</codes>
<codes class="bip:topics:1.0">
  <code code="E51">
    <editdetail attribution="Reuters BIP Coding Group" action="confirmed" date="1996-08-21"/>
  </code>
  <code code="E512">
    <editdetail attribution="Reuters BIP Coding Group" action="confirmed" date="1996-08-21"/>
  </code>
  <code code="ECAT">
    <editdetail attribution="Reuters BIP Coding Group" action="confirmed" date="1996-08-21"/>
  </code>
  <code code="GCAT">
    <editdetail attribution="Reuters BIP Coding Group" action="confirmed" date="1996-08-21"/>
  </code>
  <code code="GDIP">
    <editdetail attribution="Reuters BIP Coding Group" action="confirmed" date="1996-08-21"/>
  </code>
</codes>
<dc element="dc.date.created" value="1996-08-21"/>
<dc element="dc.publisher" value="Reuters Holdings Plc"/>
<dc element="dc.date.published" value="1996-08-21"/>
<dc element="dc.source" value="Reuters"/>
<dc element="dc.creator.location" value="PARIS"/>
<dc element="dc.creator.location.country.name" value="FRANCE"/>
<dc element="dc.source" value="Reuters"/>
</metadata>
</newsitem>
