<?xml version="1.0" encoding="iso-8859-1" ?>
<newsitem itemid="5252" id="root" date="1996-08-21" xml:lang="en">
<title>SWEDEN: Swedish forestry group MoDo beats expectations.</title>
<headline>Swedish forestry group MoDo beats expectations.</headline>
<byline>Sara Henley</byline>
<dateline>STOCKHOLM 1996-08-21</dateline>
<text>
<p>Swedish forestry group MoDo AB on Wednesday reported a smaller-than-expected fall in first-half profits and said its orders for pulp, fine paper and paperboard had improved in the second quarter.</p>
<p>MoDo said first-half profit after financial items fell 36 percent to 1.66 billion crowns ($252 million) from 2.61 billion, adding that currency hedging had improved its result by 948 million crowns.</p>
<p>Analysts had expected a profit around 1.44 billion crowns, and MoDo's shares rose in Stockholm after the news, touching a peak of 188.00 crowns and closing up 2.0 at 183.00 crowns.</p>
<p>&quot;The result was even better than expected,&quot; said Karl Johan Krigstrom, analyst at Merrill Lynch in London.</p>
<p>Analysts had anticipated some benefit from hedging for MoDo, unlike other Swedish forestry firms who have seen first-half competitiveness blunted by the strength of the crown.</p>
<p>MoDo chairman Bengt Pettersson told a news conference the benefit would amount to 1.5 billion crowns in full-year 1996.</p>
<p>&quot;I think it's a good result,&quot; Pettersson said, noting that the forest industry during the first half had undergone a broad downturn.</p>
<p>But although he said he believed the latest round of pulp price increases would hold, he said it was too early to tell whether pulp markets would take a further price increase in the fourth quarter.</p>
<p>And he said newsprint prices were likely to show a moderate downturn. MoDo said its Holmen newsprint subsidiary had introduced some production restrictions to prevent stocks from building up.</p>
<p>&quot;The discussion is not directly about price increases. It will probably lead to a moderate decrease but it is not a question of a collapse,&quot; MoDo CEO Bengt Pettersson told a news conference.</p>
<p>But Krigstrom said he expected a significant fall in European newsprint prices under pressure from &quot;much lower&quot; prices outside Europe.</p>
<p>MoDo said the market for pulp, paper and paperboard during the first half of the year was influenced by the general economic slowdown and the destocking process in Europe.</p>
<p>&quot;However, the order intake for pulp and paper -- for which price increases have been announced -- as well as for paperboard, improved during the second quarter,&quot; it said.</p>
<p>Reporting first-half total sales down slightly to 10.22 billion crowns from 11.61 billion, MoDo said its total paper, paperboard and pulp deliveries fell 10 percent compared with the 1995 period to 1.3 million tonnes.</p>
<p>&quot;Compared with the first quarter of 1996, second quarter delivery volumes were up by 88,000 tonnes,&quot; it said.</p>
<p>Although fine paper deliveries in western Europe fell nine percent in the first half with uncoated grades falling 11 percent, MoDo said orderbooks at its fine paper mills were now &quot;back to normal&quot; and second-quarter deliveries rose six percent compared with the first-quarter.</p>
<p>&quot;The fine paper stocks held by distributors and customers are now estimated to be low,&quot; MoDo said, adding that fine paper prices had stabilised and it had announced price increases of some 10 percent to take effect in September.</p>
<p>MoDo said chemical pulp deliveries fell by five percent in the first half, although the order intake had recovered in recent months.</p>
</text>
<copyright>(c) Reuters Limited 1996</copyright>
<metadata>
<codes class="bip:countries:1.0">
  <code code="SWED">
    <editdetail attribution="Reuters BIP Coding Group" action="confirmed" date="1996-08-21"/>
  </code>
</codes>
<codes class="bip:industries:1.0">
  <code code="I47100">
    <editdetail attribution="Reuters BIP Coding Group" action="confirmed" date="1996-08-21"/>
  </code>
</codes>
<codes class="bip:topics:1.0">
  <code code="C15">
    <editdetail attribution="Reuters BIP Coding Group" action="confirmed" date="1996-08-21"/>
  </code>
  <code code="C152">
    <editdetail attribution="Reuters BIP Coding Group" action="confirmed" date="1996-08-21"/>
  </code>
  <code code="CCAT">
    <editdetail attribution="Reuters BIP Coding Group" action="confirmed" date="1996-08-21"/>
  </code>
</codes>
<dc element="dc.date.created" value="1996-08-21"/>
<dc element="dc.publisher" value="Reuters Holdings Plc"/>
<dc element="dc.date.published" value="1996-08-21"/>
<dc element="dc.source" value="Reuters"/>
<dc element="dc.creator.location" value="STOCKHOLM"/>
<dc element="dc.creator.location.country.name" value="SWEDEN"/>
<dc element="dc.source" value="Reuters"/>
</metadata>
</newsitem>
