<?xml version="1.0" encoding="iso-8859-1" ?>
<newsitem itemid="5255" id="root" date="1996-08-21" xml:lang="en">
<title>GERMANY: German 5-mo building orders decline-association.</title>
<headline>German 5-mo building orders decline-association.</headline>
<dateline>FRANKFURT 1996-08-21</dateline>
<text>
<p>German building orders declined further in the first five months of 1996, indicating that a turnaround in the sector is not in sight, the German Building Association said on Wednesday.</p>
<p>The association, Hauptverband der deutschen Bauindustrie, said orders through May fell by a real 7.7 percent in east Germany and 9.8 percent in the west. Staff levels dropped 10.3 percent in west Germany and 9.6 percent in the eastern states.</p>
<p>Industrial building demand dropped by a real 9.8 percent in the first five months while public sector building, hit by government austerity efforts, suffered an 11.5 percent drop in incoming orders.</p>
<p>Only firms active in building family homes had grounds for optimism, the association said, noting that housing approvals in this segment had risen 2.5 percent in the period, indicating an upturn in orders to come.</p>
<p>Home building had also remained stable in the eastern states, where demand rose by a real 4.6 percent through May.</p>
<p>--Frankfurt Newsroom, +49 69 756525</p>
</text>
<copyright>(c) Reuters Limited 1996</copyright>
<metadata>
<codes class="bip:countries:1.0">
  <code code="GFR">
    <editdetail attribution="Reuters BIP Coding Group" action="confirmed" date="1996-08-21"/>
  </code>
</codes>
<codes class="bip:industries:1.0">
  <code code="I85000">
    <editdetail attribution="Reuters BIP Coding Group" action="confirmed" date="1996-08-21"/>
  </code>
</codes>
<codes class="bip:topics:1.0">
  <code code="C31">
    <editdetail attribution="Reuters BIP Coding Group" action="confirmed" date="1996-08-21"/>
  </code>
  <code code="CCAT">
    <editdetail attribution="Reuters BIP Coding Group" action="confirmed" date="1996-08-21"/>
  </code>
</codes>
<dc element="dc.date.created" value="1996-08-21"/>
<dc element="dc.publisher" value="Reuters Holdings Plc"/>
<dc element="dc.date.published" value="1996-08-21"/>
<dc element="dc.source" value="Reuters"/>
<dc element="dc.creator.location" value="FRANKFURT"/>
<dc element="dc.creator.location.country.name" value="GERMANY"/>
<dc element="dc.source" value="Reuters"/>
</metadata>
</newsitem>
