<?xml version="1.0" encoding="iso-8859-1" ?>
<newsitem itemid="5259" id="root" date="1996-08-21" xml:lang="en">
<title>SWEDEN: FOCUS-Volvo prompts sigh of relief.</title>
<headline>FOCUS-Volvo prompts sigh of relief.</headline>
<byline>Belinda Goldsmith</byline>
<dateline>STOCKHOLM 1996-08-21</dateline>
<text>
<p>Swedish vehicle maker AB Volvo posted a slightly higher-than-expected first half profit on Wednesday, prompting a sigh of relief from financial markets.</p>
<p>Analysts had expressed concern about Volvo's performance in the first six months as the group battled against falling market share, higher costs and a production generation shift.</p>
<p>But a first half pre-tax profit of 3.86 billion swedish crowns ($584.1 million) on sales of 78.06 billion crowns against 5.33 billion crowns a year ago on 85.13 billion crowns sales appeased market fears, coming in a touch higher than the forecast 3.37 billion crowns.</p>
<p>Although sales were largely unchanged, analysts were relieved to see the car unit back in the black in the second quarter after two red quarters and the weaker performance of the truck unit, foreshadowed last week, not as bad as feared.</p>
<p>&quot;We are feeling rather good about the rest of the year,&quot; analyst Bjorn Germer from Matteus brokerage told Reuters.</p>
<p>Volvo's share price edged up about four crowns after the report was released but the relief quickly wore off and Volvo closed 1.5 crowns lower at 136.5 crowns.</p>
<p>Analysts said the first half report reflected the new slimline Volvo, which has been actively divesting since 1994 to concentrate on its core automotive businesses, spinning off units ranging from seafood to stockbroking.</p>
<p>&quot;The mix of the business has changed and we are almost into a phase now where we will just look at core operations,&quot; Salomon Bros analyst John Lawson told Reuters.</p>
<p>&quot;The second quarter has given a reminder of what will be a fairly constant pattern over the next couple of years.&quot;</p>
<p>Volvo chief executive officer Soren Gyll said the company's divestment plan was virtually complete and first half earnings benefitted from net interest income of 633 million crowns and gains of 453 million crowns on the sale of shares.</p>
<p>But he said in the company report that the group's structural and industrial transformation was continuing.</p>
<p>&quot;The group's two largest operating sectors, Volvo Cars and Volvo Trucks, are in a period of aggressive change,&quot; Gyll said.</p>
<p>From the half-year results, analysts said Volvo Car seemed to be over the worst, posting an operating profit of 187 million crowns on sales of 39.83 billion crowns after two consecutive quarters of losses.</p>
<p>The company's new medium-sized S40/V40 models appeared to be winning market acceptance with problems of long delivery times improving.</p>
<p>Volvo Car managing director Tuve Johannesson told Reuters that the unit expected to improve profitability this autumn as the S40/V40 series replaces the older 400-series.</p>
<p>However Volvo's truck division was stalling.</p>
<p>Gyll said Volvo Truck delivered a total of 33,240 medium-heavy and heavy trucks in the first six months of 1996, a 13 percent drop from 1995.</p>
<p>Last week Volvo announced a major cost-cutting drive and a change of top management at its truck division in the U.S., saying performance this year had been unsatisfactory and the unit had suffered substantial - but undisclosed - losses.</p>
<p>&quot;A restructuring programme is under way but a significant loss is also anticipated in the second half,&quot; Gyll said.</p>
<p>Volvo Truck's managing director Karl-Erling Trogen told Reuters that losses in North America would continue.</p>
<p>Analysts were forecasting Volvo to post a full year pre-tax profit of between 5.4-6.8 billion crowns.</p>
<p>($1=6.608 Swedish Crown)</p>
</text>
<copyright>(c) Reuters Limited 1996</copyright>
<metadata>
<codes class="bip:countries:1.0">
  <code code="SWED">
    <editdetail attribution="Reuters BIP Coding Group" action="confirmed" date="1996-08-21"/>
  </code>
</codes>
<codes class="bip:industries:1.0">
  <code code="I35000">
    <editdetail attribution="Reuters BIP Coding Group" action="confirmed" date="1996-08-21"/>
  </code>
</codes>
<codes class="bip:topics:1.0">
  <code code="C15">
    <editdetail attribution="Reuters BIP Coding Group" action="confirmed" date="1996-08-21"/>
  </code>
  <code code="C151">
    <editdetail attribution="Reuters BIP Coding Group" action="confirmed" date="1996-08-21"/>
  </code>
  <code code="CCAT">
    <editdetail attribution="Reuters BIP Coding Group" action="confirmed" date="1996-08-21"/>
  </code>
</codes>
<dc element="dc.date.created" value="1996-08-21"/>
<dc element="dc.publisher" value="Reuters Holdings Plc"/>
<dc element="dc.date.published" value="1996-08-21"/>
<dc element="dc.source" value="Reuters"/>
<dc element="dc.creator.location" value="STOCKHOLM"/>
<dc element="dc.creator.location.country.name" value="SWEDEN"/>
<dc element="dc.source" value="Reuters"/>
</metadata>
</newsitem>
