<?xml version="1.0" encoding="iso-8859-1" ?>
<newsitem itemid="5267" id="root" date="1996-08-21" xml:lang="en">
<title>FINLAND: Raisio cattle feed appetises stock bulls.</title>
<headline>Raisio cattle feed appetises stock bulls.</headline>
<byline>Ilkka Virtanen</byline>
<dateline>HELSINKI 1996-08-21</dateline>
<text>
<p>A potentially cost-saving dairy cattle feed invention unveiled on Wednesday strengthened Finnish Raision Tehtaat Oy's image as an innovative food group and was immediately reflected in its share price, analysts said.</p>
<p>&quot;The company's image has strengthened significantly within one year,&quot; Finnish Aktia Bank analyst Ritva Ojala told Reuters, referring to the company's new invention and Benecol, a cholesterol-reducing margarine Raisio launched early this year.</p>
<p>That has helped its stock rise by more than 400 percent in one year.</p>
<p>Raisio said it had developed and patented a feed mix formula containing an amino acid called histidine which could cut the cost of feeding dairy cattle by reducing the need for protein. It said it could be commercially viable in the next few years.</p>
<p>It said six grammes of histidine had the same effect on milk output as one kilogramme of protein feed.</p>
<p>&quot;Raisio has done successful research in paper chemicals, but Benecol and the cattle feed finding show that the company really makes efforts to seek innovations in high volume products,&quot; Ojala said.</p>
<p>But analysts said it was too early to estimate the commercial prospects of the cattle feed finding.</p>
<p>&quot;It remains to be seen how important it is, but we are positive towards the continued development in their R&amp;D,&quot; said Kleinwort Benson analyst Michael Finney in London.</p>
<p>&quot;We believe it is too early to upgrade our forecasts on the back of this, but we are still positive towards the share,&quot; he added.</p>
<p>An analyst at a Finnish bank said the dairy cattle feed discovery was still at a very preliminary stage compared to the Benecol margarine, and it might take many years until Raisio got any commercial benefit from it.</p>
<p>&quot;However, there may be potential, and every new invention in the animal feeds industry is important, since margins there have recently been under pressure due to higher raw material costs,&quot; she said, requesting anonymity.</p>
<p>The share market welcomed the new finding and Raisio shares rose sharply in lively trade after the announcement.</p>
<p>Raisio jumped to 322.00 markka before dipping back to 315,00, up 17.00, in late Helsinki dealings after heavy volumes.</p>
<p>-- Helsinki Newsroom +358-0-680 50 248</p>
</text>
<copyright>(c) Reuters Limited 1996</copyright>
<metadata>
<codes class="bip:countries:1.0">
  <code code="FIN">
    <editdetail attribution="Reuters BIP Coding Group" action="confirmed" date="1996-08-21"/>
  </code>
</codes>
<dc element="dc.date.created" value="1996-08-21"/>
<dc element="dc.publisher" value="Reuters Holdings Plc"/>
<dc element="dc.date.published" value="1996-08-21"/>
<dc element="dc.source" value="Reuters"/>
<dc element="dc.creator.location" value="HELSINKI"/>
<dc element="dc.creator.location.country.name" value="FINLAND"/>
<dc element="dc.source" value="Reuters"/>
</metadata>
</newsitem>
