<?xml version="1.0" encoding="iso-8859-1" ?>
<newsitem itemid="5270" id="root" date="1996-08-21" xml:lang="en">
<title>BELGIUM: Foreign currency rates against the Ecu.</title>
<headline>Foreign currency rates against the Ecu.</headline>
<dateline>BRUSSELS 1996-08-21</dateline>
<text>
<p>The European Commission on Wednesday gave the following official foreign currency rates for one European Currency unit (Ecu):  Belgian Franc	39.1820  US Dollar	    1.28224</p>
<p> Danish Krone	 7.35044  Canadian Dollar    1.76218</p>
<p> Deutsche Mark	1.90182  Japanese Yen	 138.841</p>
<p> Greek Drachma	304.006  Swiss Franc	  1.53933</p>
<p> Spanish Peseta     160.972  Norwegian Krone    8.23647</p>
<p> French Franc	 6.50352  Icelandic Krona    85.1023</p>
<p> Irish Punt	  0.796521  Australian Dollar  1.62206</p>
<p> Italian Lira	 1946.50  New Zealand Dollar 1.85670</p>
<p> Dutch Guilder	2.13326  Maltese Lira	0.474904</p>
<p> Austrian Schilling 13.3827  Turkish Lira	 109983.</p>
<p> Portuguese Escudo  195.272  Cyprus Pound	0.591194</p>
<p> Finnish Markka     5.74315  South African Rand 5.84894</p>
<p> Swedish Krona	8.47048  Hungarian Forint   197.837</p>
<p> Sterling	    0.827679  Slovenian Tolar    170.202</p>
</text>
<copyright>(c) Reuters Limited 1996</copyright>
<metadata>
<codes class="bip:countries:1.0">
  <code code="AUST">
    <editdetail attribution="Reuters BIP Coding Group" action="confirmed" date="1996-08-21"/>
  </code>
  <code code="AUSTR">
    <editdetail attribution="Reuters BIP Coding Group" action="confirmed" date="1996-08-21"/>
  </code>
  <code code="CYPR">
    <editdetail attribution="Reuters BIP Coding Group" action="confirmed" date="1996-08-21"/>
  </code>
  <code code="EEC">
    <editdetail attribution="Reuters BIP Coding Group" action="confirmed" date="1996-08-21"/>
  </code>
  <code code="FRA">
    <editdetail attribution="Reuters BIP Coding Group" action="confirmed" date="1996-08-21"/>
  </code>
  <code code="JAP">
    <editdetail attribution="Reuters BIP Coding Group" action="confirmed" date="1996-08-21"/>
  </code>
  <code code="SLVNIA">
    <editdetail attribution="Reuters BIP Coding Group" action="confirmed" date="1996-08-21"/>
  </code>
  <code code="SWITZ">
    <editdetail attribution="Reuters BIP Coding Group" action="confirmed" date="1996-08-21"/>
  </code>
</codes>
<codes class="bip:topics:1.0">
  <code code="G154">
    <editdetail attribution="Reuters BIP Coding Group" action="confirmed" date="1996-08-21"/>
  </code>
  <code code="G155">
    <editdetail attribution="Reuters BIP Coding Group" action="confirmed" date="1996-08-21"/>
  </code>
  <code code="G158">
    <editdetail attribution="Reuters BIP Coding Group" action="confirmed" date="1996-08-21"/>
  </code>
  <code code="M132">
    <editdetail attribution="Reuters BIP Coding Group" action="confirmed" date="1996-08-21"/>
  </code>
</codes>
<dc element="dc.date.created" value="1996-08-21"/>
<dc element="dc.publisher" value="Reuters Holdings Plc"/>
<dc element="dc.date.published" value="1996-08-21"/>
<dc element="dc.source" value="Reuters"/>
<dc element="dc.creator.location" value="BRUSSELS"/>
<dc element="dc.creator.location.country.name" value="BELGIUM"/>
<dc element="dc.source" value="Reuters"/>
</metadata>
</newsitem>
