<?xml version="1.0" encoding="iso-8859-1" ?>
<newsitem itemid="5271" id="root" date="1996-08-21" xml:lang="en">
<title>SWEDEN: Nordbanken posts higher profits.</title>
<headline>Nordbanken posts higher profits.</headline>
<dateline>STOCKHOLM, Sweden</dateline>
<text>
<p>Swedish commercial bank Nordbanken Wednesday reported an 18 percent rise in profits for the first half of the year and the normalisation of credit losses that have plagued it for years.</p>
<p>The state-controlled bank said operating profits rose 3.8 billion crowns ($576 million) for the first half of the year from 3.21 billion crowns ($486.7 million) in the same 1995 period.</p>
<p>Credit losses fell to 260 million crowns ($39.4 million) from 661 million ($100.2 million) last year, largely due to the exploitation of a loan loss provision of 300 million crowns ($45.5 million).</p>
<p>However, even without this provision, credit losses would have totalled no more than 0.49 percent of total lending, a level which signals that Nordbanken -- along with other Swedish banks -- has returned to normal loan loss levels of around 0.5 percent.</p>
<p>However, the improvement on the bottom line was by no means exclusively the result of lower credit losses, Nordbanken said.</p>
<p>A steady decline in market interest rates over the period had boosted profitability, it said.</p>
<p>While personnel costs rose to 1.43 billion crowns ($216.8 million) from 1.38 billion ($209.2 million) last year, a fall in other operating costs meant a 6 percent decline in total expenses to 3.58 billion crowns ($542.8 million).</p>
<p>Since the credit crash of the early 1990s which brought many Swedish banks to the finance ministry for help, the industry has staged a strong recovery.</p>
<p>Nordbanken was virtually stripped of a massive portfolio of bad debt and non-performing loans in a government rescue package, and its highly profitable core operations have now come back into their own.</p>
<p>Nordbanken's after-tax profit of 2.68 billion crowns ($406.4 million) for the first half means a return on equity of a solid 28 percent.</p>
</text>
<copyright>(c) Reuters Limited 1996</copyright>
<metadata>
<codes class="bip:countries:1.0">
  <code code="SWED">
    <editdetail attribution="Reuters BIP Coding Group" action="confirmed" date="1996-08-21"/>
  </code>
</codes>
<codes class="bip:industries:1.0">
  <code code="I81402">
    <editdetail attribution="Reuters BIP Coding Group" action="confirmed" date="1996-08-21"/>
  </code>
</codes>
<codes class="bip:topics:1.0">
  <code code="C15">
    <editdetail attribution="Reuters BIP Coding Group" action="confirmed" date="1996-08-21"/>
  </code>
  <code code="C151">
    <editdetail attribution="Reuters BIP Coding Group" action="confirmed" date="1996-08-21"/>
  </code>
  <code code="CCAT">
    <editdetail attribution="Reuters BIP Coding Group" action="confirmed" date="1996-08-21"/>
  </code>
</codes>
<dc element="dc.publisher" value="Reuters Holdings Plc"/>
<dc element="dc.date.published" value="1996-08-21"/>
<dc element="dc.source" value="Reuters"/>
<dc element="dc.creator.location" value="STOCKHOLM, Sweden"/>
<dc element="dc.creator.location.country.name" value="SWEDEN"/>
<dc element="dc.source" value="Reuters"/>
</metadata>
</newsitem>
