<?xml version="1.0" encoding="iso-8859-1" ?>
<newsitem itemid="5277" id="root" date="1996-08-21" xml:lang="en">
<title>SWEDEN: Trygg-Hansa says reshuffle boosts H1.</title>
<headline>Trygg-Hansa says reshuffle boosts H1.</headline>
<dateline>STOCKHOLM 1996-08-21</dateline>
<text>
<p>Swedish insurer Trygg-Hansa on Wednesday reported a sharp jump in earnings for the first half of the year, saying a thorough reorganisation of the group had started to pay off.</p>
<p>Trygg-Hansa's pre-tax profit increased to 1.52 billion crowns ($230.5 million), a 27 percent improvement on the 1.20 billion crowns posted in the corresponding period last year.</p>
<p>The increase was bolstered by a 29 percent jump in profits from the non-life insurance business, and by a sharply improved return on the group's asset portfolio.</p>
<p>Capital gains and unrealised changes in value in the portfolio improved to 1.19 billion crowns from 848 million in the same 1995 period.</p>
<p>Although a fall in direct yield on shares and bonds to 729 million crowns from 834 million offset some of the gains, the total return on capital improved to 1.82 billion crowns from 1.62 billion crowns.</p>
<p>&quot;It is with great satisfaction that I note that the thorough process of change that Trygg-Hansa is going through has begun to have results,&quot; group CEO Lars Thunell said in the company's interim results statement.</p>
<p>Trygg-Hansa has implemented an efficiency drive that it says will cut costs in its claims department alone by 200 million crowns a year.</p>
<p>Total operating costs for the period declined to 582 million crowns from 684 million in the first half of 1995.</p>
<p>Chief Financial Officer Zaid Pedersen told Reuters he was particularly pleased by the improved performance from insurance operations.</p>
<p>&quot;In the longer term, it's very important that the core business does well,&quot; he said.</p>
<p>The improvement in the return on the investment portfolio was primarily the result of a sharp fall in interest rates over the first half, a trend that had bolstered the value of the bond portfolio and fuelled a rise in share prices.</p>
<p>Although the positive development in this area would continue for the rest of the year, Pedersen said investors should not expect a similar leap in the second half.</p>
<p>&quot;Some of these are one-off gains here influenced by market developments. You can't multiply this result by two for the year, that would be too good, I guess,&quot; he said.</p>
<p>-- Stockholm newsroom +46-8-700 1006 ($ = 6.595 Swedish Crowns)</p>
</text>
<copyright>(c) Reuters Limited 1996</copyright>
<metadata>
<codes class="bip:countries:1.0">
  <code code="SWED">
    <editdetail attribution="Reuters BIP Coding Group" action="confirmed" date="1996-08-21"/>
  </code>
</codes>
<codes class="bip:industries:1.0">
  <code code="I82002">
    <editdetail attribution="Reuters BIP Coding Group" action="confirmed" date="1996-08-21"/>
  </code>
</codes>
<codes class="bip:topics:1.0">
  <code code="C15">
    <editdetail attribution="Reuters BIP Coding Group" action="confirmed" date="1996-08-21"/>
  </code>
  <code code="C151">
    <editdetail attribution="Reuters BIP Coding Group" action="confirmed" date="1996-08-21"/>
  </code>
  <code code="CCAT">
    <editdetail attribution="Reuters BIP Coding Group" action="confirmed" date="1996-08-21"/>
  </code>
</codes>
<dc element="dc.date.created" value="1996-08-21"/>
<dc element="dc.publisher" value="Reuters Holdings Plc"/>
<dc element="dc.date.published" value="1996-08-21"/>
<dc element="dc.source" value="Reuters"/>
<dc element="dc.creator.location" value="STOCKHOLM"/>
<dc element="dc.creator.location.country.name" value="SWEDEN"/>
<dc element="dc.source" value="Reuters"/>
</metadata>
</newsitem>
