<?xml version="1.0" encoding="iso-8859-1" ?>
<newsitem itemid="5278" id="root" date="1996-08-21" xml:lang="en">
<title>SWEDEN: Scania sale boosts Investor H1 fourfold.</title>
<headline>Scania sale boosts Investor H1 fourfold.</headline>
<dateline>STOCKHOLM 1996-08-21</dateline>
<text>
<p>Swedish industrial investment group Investor reported on Wednesday a giant leap in profits for the first half of the year as proceeds from the sale of listed truck group Scania boosted earnings fourfold.</p>
<p>&quot;The first six months of 1996 was a favourable period for Investor. Most notably, the successful sale of Scania shares means that we can now show an even stronger balance sheet,&quot; Investor president Claes Dahlback said in a statement.</p>
<p>Investor's profit after financial items for the period came to 11.61 billion crowns, compared with a pro-forma figure excluding Scania of 2.10 billion for the first half of last year.</p>
<p>The Scania divestment brought in 12.4 billion crowns in the second quarter of the year, but the positive effects were in part offset by a cash injection of 2.48 billion crowns made to Saab Automobile.</p>
<p>Since the divestment of Scania, the main industrial operations held by Investor, the investment vehicle of the Wallenberg sphere, has been Saab Automobile, which it owns jointly with General Motors, and Saab AB which it owns outright.</p>
<p>Saab Automobile posted on Friday a loss of 428 million crowns for the first half of the year, blaming increasing costs and the adverse effects of the stronger crown.</p>
<p>Aviation and technology group Saab AB reported a modest profit after financial items of 32 million crowns for the first half of the year on sales of 3.74 billion crowns. Of this, financial items accounted for a positive 283 million crowns.</p>
<p>Also remaining in the Investor group is an investment portfolio that is the key to the Wallenberg empire's industrial power.</p>
<p>This includes capital stakes of 10 percent in drugs giant Astra, 45 percent of Scania, 16 percent of forestry group Stora and 27 percent of fellow investment group Incentive.</p>
<p>In most of these cases, Investor's share of the voting rights is larger than its capital holding.</p>
<p>The value of Investor's main holdings at June 30 was 52.59 billion crowns, representing a 13 percent increase in value over the first half of the year.</p>
<p>The group's net asset value at the end of the reporting period was 72.84 billion crowns, or 364 crowns per share. However, net asset value had fallen to 71.2 billion crowns or 356 crowns per share by August 16, Scania said.</p>
</text>
<copyright>(c) Reuters Limited 1996</copyright>
<metadata>
<codes class="bip:countries:1.0">
  <code code="SWED">
    <editdetail attribution="Reuters BIP Coding Group" action="confirmed" date="1996-08-21"/>
  </code>
</codes>
<codes class="bip:industries:1.0">
  <code code="I83960">
    <editdetail attribution="Reuters BIP Coding Group" action="confirmed" date="1996-08-21"/>
  </code>
</codes>
<codes class="bip:topics:1.0">
  <code code="C15">
    <editdetail attribution="Reuters BIP Coding Group" action="confirmed" date="1996-08-21"/>
  </code>
  <code code="C151">
    <editdetail attribution="Reuters BIP Coding Group" action="confirmed" date="1996-08-21"/>
  </code>
  <code code="CCAT">
    <editdetail attribution="Reuters BIP Coding Group" action="confirmed" date="1996-08-21"/>
  </code>
</codes>
<dc element="dc.date.created" value="1996-08-21"/>
<dc element="dc.publisher" value="Reuters Holdings Plc"/>
<dc element="dc.date.published" value="1996-08-21"/>
<dc element="dc.source" value="Reuters"/>
<dc element="dc.creator.location" value="STOCKHOLM"/>
<dc element="dc.creator.location.country.name" value="SWEDEN"/>
<dc element="dc.source" value="Reuters"/>
</metadata>
</newsitem>
