<?xml version="1.0" encoding="iso-8859-1" ?>
<newsitem itemid="5279" id="root" date="1996-08-21" xml:lang="en">
<title>SWEDEN: Nordbanken posts 18 pct H1 profit.</title>
<headline>Nordbanken posts 18 pct H1 profit.</headline>
<dateline>STOCKHOLM 1996-08-21</dateline>
<text>
<p>Swedish commercial bank Nordbanken on Wednesday reported an 18 percent increase in profits for the first half of the year and the normalisation of credit losses that have plagued it for years.</p>
<p>The state-controlled high-street bank posted an operating profit of 3.8 billion crowns ($576 million) for the first half of the year, up from 3.21 billion crowns in the same 1995 period.</p>
<p>Credit losses fell to 260 million crowns from 661 million last year. Much of this improvement was due to the exploitation of a loan loss provision totalling 300 million crowns.</p>
<p>However, even without this provision, credit losses would have totalled no more than 0.49 percent of total lending, a level which signals that Nordbanken -- along with other Swedish banks -- has returned to normal loan loss levels of around 0.5 percent.</p>
<p>However, the improvement on the bottom line was by no means exclusively the result of lower credit losses, Nordbanken said.</p>
<p>A steady decline in market interest rates over the period had boosted profitability, it said.</p>
<p>Debt yields in Sweden have fallen hardest at the short end of the market, and the steepening yield curve has allowed banks to cover long lending with cheaper borrowing in short papers.</p>
<p>Lower rates had also led to strong gains in the bank's bond portfolio, Nordbanken said in a statement.</p>
<p>&quot;The general downturn in rates influenced developments positively mainly through higher bond prices. Advantageous positioning (in the market) led to a strong improvement in the result from financial transactions,&quot; it said.</p>
<p>This improved to 632 million crowns in the first half of 1996, compared with 45 million crowns in the same period last year.</p>
<p>The bank also noted improvements on the cost side. Although personnel costs increased to 1.43 billion crowns from 1.38 billion last year, a fall in other operating costs meant a six percent decline in total expenses to 3.58 billion crowns.</p>
<p>Since the credit crash of the early 1990s which brought many Swedish banks to the finance ministry for help, the industry has recovered with a vengeance.</p>
<p>Nordbanken was virtually stripped of a massive portfolio of bad debt and non-performing loans in a government rescue package, and its highly profitable core operations have now come back into their own.</p>
<p>Nordbanken's profit after tax of 2.68 billion crowns for the first half means a return on equity of a solid 28 percent, and even discounting the result of financial transactions the return was 21 percent.</p>
<p>-- Stockholm newsroom, +46-8-700 1006 ($ = 6.595 Swedish Crowns)</p>
</text>
<copyright>(c) Reuters Limited 1996</copyright>
<metadata>
<codes class="bip:countries:1.0">
  <code code="SWED">
    <editdetail attribution="Reuters BIP Coding Group" action="confirmed" date="1996-08-21"/>
  </code>
</codes>
<codes class="bip:industries:1.0">
  <code code="I81402">
    <editdetail attribution="Reuters BIP Coding Group" action="confirmed" date="1996-08-21"/>
  </code>
</codes>
<codes class="bip:topics:1.0">
  <code code="C15">
    <editdetail attribution="Reuters BIP Coding Group" action="confirmed" date="1996-08-21"/>
  </code>
  <code code="C151">
    <editdetail attribution="Reuters BIP Coding Group" action="confirmed" date="1996-08-21"/>
  </code>
  <code code="CCAT">
    <editdetail attribution="Reuters BIP Coding Group" action="confirmed" date="1996-08-21"/>
  </code>
</codes>
<dc element="dc.date.created" value="1996-08-21"/>
<dc element="dc.publisher" value="Reuters Holdings Plc"/>
<dc element="dc.date.published" value="1996-08-21"/>
<dc element="dc.source" value="Reuters"/>
<dc element="dc.creator.location" value="STOCKHOLM"/>
<dc element="dc.creator.location.country.name" value="SWEDEN"/>
<dc element="dc.source" value="Reuters"/>
</metadata>
</newsitem>
