<?xml version="1.0" encoding="iso-8859-1" ?>
<newsitem itemid="5282" id="root" date="1996-08-21" xml:lang="en">
<title>SWEDEN: Volvo U.S. trucks to break even in 1997.</title>
<headline>Volvo U.S. trucks to break even in 1997.</headline>
<dateline>STOCKHOLM 1996-08-21</dateline>
<text>
<p>The loss-making North American trucks division of Swedish vehicle maker Volvo AB will break even in the first half of 1997, Volvo Trucks managing director Karl-Erik Trogen said on Wednesday.</p>
<p>&quot;Our losses in North America will narrow in the first half of 1997. Some time during the first half of next year we will arrive at zero in our operating result,&quot; he told Reuters in an interview.</p>
<p>Volvo trucks operating result weakened sharply in first-half 1996 to 1.08 billion crowns from 2.94 billion. Trogen said a weak market and lower sales in north and south America were behind the fall.</p>
<p>-- Stcokholm newsroom +46 8 700 1006</p>
</text>
<copyright>(c) Reuters Limited 1996</copyright>
<metadata>
<codes class="bip:countries:1.0">
  <code code="SWED">
    <editdetail attribution="Reuters BIP Coding Group" action="confirmed" date="1996-08-21"/>
  </code>
  <code code="USA">
    <editdetail attribution="Reuters BIP Coding Group" action="confirmed" date="1996-08-21"/>
  </code>
</codes>
<codes class="bip:industries:1.0">
  <code code="I35000">
    <editdetail attribution="Reuters BIP Coding Group" action="confirmed" date="1996-08-21"/>
  </code>
  <code code="I35102">
    <editdetail attribution="Reuters BIP Coding Group" action="confirmed" date="1996-08-21"/>
  </code>
</codes>
<codes class="bip:topics:1.0">
  <code code="C15">
    <editdetail attribution="Reuters BIP Coding Group" action="confirmed" date="1996-08-21"/>
  </code>
  <code code="C152">
    <editdetail attribution="Reuters BIP Coding Group" action="confirmed" date="1996-08-21"/>
  </code>
  <code code="CCAT">
    <editdetail attribution="Reuters BIP Coding Group" action="confirmed" date="1996-08-21"/>
  </code>
</codes>
<dc element="dc.date.created" value="1996-08-21"/>
<dc element="dc.publisher" value="Reuters Holdings Plc"/>
<dc element="dc.date.published" value="1996-08-21"/>
<dc element="dc.source" value="Reuters"/>
<dc element="dc.creator.location" value="STOCKHOLM"/>
<dc element="dc.creator.location.country.name" value="SWEDEN"/>
<dc element="dc.source" value="Reuters"/>
</metadata>
</newsitem>
