<?xml version="1.0" encoding="iso-8859-1" ?>
<newsitem itemid="5287" id="root" date="1996-08-21" xml:lang="en">
<title>SWEDEN: INTERVIEW - Volvo Car profits to improve.</title>
<headline>INTERVIEW - Volvo Car profits to improve.</headline>
<dateline>STOCKHOLM 1996-08-21</dateline>
<text>
<p>Profitability at Volvo Car, the biggest division of Swedish automotive group AB Volvo, will improve during autumn as its new S40/V40 car series replaces the older 400-series, Volvo Car managing director Tuve Johannesson said on Wednesday.</p>
<p>&quot;The profitability of the 400 series is useless. The S40/V40 is bringing a change of profitability that will have obvious implications,&quot; Johannesson told Reuters in an interview.</p>
<p>He declined to give a precise forecast for Volvo car sales for the second half of 1996 after Volvo car reported a small operating profit of 378 million crowns in Q2 1996 following two quarters of losses.</p>
<p>&quot;The main reason is that we have achieved balance and managed to bring operating costs under control,&quot; he said.</p>
<p>The car division's sales fell 7.0 percent to 39.83 billion crowns in the first half of 1996, but new orders for its medium-sized car sector rose 11 percent thanks to the introduction of the new series.</p>
<p>&quot;So far we have received 41,000 client orders for the S40/V40 and produced 30,000 of the new models. We are now over our planned rate of production for the model and are looking for total production this year of between 65,000 and 70,000,&quot; Johannesson added.</p>
<p>-- Henrik Alberius, Stockholm newsroom +46 8-700 1250</p>
</text>
<copyright>(c) Reuters Limited 1996</copyright>
<metadata>
<codes class="bip:countries:1.0">
  <code code="SWED">
    <editdetail attribution="Reuters BIP Coding Group" action="confirmed" date="1996-08-21"/>
  </code>
</codes>
<codes class="bip:industries:1.0">
  <code code="I35000">
    <editdetail attribution="Reuters BIP Coding Group" action="confirmed" date="1996-08-21"/>
  </code>
</codes>
<codes class="bip:topics:1.0">
  <code code="C15">
    <editdetail attribution="Reuters BIP Coding Group" action="confirmed" date="1996-08-21"/>
  </code>
  <code code="C151">
    <editdetail attribution="Reuters BIP Coding Group" action="confirmed" date="1996-08-21"/>
  </code>
  <code code="C152">
    <editdetail attribution="Reuters BIP Coding Group" action="confirmed" date="1996-08-21"/>
  </code>
  <code code="CCAT">
    <editdetail attribution="Reuters BIP Coding Group" action="confirmed" date="1996-08-21"/>
  </code>
</codes>
<dc element="dc.date.created" value="1996-08-21"/>
<dc element="dc.publisher" value="Reuters Holdings Plc"/>
<dc element="dc.date.published" value="1996-08-21"/>
<dc element="dc.source" value="Reuters"/>
<dc element="dc.creator.location" value="STOCKHOLM"/>
<dc element="dc.creator.location.country.name" value="SWEDEN"/>
<dc element="dc.source" value="Reuters"/>
</metadata>
</newsitem>
