<?xml version="1.0" encoding="iso-8859-1" ?>
<newsitem itemid="5294" id="root" date="1996-08-21" xml:lang="en">
<title>BELGIUM: EU vets Cadbury Schweppes exclusive right deal.</title>
<headline>EU vets Cadbury Schweppes exclusive right deal.</headline>
<dateline>BRUSSELS 1996-08-21</dateline>
<text>
<p>The European Commission said on Wednesday it was looking into agreements under which Coca-Cola &amp; Schweppes Beverages Ltd (CCSB) will have the exclusive right to make, distribute and sell Cadbury Schweppes soft drink brands in Britain.</p>
<p>The agreements are part of a deal announced in June in which Coca-Cola Enterprises Inc acquires control of CCSB by buying a 51 percent stake from Cadbury Schweppes.</p>
<p>CCSB is the bottler of Cadbury Schweppes' soft drink brands in Britain.</p>
<p>In its official journal the Commission said the agreements could fall within the scope of EU rules which ban anti-competitive behaviour. There is no formal deadline in such investigations, but the Commission usually tries to give the the companies involved a preliminary answer within two months.</p>
<p>Under the deal that was announced on June 4, Cadbury Schweppes gets 622.5 million stg from the sale of its 51 percent stake in CCSB to Coca-Cola Enterprises.</p>
<p>CCE also signs a 15 year licensing deal to cover bottling and distribution of Cadbury Schweppes soft drinks in the UK. The Commission said the agreements would be extended by a further 10 years unless either party gives notice of termination.</p>
<p>The Commission also said on Wednesday it was looking into the acquisition of the 51 percent stake but under the EU merger regulation, which gives it one month to clear the deal or start a detailed investigation.</p>
<p>-- Brussels newsroom +32 2 287 68 11</p>
</text>
<copyright>(c) Reuters Limited 1996</copyright>
<metadata>
<codes class="bip:countries:1.0">
  <code code="EEC">
    <editdetail attribution="Reuters BIP Coding Group" action="confirmed" date="1996-08-21"/>
  </code>
  <code code="UK">
    <editdetail attribution="Reuters BIP Coding Group" action="confirmed" date="1996-08-21"/>
  </code>
</codes>
<codes class="bip:industries:1.0">
  <code code="I42100">
    <editdetail attribution="Reuters BIP Coding Group" action="confirmed" date="1996-08-21"/>
  </code>
  <code code="I42800">
    <editdetail attribution="Reuters BIP Coding Group" action="confirmed" date="1996-08-21"/>
  </code>
</codes>
<codes class="bip:topics:1.0">
  <code code="C33">
    <editdetail attribution="Reuters BIP Coding Group" action="confirmed" date="1996-08-21"/>
  </code>
  <code code="CCAT">
    <editdetail attribution="Reuters BIP Coding Group" action="confirmed" date="1996-08-21"/>
  </code>
  <code code="G15">
    <editdetail attribution="Reuters BIP Coding Group" action="confirmed" date="1996-08-21"/>
  </code>
  <code code="G157">
    <editdetail attribution="Reuters BIP Coding Group" action="confirmed" date="1996-08-21"/>
  </code>
  <code code="GCAT">
    <editdetail attribution="Reuters BIP Coding Group" action="confirmed" date="1996-08-21"/>
  </code>
</codes>
<dc element="dc.date.created" value="1996-08-21"/>
<dc element="dc.publisher" value="Reuters Holdings Plc"/>
<dc element="dc.date.published" value="1996-08-21"/>
<dc element="dc.source" value="Reuters"/>
<dc element="dc.creator.location" value="BRUSSELS"/>
<dc element="dc.creator.location.country.name" value="BELGIUM"/>
<dc element="dc.source" value="Reuters"/>
</metadata>
</newsitem>
