<?xml version="1.0" encoding="iso-8859-1" ?>
<newsitem itemid="5295" id="root" date="1996-08-21" xml:lang="en">
<title>NETHERLANDS: Unilever extends Lyons Irish offer.</title>
<headline>Unilever extends Lyons Irish offer.</headline>
<dateline>AMSTERDAM 1996-08-21</dateline>
<text>
<p>Anglo-Dutch consumer products group Unilever Plc/NV said on Wednesday it was extending its offer period for the shares it does not already own in Lyons Irish Holdings &quot;until further notice&quot;.</p>
<p>Unilever acquired a 75 percent stake in the company from Allied Domecq Plc in February. Last week the Lyons Irish board rejected Unilever's 323.3 Irish pence offer to mop up the remaining 25 percent stake as &quot;inadequate&quot;.  </p>
<p>Unilever spokesman Tom Gordijn said: &quot;We believe the price is reasonable and fair so we have extended the period that shareholders can submit shares to us...until further notice.&quot;</p>
<p>The original offer to shareholders expired yesterday.</p>
<p>Gordijn added that speculation reported in Wednesday's Financial Times paper that Unilever would raise its bid for the outstanding Irish Lyons shares was incorrect.</p>
<p>-- Amsterdam newsroom +31 20 504 5000, Fax +31 20 504 5040</p>
</text>
<copyright>(c) Reuters Limited 1996</copyright>
<metadata>
<codes class="bip:countries:1.0">
  <code code="IRE">
    <editdetail attribution="Reuters BIP Coding Group" action="confirmed" date="1996-08-21"/>
  </code>
  <code code="NETH">
    <editdetail attribution="Reuters BIP Coding Group" action="confirmed" date="1996-08-21"/>
  </code>
  <code code="UK">
    <editdetail attribution="Reuters BIP Coding Group" action="confirmed" date="1996-08-21"/>
  </code>
</codes>
<codes class="bip:industries:1.0">
  <code code="I25800">
    <editdetail attribution="Reuters BIP Coding Group" action="confirmed" date="1996-08-21"/>
  </code>
  <code code="I41000">
    <editdetail attribution="Reuters BIP Coding Group" action="confirmed" date="1996-08-21"/>
  </code>
  <code code="I42390">
    <editdetail attribution="Reuters BIP Coding Group" action="confirmed" date="1996-08-21"/>
  </code>
  <code code="I42400">
    <editdetail attribution="Reuters BIP Coding Group" action="confirmed" date="1996-08-21"/>
  </code>
</codes>
<codes class="bip:topics:1.0">
  <code code="C18">
    <editdetail attribution="Reuters BIP Coding Group" action="confirmed" date="1996-08-21"/>
  </code>
  <code code="C181">
    <editdetail attribution="Reuters BIP Coding Group" action="confirmed" date="1996-08-21"/>
  </code>
  <code code="CCAT">
    <editdetail attribution="Reuters BIP Coding Group" action="confirmed" date="1996-08-21"/>
  </code>
</codes>
<dc element="dc.date.created" value="1996-08-21"/>
<dc element="dc.publisher" value="Reuters Holdings Plc"/>
<dc element="dc.date.published" value="1996-08-21"/>
<dc element="dc.source" value="Reuters"/>
<dc element="dc.creator.location" value="AMSTERDAM"/>
<dc element="dc.creator.location.country.name" value="NETHERLANDS"/>
<dc element="dc.source" value="Reuters"/>
</metadata>
</newsitem>
