<?xml version="1.0" encoding="iso-8859-1" ?>
<newsitem itemid="5296" id="root" date="1996-08-21" xml:lang="en">
<title>SWEDEN: Scania denies VW truck talks.</title>
<headline>Scania denies VW truck talks.</headline>
<dateline>STOCKHOLM 1996-08-21</dateline>
<text>
<p>Swedish truck maker Scania denied on Wednesday a German magazine report that it is negotiating with Germany's Volkswagen.</p>
<p>&quot;We are not involved in any discussions with VW. Our only cooperation is that we market their products -- VW, Porsche, Seat and Skoda -- in Sweden,&quot; Scania spokesman Lars Christiansson told Reuters.</p>
<p>&quot;Manager Magazin&quot; reported on Tuesday that Scania and VW were negotiating on joint production of a middle-sized truck.</p>
<p>-- Henrik Alberius, Stockholm newsroom +46 8 700 1250</p>
</text>
<copyright>(c) Reuters Limited 1996</copyright>
<metadata>
<codes class="bip:countries:1.0">
  <code code="GFR">
    <editdetail attribution="Reuters BIP Coding Group" action="confirmed" date="1996-08-21"/>
  </code>
  <code code="SWED">
    <editdetail attribution="Reuters BIP Coding Group" action="confirmed" date="1996-08-21"/>
  </code>
</codes>
<codes class="bip:industries:1.0">
  <code code="I35101">
    <editdetail attribution="Reuters BIP Coding Group" action="confirmed" date="1996-08-21"/>
  </code>
  <code code="I35102">
    <editdetail attribution="Reuters BIP Coding Group" action="confirmed" date="1996-08-21"/>
  </code>
</codes>
<codes class="bip:topics:1.0">
  <code code="C11">
    <editdetail attribution="Reuters BIP Coding Group" action="confirmed" date="1996-08-21"/>
  </code>
  <code code="CCAT">
    <editdetail attribution="Reuters BIP Coding Group" action="confirmed" date="1996-08-21"/>
  </code>
</codes>
<dc element="dc.date.created" value="1996-08-21"/>
<dc element="dc.publisher" value="Reuters Holdings Plc"/>
<dc element="dc.date.published" value="1996-08-21"/>
<dc element="dc.source" value="Reuters"/>
<dc element="dc.creator.location" value="STOCKHOLM"/>
<dc element="dc.creator.location.country.name" value="SWEDEN"/>
<dc element="dc.source" value="Reuters"/>
</metadata>
</newsitem>
