<?xml version="1.0" encoding="iso-8859-1" ?>
<newsitem itemid="5298" id="root" date="1996-08-21" xml:lang="en">
<title>GERMANY: German Jan-July motor vehicle output 2.899,600 - VDA.</title>
<headline>German Jan-July motor vehicle output 2.899,600 - VDA.</headline>
<dateline>FRANKFURT 1996-08-21</dateline>
<text>
<p>German motor vehicle output totalled 2,899,600 between January and July, up 3 percent from the same period a year earlier, the German Automobile Industry Association VDA said.</p>
<p>The association published the following car, van and truck production and export figures for the period from January to July 1996.</p>
<p>PRODUCTION</p>
<p>			    Jan. - July 96   Change vs Jan. - July 95</p>
<p>    Passenger cars/vans   2,726,000	    up 4 pct</p>
<p>    Commercial vehicles   173,600		down 2 pct</p>
<p>    --Trucks up to 6 tonnes 106,000	    up 4 pct</p>
<p>    --Heavy trucks	    67,600	     down 9 pct</p>
<p>    All vehicles	    2,899,600	    up 3 pct</p>
<p>EXPORTS</p>
<p>			   Jan. - July 96    Change vs Jan. - July 95</p>
<p>    Passenger cars/vans   1,572,300	    up 5 pct</p>
<p>    Commercial vehicles   110,400		up 9 pct</p>
<p>    --Trucks up to 6 tonnes 69.200	     up 17 pct</p>
<p>    --Heavy trucks	  41,300		 down 3 pct</p>
<p>    All vehicles	    1,682,800	    up 6 pct</p>
<p>--Frankfurt Newsroom, +49 69 756525</p>
</text>
<copyright>(c) Reuters Limited 1996</copyright>
<metadata>
<codes class="bip:countries:1.0">
  <code code="GFR">
    <editdetail attribution="Reuters BIP Coding Group" action="confirmed" date="1996-08-21"/>
  </code>
</codes>
<codes class="bip:industries:1.0">
  <code code="I35101">
    <editdetail attribution="Reuters BIP Coding Group" action="confirmed" date="1996-08-21"/>
  </code>
  <code code="I35102">
    <editdetail attribution="Reuters BIP Coding Group" action="confirmed" date="1996-08-21"/>
  </code>
</codes>
<codes class="bip:topics:1.0">
  <code code="C21">
    <editdetail attribution="Reuters BIP Coding Group" action="confirmed" date="1996-08-21"/>
  </code>
  <code code="C31">
    <editdetail attribution="Reuters BIP Coding Group" action="confirmed" date="1996-08-21"/>
  </code>
  <code code="C312">
    <editdetail attribution="Reuters BIP Coding Group" action="confirmed" date="1996-08-21"/>
  </code>
  <code code="CCAT">
    <editdetail attribution="Reuters BIP Coding Group" action="confirmed" date="1996-08-21"/>
  </code>
</codes>
<dc element="dc.date.created" value="1996-08-21"/>
<dc element="dc.publisher" value="Reuters Holdings Plc"/>
<dc element="dc.date.published" value="1996-08-21"/>
<dc element="dc.source" value="Reuters"/>
<dc element="dc.creator.location" value="FRANKFURT"/>
<dc element="dc.creator.location.country.name" value="GERMANY"/>
<dc element="dc.source" value="Reuters"/>
</metadata>
</newsitem>
