<?xml version="1.0" encoding="iso-8859-1" ?>
<newsitem itemid="5299" id="root" date="1996-08-21" xml:lang="en">
<title>NETHERLANDS: Dutch PTT H1 net seen 10 percent higher.</title>
<headline>Dutch PTT H1 net seen 10 percent higher.</headline>
<dateline>THE HAGUE 1996-08-21</dateline>
<text>
<p>First half profits from Dutch post and telecoms group Koninklijke PTT Nederland NV (Dutch PTT) are seen rising 10 percent when it reports on Friday, boosted by cost controls and growing mobile phone business, analysts said.</p>
<p>Analysts' forecasts range from 1.210 billion guilders ($725.2 million) to 1.236 billion net profit in the first half of 1996, up from 1.114 billion in the corresponding 1995 period. The interim dividend is seen climbing to 1.00 a share from 0.90 guilders.</p>
<p>&quot;Strong growth at mobile telephony is really paying off,&quot; said Joost van Beek at Van Meer James Capel. &quot;We've also seen cuts in workforce at PTT post and that's driving growth there.&quot;</p>
<p>Analysts said demand for digital GSM (Global System for Mobile Communications) mobile phones was being combined with aggressive marketing of low cost analogue offerings to produce strong results for 45-percent state-owned Dutch PTT.</p>
<p>&quot;Mobile telephony has had a lot of investment put into it and earnings growth will be quite significant,&quot; said Van Beek.</p>
<p>Douglas Wight of Salomon Brothers in London is also looking for a strong performance from mobile, adding business telephony looked solid. &quot;We've seen some pretty strong business revenues in the European telecoms sector in the past year or so and I think the business sector should be buoyant for KPN,&quot; he said.</p>
<p>&quot;On the revenue side mobile will definitely be a big push for them and also business telephony, while on the cost side there are various policies in place to keep costs well under control,&quot; said Wight. Dutch PTT has consistently aimed to push down workforce numbers, particularly on the postal side.</p>
<p>Analysts expect growth from mobile and fixed line telephony to be partly offset by the continuing drain from the Unisource European telecoms joint venture Dutch PTT owns with Sweden's Telia, Swiss Telecom PTT and Spain's Telefonica.</p>
<p>Unisource earlier this year announced a net loss of 320 million guilders in 1995 - its third year of operations.</p>
<p>&quot;There are still substantial losses at Unisource where the company is investing heavily,&quot; said Van Beek.</p>
<p>Steven Vrolijk, telecoms analyst at ING Barings, anticipates 1.220 billion guilders first half net profit from Dutch PTT and a 1.00 guilder per share interim dividend.</p>
<p>He is looking for volume growth in telephony as well as growth in the courier side of the firm's postal businesses although he sees overall postal growth as unspectacular. -- Keiron Henderson, Amsterdam Newsroom +31 20 504 5000 ($ = 1.668 Dutch Guilders)</p>
</text>
<copyright>(c) Reuters Limited 1996</copyright>
<metadata>
<codes class="bip:countries:1.0">
  <code code="NETH">
    <editdetail attribution="Reuters BIP Coding Group" action="confirmed" date="1996-08-21"/>
  </code>
</codes>
<codes class="bip:industries:1.0">
  <code code="I79020">
    <editdetail attribution="Reuters BIP Coding Group" action="confirmed" date="1996-08-21"/>
  </code>
</codes>
<codes class="bip:topics:1.0">
  <code code="C15">
    <editdetail attribution="Reuters BIP Coding Group" action="confirmed" date="1996-08-21"/>
  </code>
  <code code="C152">
    <editdetail attribution="Reuters BIP Coding Group" action="confirmed" date="1996-08-21"/>
  </code>
  <code code="CCAT">
    <editdetail attribution="Reuters BIP Coding Group" action="confirmed" date="1996-08-21"/>
  </code>
</codes>
<dc element="dc.date.created" value="1996-08-21"/>
<dc element="dc.publisher" value="Reuters Holdings Plc"/>
<dc element="dc.date.published" value="1996-08-21"/>
<dc element="dc.source" value="Reuters"/>
<dc element="dc.creator.location" value="THE HAGUE"/>
<dc element="dc.creator.location.country.name" value="NETHERLANDS"/>
<dc element="dc.source" value="Reuters"/>
</metadata>
</newsitem>
