<?xml version="1.0" encoding="iso-8859-1" ?>
<newsitem itemid="5301" id="root" date="1996-08-21" xml:lang="en">
<title>SWEDEN: Volvo H1 data above expectations.</title>
<headline>Volvo H1 data above expectations.</headline>
<dateline>STOCKHOLM 1996-08-21</dateline>
<text>
<p>Swedish vehicle manufacturer AB Volvo on Wednesday reported a slightly higher than expected first half pre-tax profit of 3.86 billion crowns, saying major restructuring was continuing.</p>
<p>Volvo said positive net interest income and share sales improved profit in the first six months of 1996 by 453 million crowns.</p>
</text>
<copyright>(c) Reuters Limited 1996</copyright>
<metadata>
<codes class="bip:countries:1.0">
  <code code="SWED">
    <editdetail attribution="Reuters BIP Coding Group" action="confirmed" date="1996-08-21"/>
  </code>
</codes>
<codes class="bip:topics:1.0">
  <code code="C152">
    <editdetail attribution="Reuters BIP Coding Group" action="confirmed" date="1996-08-21"/>
  </code>
</codes>
<dc element="dc.date.created" value="1996-08-21"/>
<dc element="dc.publisher" value="Reuters Holdings Plc"/>
<dc element="dc.date.published" value="1996-08-21"/>
<dc element="dc.source" value="Reuters"/>
<dc element="dc.creator.location" value="STOCKHOLM"/>
<dc element="dc.creator.location.country.name" value="SWEDEN"/>
<dc element="dc.source" value="Reuters"/>
</metadata>
</newsitem>
