<?xml version="1.0" encoding="iso-8859-1" ?>
<newsitem itemid="5302" id="root" date="1996-08-21" xml:lang="en">
<title>SWEDEN: MoDo says markets improved in Q2.</title>
<headline>MoDo says markets improved in Q2.</headline>
<dateline>STOCKHOLM 1996-08-21</dateline>
<text>
<p>Swedish forestry group MoDo AB said on Wednesday its main markets except newsprint had been weak in the first half, but the order intake for pulp, fine paper and paperboard had improved in the second quarter.</p>
<p>Reporting first-half profit after financial items down 36 percent to 1.66 billion crowns ($251.7 million) from 2.61 billion, MoDo said currency hedging had improved its result by 948 million crowns.</p>
<p>Analysts had expected a profit around 1.44 billion crowns, and MoDo's shares rose in Stockholm after the news, touching a peak of 188.00 crowns before trading up 4.0 at 185.00 crowns.</p>
<p>&quot;The market for pulp, paper and paperboard during the first half of the year was influenced by the general economic slowdown and the current process of destocking in Europe,&quot; MoDo said in the results statement.</p>
<p>&quot;However, the order intake for pulp and paper -- for which price increases have been announced -- as well as for paperboard, improved during the second quarter,&quot; it said.</p>
<p>Reporting first-half total sales down slightly to 10.22 billion crowns from 11.61 billion, MoDo said its total paper, paperboard and pulp deliveries fell 10 percent compared with the 1995 period to 1.3 million tonnes.</p>
<p>&quot;Compared with the first quarter of 1996, second quarter delivery volumes were up by 88,000 tonnes,&quot; it said.</p>
<p>Although fine paper deliveries in western Europe fell nine percent in the first half with uncoated grades falling 11 percent, MoDo said orderbooks at its fine paper mills were now &quot;back to normal&quot; and second-quarter deliveries rose six percent compared with the first-quarter.</p>
<p>&quot;The fine paper stocks held by distributors and customers are now estimated to be low,&quot; MoDo said, adding that fine paper prices had stabilised and it had announced price increases of some 10 percent to take effect in September.</p>
<p>MoDo said chemical pulp deliveries fell by five percent in the first half, although the order intake had recovered in recent months.</p>
<p>It made no comment on prospects for pulp prices but referred to a July price increase to $580 per tonne for softwood (long fibre) pulp.</p>
<p>Deliveries of wood-containing printing paper to western Europe fell, MoDo said, with newsprint down five percent, coated magazine paper (super-calendered) down by nine percent, and coated magazine paper down by 24 percent.</p>
<p>But it said newsprint prices were stable in the first half.</p>
<p>&quot;Prices for the second half of the year are currently being negotiated,&quot; MoDo said, adding that its Holmen newsprint subsidiary had introduced some production restrictions to prevent stocks from building up.</p>
<p>MoDo's statement made no comment on future prospects, although a news conference was scheduled for 1230 GMT.</p>
<p>-- Stockholm newsroom +46 8 700 1006 ($ = 6.595 Swedish Crowns)</p>
</text>
<copyright>(c) Reuters Limited 1996</copyright>
<metadata>
<codes class="bip:countries:1.0">
  <code code="SWED">
    <editdetail attribution="Reuters BIP Coding Group" action="confirmed" date="1996-08-21"/>
  </code>
</codes>
<codes class="bip:industries:1.0">
  <code code="I47100">
    <editdetail attribution="Reuters BIP Coding Group" action="confirmed" date="1996-08-21"/>
  </code>
</codes>
<codes class="bip:topics:1.0">
  <code code="C15">
    <editdetail attribution="Reuters BIP Coding Group" action="confirmed" date="1996-08-21"/>
  </code>
  <code code="C151">
    <editdetail attribution="Reuters BIP Coding Group" action="confirmed" date="1996-08-21"/>
  </code>
  <code code="CCAT">
    <editdetail attribution="Reuters BIP Coding Group" action="confirmed" date="1996-08-21"/>
  </code>
</codes>
<dc element="dc.date.created" value="1996-08-21"/>
<dc element="dc.publisher" value="Reuters Holdings Plc"/>
<dc element="dc.date.published" value="1996-08-21"/>
<dc element="dc.source" value="Reuters"/>
<dc element="dc.creator.location" value="STOCKHOLM"/>
<dc element="dc.creator.location.country.name" value="SWEDEN"/>
<dc element="dc.source" value="Reuters"/>
</metadata>
</newsitem>
