<?xml version="1.0" encoding="iso-8859-1" ?>
<newsitem itemid="5305" id="root" date="1996-08-21" xml:lang="en">
<title>SWEDEN: Volvo H1 operating profit by unit.</title>
<headline>Volvo H1 operating profit by unit.</headline>
<dateline>STOCKHOLM 1996-08-21</dateline>
<text>
<p>The separate operating units of Swedish vehicle manufacturer AB Volvo report operating profit excluding non-recurring items for the six months to June 30, 1996, compared to a year ago.</p>
<p>					(million crowns unless stated)</p>
<p> Volvo Car				    187  vs   1,580</p>
<p> Volvo Truck				1,078  vs   2,942</p>
<p> Volvo Bus				    134  vs     164</p>
<p> Volvo Construction equipment	   651  vs	 -</p>
<p> Volvo Penta Group			   57  vs     127</p>
<p> Volvo Aero Group			    90  vs	91</p>
<p>Other subsidiaries/eliminations</p>
<p>					 CHARGE 131  vs	 9 CREDIT</p>
<p> TOTAL AUTOMOTIVE OPERATIONS	  2,066  vs   4,913</p>
<p> VOLVO GROUP TOTAL			2,281  vs   5,561</p>
<p>NOTE -- AB Volvo is a Swedish vehicle manufacturer.</p>
<p>-- Stockholm newsroom +46-8-7001017</p>
</text>
<copyright>(c) Reuters Limited 1996</copyright>
<metadata>
<codes class="bip:countries:1.0">
  <code code="SWED">
    <editdetail attribution="Reuters BIP Coding Group" action="confirmed" date="1996-08-21"/>
  </code>
</codes>
<codes class="bip:industries:1.0">
  <code code="I35000">
    <editdetail attribution="Reuters BIP Coding Group" action="confirmed" date="1996-08-21"/>
  </code>
</codes>
<codes class="bip:topics:1.0">
  <code code="C15">
    <editdetail attribution="Reuters BIP Coding Group" action="confirmed" date="1996-08-21"/>
  </code>
  <code code="C151">
    <editdetail attribution="Reuters BIP Coding Group" action="confirmed" date="1996-08-21"/>
  </code>
  <code code="CCAT">
    <editdetail attribution="Reuters BIP Coding Group" action="confirmed" date="1996-08-21"/>
  </code>
</codes>
<dc element="dc.date.created" value="1996-08-21"/>
<dc element="dc.publisher" value="Reuters Holdings Plc"/>
<dc element="dc.date.published" value="1996-08-21"/>
<dc element="dc.source" value="Reuters"/>
<dc element="dc.creator.location" value="STOCKHOLM"/>
<dc element="dc.creator.location.country.name" value="SWEDEN"/>
<dc element="dc.source" value="Reuters"/>
</metadata>
</newsitem>
