<?xml version="1.0" encoding="iso-8859-1" ?>
<newsitem itemid="5306" id="root" date="1996-08-21" xml:lang="en">
<title>SWEDEN: Volvo H1 pre-tax profit 3.86 bln SKR.</title>
<headline>Volvo H1 pre-tax profit 3.86 bln SKR.</headline>
<dateline>STOCKHOLM 1996-08-21</dateline>
<text>
<p>Swedish vehicle maker AB Volvo reports for the six months to June 30, 1996, compared with a year ago.</p>
<p>					(million crowns unless stated)</p>
<p> Pre-tax profit			    3,856 vs   5,332</p>
<p> Sales					78,059 vs  85,134</p>
<p> Operating profit			  2,281 vs   4,024</p>
<p> Earnings/share past 12 months (SKR) 19.60 vs	18.0</p>
<p> Return on capital &quot; &quot;  &quot;    &quot;  (pct)18.1  vs	19.5</p>
<p> Costs					73,101 vs  76,761</p>
<p> Depreciation				2,677 vs   2,812</p>
<p> Non-recurring items			  -  vs   1,537</p>
<p> Income from equity investments	  200 vs   1,023</p>
<p> Dividends received			  418 vs	68</p>
<p> Gain on sale of securities		453 vs     272</p>
<p> Net interest income			 633 vs     150</p>
<p> Other financial income	   CHARGE 129 vs     205 CHARGE</p>
<p> Taxes					 1,129 vs   2,366</p>
<p> Minorities			    CREDIT 27 vs	35 CHARGE</p>
<p>NOTE -- AB Volvo is a Swedish vehicle manufacturer.</p>
<p>A Reuters poll of 10 analysts found the market was expecting Volvo to post a pre-tax profit excluding one-off items of 3.37 billion crowns for the first half of 1996. Forecasts for non-recurring items varied between 300 and 583 million crowns.</p>
<p>-- Stockholm newsroom +46-8-7001017 STOsaveq  </p>
<p>&quot;Net interest income of 633 million crowns and gains of 453 million crowns on the sale of shares contributed to net earnings on a level with first half 1995 results,&quot; the company said in a statement.</p>
<p>Volvo said its drive to concentrate on automotive operations, that began in 1994, had been virtually completed.</p>
<p>But it said income for vehicle operations was substantailly lower than in 1995 first half due to product and market development costs, the introduction of new products, and declining markets and profitability for Volvo Trucks in north and south America.</p>
<p>Volvo reported sales of 78.06 billion crowns for the first half compared to 85.13 billion a year earlier.</p>
<p>It said Volvo Car had returned to the black in the second quarter of 1996, aided by cost cutting, after making losses in the two previous quarters even though sales were seven percent lower than a year ago.</p>
<p>The car unit reported an operating profit of 187 million crowns against 1.58 million a year ago on sales of 39.83 billion crowns.</p>
<p>&quot;Demand for the Volvo S40/V40 models is strong,&quot; the company's chief executive Soren Gyll said in the report.</p>
<p>He said the problems with long delivery times were gradually improving and the new small models were not expected to have an impact on earnings until the second half of the year.</p>
</text>
<copyright>(c) Reuters Limited 1996</copyright>
<metadata>
<codes class="bip:countries:1.0">
  <code code="SWED">
    <editdetail attribution="Reuters BIP Coding Group" action="confirmed" date="1996-08-21"/>
  </code>
</codes>
<codes class="bip:topics:1.0">
  <code code="C151">
    <editdetail attribution="Reuters BIP Coding Group" action="confirmed" date="1996-08-21"/>
  </code>
</codes>
<dc element="dc.date.created" value="1996-08-21"/>
<dc element="dc.publisher" value="Reuters Holdings Plc"/>
<dc element="dc.date.published" value="1996-08-21"/>
<dc element="dc.source" value="Reuters"/>
<dc element="dc.creator.location" value="STOCKHOLM"/>
<dc element="dc.creator.location.country.name" value="SWEDEN"/>
<dc element="dc.source" value="Reuters"/>
</metadata>
</newsitem>
