<?xml version="1.0" encoding="iso-8859-1" ?>
<newsitem itemid="5310" id="root" date="1996-08-21" xml:lang="en">
<title>NETHERLANDS: Samsung back to talk on Fokker - Ministry.</title>
<headline>Samsung back to talk on Fokker - Ministry.</headline>
<dateline>AMSTERDAM 1996-08-21</dateline>
<text>
<p>South Korea's Samsung Aerospace Industries returned to The Hague on Tuesday to discuss buying bankrupt planemaker Fokker, the Dutch Economics Ministry said Wednesday.</p>
<p>Samsung carried out takeover talks on two earlier occasions, one prior to the Dutch planemaker's bankruptcy on March 15 and one immediately after it. A large delegation showed up in The Hague on Tuesday to build on the groundwork of previous talks.</p>
<p>&quot;The weight of the delegation is hard to assess, but it's safe to assume they didn't send just anyone,&quot; a spokesman said.</p>
<p>Samsung wanted the Dutch state to play a role in the rebirth of Fokker, he added.</p>
<p>&quot;Relaunch talks are carried out by the court-appointed receivers. Only if interested parties want something from the Dutch state, they come and talk with us,&quot; the spokesman said.</p>
<p>He declined to comment on the negotiations, attended also by the Fokker receivers, but said Samsung was not the only company interested in acquiring Fokker's aircraft manufacturing unit.</p>
<p>&quot;The minister said in July that there are still several candidates...it's hard to tell which of the negotiations is in the most advanced stage,&quot; he said.</p>
<p>The spokesman for the receivers, Ben Knueppe, declined to comment on what he called &quot;interim reports&quot;.</p>
<p>&quot;There are talks with many possibly interested parties...The world is bigger than Samsung,&quot; he said.</p>
<p>In July Russian's Aviatsionnaya Korporatsiya Yakovlev said it planned to take over Fokker. Other possible buyers included three Dutch businessmen who each tried to group investors.</p>
<p>The Fokker receivers are pressing hard to find a buyer for the bankrupt planemaker as its suppliers need to know whether they should dismantle their production lines for Fokker parts.</p>
<p>Fokker will make planes at least until April 1997 as part of a post-bankruptcy plan, but the supplies for these planes will be delivered in the next few months.</p>
<p>&quot;If the suppliers do not get a green light, they will take down their production lines in September or October. A relaunch will then be very difficult,&quot; a source close to Fokker said.</p>
<p>In order to take the pressure off the talks, the receivers are studying ways to keep the plant open beyond April 1997.</p>
<p>In June Fokker accepted orders for seven aircraft, six new Fokker 70s for KLM Royal Dutch Airlines and one Fokker 50 for Formosa Airlines. These orders, alongside eight orders from before the bankruptcy, will keep Fokker airborne until April.</p>
<p>Asked why Fokker's life after death had been extended, one of the receivers said it was the best way of preserving assets.</p>
<p>The slimmed-down plant employs several hundred staff, markedly fewer than the thousands prior to the collapse.</p>
<p>The exodus of engineers, some of whom went to U.S. planemaker Boeing, was said to be a source of concern for Samsung as the South Korean firm is only interested in buying Fokker if it is able to complete development of the Fokker 130.</p>
<p>Fokker's profitable maintenance and services units have meanwhile been sold to Dutch technical engineering group Stork under the condition that it is prepared to sell it back to a possible buyer of the aircraft manufacturing base.</p>
<p>-- Lucas van Grinsven, Amsterdam newsroom +31 20 504 5000</p>
</text>
<copyright>(c) Reuters Limited 1996</copyright>
<metadata>
<codes class="bip:countries:1.0">
  <code code="NETH">
    <editdetail attribution="Reuters BIP Coding Group" action="confirmed" date="1996-08-21"/>
  </code>
  <code code="SKOREA">
    <editdetail attribution="Reuters BIP Coding Group" action="confirmed" date="1996-08-21"/>
  </code>
</codes>
<codes class="bip:industries:1.0">
  <code code="I32000">
    <editdetail attribution="Reuters BIP Coding Group" action="confirmed" date="1996-08-21"/>
  </code>
  <code code="I33020">
    <editdetail attribution="Reuters BIP Coding Group" action="confirmed" date="1996-08-21"/>
  </code>
  <code code="I36400">
    <editdetail attribution="Reuters BIP Coding Group" action="confirmed" date="1996-08-21"/>
  </code>
  <code code="I3640010">
    <editdetail attribution="Reuters BIP Coding Group" action="confirmed" date="1996-08-21"/>
  </code>
  <code code="I75000">
    <editdetail attribution="Reuters BIP Coding Group" action="confirmed" date="1996-08-21"/>
  </code>
</codes>
<codes class="bip:topics:1.0">
  <code code="C16">
    <editdetail attribution="Reuters BIP Coding Group" action="confirmed" date="1996-08-21"/>
  </code>
  <code code="C18">
    <editdetail attribution="Reuters BIP Coding Group" action="confirmed" date="1996-08-21"/>
  </code>
  <code code="C181">
    <editdetail attribution="Reuters BIP Coding Group" action="confirmed" date="1996-08-21"/>
  </code>
  <code code="C33">
    <editdetail attribution="Reuters BIP Coding Group" action="confirmed" date="1996-08-21"/>
  </code>
  <code code="CCAT">
    <editdetail attribution="Reuters BIP Coding Group" action="confirmed" date="1996-08-21"/>
  </code>
</codes>
<dc element="dc.date.created" value="1996-08-21"/>
<dc element="dc.publisher" value="Reuters Holdings Plc"/>
<dc element="dc.date.published" value="1996-08-21"/>
<dc element="dc.source" value="Reuters"/>
<dc element="dc.creator.location" value="AMSTERDAM"/>
<dc element="dc.creator.location.country.name" value="NETHERLANDS"/>
<dc element="dc.source" value="Reuters"/>
</metadata>
</newsitem>
