<?xml version="1.0" encoding="iso-8859-1" ?>
<newsitem itemid="5312" id="root" date="1996-08-21" xml:lang="en">
<title>BELGIUM: EU vets German television deal.</title>
<headline>EU vets German television deal.</headline>
<dateline>BRUSSELS 1996-08-21</dateline>
<text>
<p>The European Commission said on Wednesday it had started a routine review of plans by a unit of German publishing von Holtzbrinck to acquire joint control of German language news television programme n-tv.</p>
<p>It said in its official journal that the deal apparently fell within the scope of the EU's merger regulation, under which it vets corporate deals to see whether they may affect competition.</p>
<p>It has one month to clear the deal or start a detailed four-month investigation. Most deals are cleared after the initial phase.</p>
<p>Under the deal, GWF Gesselschaft fur Wirtschaftsfernsehen mbH, belonging to von Holtzbrinck, acquires joint control of n-tv Nachrichtenfernsehen GmbH and n-tv Nachrichtenfernsehen Beteiligungs GmbH by purchasing shares.</p>
<p>Other owners are Time Warner Entertainment Germany GmbH, a unit of Time Warner, and CNN Germany Inc, belonging to Turner Broadcasting System Inc.</p>
<p>-- Brussels newsroom +32 2 87 68 11</p>
</text>
<copyright>(c) Reuters Limited 1996</copyright>
<metadata>
<codes class="bip:countries:1.0">
  <code code="EEC">
    <editdetail attribution="Reuters BIP Coding Group" action="confirmed" date="1996-08-21"/>
  </code>
  <code code="GFR">
    <editdetail attribution="Reuters BIP Coding Group" action="confirmed" date="1996-08-21"/>
  </code>
</codes>
<codes class="bip:topics:1.0">
  <code code="C181">
    <editdetail attribution="Reuters BIP Coding Group" action="confirmed" date="1996-08-21"/>
  </code>
  <code code="C34">
    <editdetail attribution="Reuters BIP Coding Group" action="confirmed" date="1996-08-21"/>
  </code>
  <code code="G152">
    <editdetail attribution="Reuters BIP Coding Group" action="confirmed" date="1996-08-21"/>
  </code>
  <code code="G155">
    <editdetail attribution="Reuters BIP Coding Group" action="confirmed" date="1996-08-21"/>
  </code>
  <code code="G157">
    <editdetail attribution="Reuters BIP Coding Group" action="confirmed" date="1996-08-21"/>
  </code>
</codes>
<dc element="dc.date.created" value="1996-08-21"/>
<dc element="dc.publisher" value="Reuters Holdings Plc"/>
<dc element="dc.date.published" value="1996-08-21"/>
<dc element="dc.source" value="Reuters"/>
<dc element="dc.creator.location" value="BRUSSELS"/>
<dc element="dc.creator.location.country.name" value="BELGIUM"/>
<dc element="dc.source" value="Reuters"/>
</metadata>
</newsitem>
