<?xml version="1.0" encoding="iso-8859-1" ?>
<newsitem itemid="5313" id="root" date="1996-08-21" xml:lang="en">
<title>FRANCE: Pathe rises on H1 sales, bullish BSkyB.</title>
<headline>Pathe rises on H1 sales, bullish BSkyB.</headline>
<dateline>PARIS 1996-08-21</dateline>
<text>
<p>Shares in French media group Pathe firmed strongly on Wednesday, on the back of strong first-half sales and bullish sentiment on British broadcaster BSkyB Plc, in which it holds 17 percent.</p>
<p>Traders said NatWest upgraded Pathe to a &quot;buy&quot; from &quot;hold&quot; following the sales figures, which showed turnover of 989 million for the first half compared to proforma 440 million a year-ago.</p>
<p>Pathe was up 45 francs to 1,285, or 3.63 percent at 0918 GMT, while the wider market was down 0.56 percent on consolidation.</p>
</text>
<copyright>(c) Reuters Limited 1996</copyright>
<metadata>
<codes class="bip:countries:1.0">
  <code code="FRA">
    <editdetail attribution="Reuters BIP Coding Group" action="confirmed" date="1996-08-21"/>
  </code>
</codes>
<codes class="bip:industries:1.0">
  <code code="I97100">
    <editdetail attribution="Reuters BIP Coding Group" action="confirmed" date="1996-08-21"/>
  </code>
  <code code="I9741110">
    <editdetail attribution="Reuters BIP Coding Group" action="confirmed" date="1996-08-21"/>
  </code>
</codes>
<codes class="bip:topics:1.0">
  <code code="C15">
    <editdetail attribution="Reuters BIP Coding Group" action="confirmed" date="1996-08-21"/>
  </code>
  <code code="C152">
    <editdetail attribution="Reuters BIP Coding Group" action="confirmed" date="1996-08-21"/>
  </code>
  <code code="CCAT">
    <editdetail attribution="Reuters BIP Coding Group" action="confirmed" date="1996-08-21"/>
  </code>
</codes>
<dc element="dc.date.created" value="1996-08-21"/>
<dc element="dc.publisher" value="Reuters Holdings Plc"/>
<dc element="dc.date.published" value="1996-08-21"/>
<dc element="dc.source" value="Reuters"/>
<dc element="dc.creator.location" value="PARIS"/>
<dc element="dc.creator.location.country.name" value="FRANCE"/>
<dc element="dc.source" value="Reuters"/>
</metadata>
</newsitem>
