<?xml version="1.0" encoding="iso-8859-1" ?>
<newsitem itemid="5316" id="root" date="1996-08-21" xml:lang="en">
<title>GERMANY: German July motor vehicle output up 25 pct - VDA.</title>
<headline>German July motor vehicle output up 25 pct - VDA.</headline>
<dateline>FRANKFURT 1996-08-21</dateline>
<text>
<p>German motor vehicle output totalled 361,400 in July, up 25 percent from the year-earlier month, the German Automobile Industry Association VDA said on Wednesday.</p>
<p>The association published the following car, van and truck production and export figures for July.</p>
<p>PRODUCTION</p>
<p>				   July 96	 Change vs July 95</p>
<p>    Passenger cars/vans    341,700		 up 27 pct</p>
<p>    Commercial vehicles     19,700		 up  7 pct</p>
<p>     -Trucks up to 6 tonnes 12,900		 up 55 pct</p>
<p>     -Heavy trucks	     6,800	     down 33 pct</p>
<p>    All vehicles	     361,400		 up 25 pct</p>
<p>EXPORTS</p>
<p>				  July 96	  Change vs July 95</p>
<p>    Passenger cars/vans   215,000		  up 36 pct</p>
<p>    Commercial vehicles    13,300		  up 25 pct</p>
<p>     -Trucks up to 6 tonnes 8,600		  up 70 pct</p>
<p>     -Heavy trucks	    4,700		down 15 pct</p>
<p>    All vehicles	    228,300		  up 36 pct</p>
<p>NOTE - The VDA said that adjusted for the number of working days -- July 1996 had 23 versus 21 in July 1995 -- production of passenger cars and vans rose by 16 percent while commercial vehicle production fell three percent.</p>
<p>Seasonally adjusted motor vehicle production was up eight percent from June 1996, the VDA said.</p>
<p>Car orders rose 15 percent in July compared with the year-earlier period, with domestic orders up seven percent and foreign orders up 22 percent, the VDA said. Domestic orders for commercial vehicles rose 35 percent.</p>
<p>--Frankfurt Newsroom, +49 69 756525</p>
</text>
<copyright>(c) Reuters Limited 1996</copyright>
<metadata>
<codes class="bip:countries:1.0">
  <code code="GFR">
    <editdetail attribution="Reuters BIP Coding Group" action="confirmed" date="1996-08-21"/>
  </code>
</codes>
<codes class="bip:topics:1.0">
  <code code="C21">
    <editdetail attribution="Reuters BIP Coding Group" action="confirmed" date="1996-08-21"/>
  </code>
</codes>
<dc element="dc.date.created" value="1996-08-21"/>
<dc element="dc.publisher" value="Reuters Holdings Plc"/>
<dc element="dc.date.published" value="1996-08-21"/>
<dc element="dc.source" value="Reuters"/>
<dc element="dc.creator.location" value="FRANKFURT"/>
<dc element="dc.creator.location.country.name" value="GERMANY"/>
<dc element="dc.source" value="Reuters"/>
</metadata>
</newsitem>
