<?xml version="1.0" encoding="iso-8859-1" ?>
<newsitem itemid="5319" id="root" date="1996-08-21" xml:lang="en">
<title>BELGIUM: EU vets Cadbury Schweppes/Coca-Cola deal.</title>
<headline>EU vets Cadbury Schweppes/Coca-Cola deal.</headline>
<dateline>BRUSSELS 1996-08-21</dateline>
<text>
<p>The European Commission said on Wednesday it had started a routine review of a deal in which Coca-Cola Enterprises Inc acquires control of Amalgamated Beverages Great Britain Limited.</p>
<p>In its official journal, the European Union executive said the deal apparently fell within the scope of the EU's merger regulation, under which it checks whether mergers and other corporate deals may harm competition in the 15-nation bloc.</p>
<p>The Commission has one month to clear the deal or start a detailed four-month investigation. Most cases are cleared after the initial review.</p>
<p>Under the deal that was announced on June 4, Cadbury Schweppes Plc gets 622.5 million stg from the sale of its 51 percent stake in British bottler Coca-Cola &amp; Schweppes Beverages Ltd (CCSB) to Coca-Cola Enterprises. Amalgamated Beverages Great Britain Ltd is the parent company of CCSB.</p>
<p>Under the terms of the deal CCE also signs a 15 year licensing deal to cover bottling and distribution of Cadbury Schweppes soft drinks in the UK.</p>
<p>-- Brussels newsroom +32 2 287 68 11</p>
</text>
<copyright>(c) Reuters Limited 1996</copyright>
<metadata>
<codes class="bip:countries:1.0">
  <code code="EEC">
    <editdetail attribution="Reuters BIP Coding Group" action="confirmed" date="1996-08-21"/>
  </code>
  <code code="UK">
    <editdetail attribution="Reuters BIP Coding Group" action="confirmed" date="1996-08-21"/>
  </code>
</codes>
<codes class="bip:topics:1.0">
  <code code="C181">
    <editdetail attribution="Reuters BIP Coding Group" action="confirmed" date="1996-08-21"/>
  </code>
  <code code="C34">
    <editdetail attribution="Reuters BIP Coding Group" action="confirmed" date="1996-08-21"/>
  </code>
  <code code="G152">
    <editdetail attribution="Reuters BIP Coding Group" action="confirmed" date="1996-08-21"/>
  </code>
  <code code="G155">
    <editdetail attribution="Reuters BIP Coding Group" action="confirmed" date="1996-08-21"/>
  </code>
  <code code="G157">
    <editdetail attribution="Reuters BIP Coding Group" action="confirmed" date="1996-08-21"/>
  </code>
</codes>
<dc element="dc.date.created" value="1996-08-21"/>
<dc element="dc.publisher" value="Reuters Holdings Plc"/>
<dc element="dc.date.published" value="1996-08-21"/>
<dc element="dc.source" value="Reuters"/>
<dc element="dc.creator.location" value="BRUSSELS"/>
<dc element="dc.creator.location.country.name" value="BELGIUM"/>
<dc element="dc.source" value="Reuters"/>
</metadata>
</newsitem>
