<?xml version="1.0" encoding="iso-8859-1" ?>
<newsitem itemid="5323" id="root" date="1996-08-21" xml:lang="en">
<title>GERMANY: W. German Ifo business climate index jumps in July.</title>
<headline>W. German Ifo business climate index jumps in July.</headline>
<dateline>FRANKFURT 1996-08-21</dateline>
<text>
<p>Germany's respected Ifo institute said on Wednesday its West Germany business climate index for July jumped to 94.1 from 90.4 in June.</p>
<p>The index had been hotly awaited in financial markets, with many players looking for a weak figure, which would make it more likely that the German Bundesbank would cut its main money market interest rate, the securities repurchase rate or repo, on Thursday.</p>
<p>Economists had expected at best a slight improvement in the index from June's level, which was a three-month low.</p>
</text>
<copyright>(c) Reuters Limited 1996</copyright>
<metadata>
<codes class="bip:countries:1.0">
  <code code="GFR">
    <editdetail attribution="Reuters BIP Coding Group" action="confirmed" date="1996-08-21"/>
  </code>
</codes>
<codes class="bip:topics:1.0">
  <code code="M13">
    <editdetail attribution="Reuters BIP Coding Group" action="confirmed" date="1996-08-21"/>
  </code>
  <code code="M131">
    <editdetail attribution="Reuters BIP Coding Group" action="confirmed" date="1996-08-21"/>
  </code>
</codes>
<dc element="dc.date.created" value="1996-08-21"/>
<dc element="dc.publisher" value="Reuters Holdings Plc"/>
<dc element="dc.date.published" value="1996-08-21"/>
<dc element="dc.source" value="Reuters"/>
<dc element="dc.creator.location" value="FRANKFURT"/>
<dc element="dc.creator.location.country.name" value="GERMANY"/>
<dc element="dc.source" value="Reuters"/>
</metadata>
</newsitem>
