<?xml version="1.0" encoding="iso-8859-1" ?>
<newsitem itemid="5325" id="root" date="1996-08-21" xml:lang="en">
<title>GERMANY: Deutsche Telekom seeks Canadian listing.</title>
<headline>Deutsche Telekom seeks Canadian listing.</headline>
<dateline>BONN 1996-08-21</dateline>
<text>
<p>German telecommunications giant Deutsche Telekom AG said on Wednesday that it would also seek to list its shares on stock exchanges in Canada as part of its November flotation.</p>
<p>Telekom chief financial officer Joachim Kroeske told reporters the company was in negotiations about listing its shares in Toronto and Quebec. The company has said in the past that it aimed to list shares in New York and Tokyo.</p>
<p>&quot;The goal of the planned flotation in November is a broad international listing,&quot; Kroeske said.</p>
<p>Kroeske also said that in addition to listing shares on Germany's largest stock exchange in Frankfurt, it would list stock on the other seven regional bourses.</p>
<p>Telekom expects to gain around 15 billion marks from its November listing, making it one of the largest initial public offerings ever in Europe.</p>
</text>
<copyright>(c) Reuters Limited 1996</copyright>
<metadata>
<codes class="bip:countries:1.0">
  <code code="CANA">
    <editdetail attribution="Reuters BIP Coding Group" action="confirmed" date="1996-08-21"/>
  </code>
  <code code="GFR">
    <editdetail attribution="Reuters BIP Coding Group" action="confirmed" date="1996-08-21"/>
  </code>
</codes>
<codes class="bip:industries:1.0">
  <code code="I79020">
    <editdetail attribution="Reuters BIP Coding Group" action="confirmed" date="1996-08-21"/>
  </code>
</codes>
<codes class="bip:topics:1.0">
  <code code="C14">
    <editdetail attribution="Reuters BIP Coding Group" action="confirmed" date="1996-08-21"/>
  </code>
  <code code="C17">
    <editdetail attribution="Reuters BIP Coding Group" action="confirmed" date="1996-08-21"/>
  </code>
  <code code="C171">
    <editdetail attribution="Reuters BIP Coding Group" action="confirmed" date="1996-08-21"/>
  </code>
  <code code="CCAT">
    <editdetail attribution="Reuters BIP Coding Group" action="confirmed" date="1996-08-21"/>
  </code>
</codes>
<dc element="dc.date.created" value="1996-08-21"/>
<dc element="dc.publisher" value="Reuters Holdings Plc"/>
<dc element="dc.date.published" value="1996-08-21"/>
<dc element="dc.source" value="Reuters"/>
<dc element="dc.creator.location" value="BONN"/>
<dc element="dc.creator.location.country.name" value="GERMANY"/>
<dc element="dc.source" value="Reuters"/>
</metadata>
</newsitem>
