<?xml version="1.0" encoding="iso-8859-1" ?>
<newsitem itemid="5328" id="root" date="1996-08-21" xml:lang="en">
<title>SWEDEN: Sweden's Incentive may sell Hagglunds.</title>
<headline>Sweden's Incentive may sell Hagglunds.</headline>
<dateline>STOCKHOLM 1996-08-21</dateline>
<text>
<p>Swedish industrial investment company Incentive is considering the sale of its Hagglunds Vehicle unit and its holding in U.S. component maker Wabco, a company spokesman said on Wednesday.</p>
<p>&quot;We haven't started the sales process yet but it's fairly high up on our list of priorities,&quot; information director Bengt Modeer told Swedish business daily Finanstidningen.</p>
<p>He said Incentive would not be a strategic owner in Hagglunds Vehicle in the long term.</p>
<p>&quot;It's in the development unit and does not belong to our central business areas,&quot; he said.</p>
<p>Modeer declined to comment on who the buyers could be but said both Swedish and overseas defence corporations could be interested.</p>
<p>Hagglunds makes tracked vehicles for military purposes.</p>
<p>&quot;We're also looking at our holding in the American (component manufacturer) Wabco. With such a large holding we'll have to pull out gradually or in some other way,&quot; Modeer said.</p>
<p>In total, the sale of Hagglunds Vehicle and Wabco could bring in over a billion crowns to Incentive, he said.</p>
<p>-- Stockholm newsroom +46-8-700 1006</p>
</text>
<copyright>(c) Reuters Limited 1996</copyright>
<metadata>
<codes class="bip:countries:1.0">
  <code code="SWED">
    <editdetail attribution="Reuters BIP Coding Group" action="confirmed" date="1996-08-21"/>
  </code>
  <code code="USA">
    <editdetail attribution="Reuters BIP Coding Group" action="confirmed" date="1996-08-21"/>
  </code>
</codes>
<codes class="bip:industries:1.0">
  <code code="I83960">
    <editdetail attribution="Reuters BIP Coding Group" action="confirmed" date="1996-08-21"/>
  </code>
</codes>
<codes class="bip:topics:1.0">
  <code code="C11">
    <editdetail attribution="Reuters BIP Coding Group" action="confirmed" date="1996-08-21"/>
  </code>
  <code code="C18">
    <editdetail attribution="Reuters BIP Coding Group" action="confirmed" date="1996-08-21"/>
  </code>
  <code code="C181">
    <editdetail attribution="Reuters BIP Coding Group" action="confirmed" date="1996-08-21"/>
  </code>
  <code code="CCAT">
    <editdetail attribution="Reuters BIP Coding Group" action="confirmed" date="1996-08-21"/>
  </code>
</codes>
<dc element="dc.date.created" value="1996-08-21"/>
<dc element="dc.publisher" value="Reuters Holdings Plc"/>
<dc element="dc.date.published" value="1996-08-21"/>
<dc element="dc.source" value="Reuters"/>
<dc element="dc.creator.location" value="STOCKHOLM"/>
<dc element="dc.creator.location.country.name" value="SWEDEN"/>
<dc element="dc.source" value="Reuters"/>
</metadata>
</newsitem>
