<?xml version="1.0" encoding="iso-8859-1" ?>
<newsitem itemid="5334" id="root" date="1996-08-21" xml:lang="en">
<title>GERMANY: FEATURE - German banks restructure fiercely but face mergers.</title>
<headline>FEATURE - German banks restructure fiercely but face mergers.</headline>
<byline>David Crossland</byline>
<dateline>FRANKFURT 1996-08-21</dateline>
<text>
<p>Germany's banks, desperate to boost returns from their cost-laden retail businesses, are locked in an intensifying battle for market share but analysts say mergers are inevitable in the long run.</p>
<p>Returning home from foreign shopping sprees with bags full of profitable new investment bank subsidiaries and Anglo-Saxon notions of shareholder value, the banks have woken up to the need for a fundamental streamlining of their branch networks.</p>
<p>Moves to win customers by offering lower-cost telephone banking, putting branches in supermarkets and extending opening hours will help raise efficiency, analysts say.</p>
<p>But the measures will not solve the problem of overcrowding in a market teeming with 3,600 private, public and co-operative banks, they add. Even Deutsche Bank AG, Europe's largest bank, has a domestic market share of just five percent.</p>
<p>Only mergers can pave the way for branch closures and cost-savings on the scale needed to cope with an onslaught of competition after European monetary union, analysts argue.</p>
<p>&quot;Banks are taking sensible steps to increase productivity in domestic retail networks but these moves alone will not enable them to reach the desired returns,&quot; said Konrad Becker, banking analyst at Merck, Finck in Frankfurt.</p>
<p>&quot;I don't think banks will be able to avoid mergers. I wouldn't rule out that there will be just three major commercial banks by the year 2000 rather than five.&quot;</p>
<p>Merger speculation was fanned last month when Deutsche said it had amassed a 5.21 percent stake in Bayerische Vereinsbank AG, ostensibly because it was a sound investment.</p>
<p>Various scenarios emerged, with Deutsche seen teaming up with Bayernverein and Dresdner Bank AG, Germany's number two, seen joining forces with Munich-based Bayerische Hypotheken- und Wechsel-Bank AG.</p>
<p>Swiss and Dutch banks have also been cited as possible partners for German banks.</p>
<p>&quot;After monetary union, banks will only be able to stay competitive if they increase in size to gain economies of scale,&quot; said Stefan Ermisch, analyst at Trinkaus &amp; Burkhardt.</p>
<p>Banks provide no breakdown yet of earnings by division but Ermisch said the return on equity from their domestic branch networks was likely to be well below five percent after risk provisions and tax. &quot;That is completely unsatisfactory.&quot;</p>
<p>Deutsche, Dresdner, Commerzbank AG, Vereinsbank and Hypo-Bank are already working flat-out to cut costs and make themselves more attractive to customers and shareholders.</p>
<p>Customers long used to inconvenient branch hours and a &quot;take it or leave it&quot; attitude from bank staff are being lured by new lower-cost direct banks, offering services like current account management or share dealing by telephone, pc or fax.</p>
<p>Banks are shifting to performance-related pay, merging branches, shedding staff through natural wastage and installing more automatic teller machines.</p>
<p>They are also centralising back office duties, concentrating investment advisers at larger branches, and allocating more staff to serving customers.</p>
<p>In addition, Deutsche said recently it would open branches in selected supermarkets from November to get closer to its customers. Dresdner will have 200 of its 1,200 branches open late from November when German shops start opening longer.</p>
<p>Of the top five banks, all but Dresdner have formed their own direct banking units. Dresdner is expected to follow suit.</p>
<p>Banks see telephone banking as a cheap way to handle bulk retail business for customers who want no advice.</p>
<p>But the new subsidiaries are still losing money because of heavy spending on advertising and other start-up costs and most do not expect to break even until 1999.</p>
<p>&quot;I doubt that the market for direct banking will develop into a particularly lucrative one in the near future,&quot; said Christine Winkler, banking analyst at Hypo-Bank in Munich.</p>
<p>&quot;The services attract young people but it's a different story with the broader population. Earnings potential may not be so great while costs and advertising expenditure are high.&quot;</p>
<p>Bank officials concede that the direct banks can never replace branch networks.</p>
<p>&quot;I think direct banking will grow in importance but there's a limit to the number of customers who will use it,&quot; said Christian Jessen, one of three managers at comdirect, Commerzbank's direct banking unit formed last year.</p>
<p>&quot;Customer contact with staff in branches will continue in future. Direct banks will always be an added sales avenue.&quot;</p>
<p>Banks see eight to 10 million potential customers for direct banking, or 10 to 12.5 percent of the population.</p>
<p>Thomas Holtrop, head of Deutsche's direct bank, Bank 24, said direct banks will force branches to become more service-oriented.</p>
<p>Bonn-based Bank 24 has won almost 40,000 customers since it was set up in September last year and aims for 100,000 by the end of 1996 and 500,000 by 2000.</p>
<p>Its current account fees are up to 30 percent lower than at branches and the discount for share and bond dealing charges is up to 70 percent.</p>
<p>Some 65 percent of Bank 24's customers come from savings banks, co-operative banks and state-owned Postbank AG. A further 15 percent came from rivals Dresdner and Commerzbank. Some 15 percent come from Deutsche.</p>
<p>Holtrop said &quot;Yuppies&quot; -- young upwardly mobile people -- and &quot;Dinkies&quot; -- couples with two incomes and no children -- make up the &quot;highly interesting&quot; lion's share of Bank 24's client base. Clients are aged 35 on average.</p>
<p>Bank 24's 300 staff, of whom 37 percent work part-time, are excluded from the industry-wide bank wage agreement. They earn less and have less holiday than their colleagues at Deutsche.</p>
<p>&quot;We have broken taboos here,&quot; says Holtrop.</p>
</text>
<copyright>(c) Reuters Limited 1996</copyright>
<metadata>
<codes class="bip:countries:1.0">
  <code code="GFR">
    <editdetail attribution="Reuters BIP Coding Group" action="confirmed" date="1996-08-21"/>
  </code>
</codes>
<codes class="bip:industries:1.0">
  <code code="I81402">
    <editdetail attribution="Reuters BIP Coding Group" action="confirmed" date="1996-08-21"/>
  </code>
</codes>
<codes class="bip:topics:1.0">
  <code code="C11">
    <editdetail attribution="Reuters BIP Coding Group" action="confirmed" date="1996-08-21"/>
  </code>
  <code code="C18">
    <editdetail attribution="Reuters BIP Coding Group" action="confirmed" date="1996-08-21"/>
  </code>
  <code code="C181">
    <editdetail attribution="Reuters BIP Coding Group" action="confirmed" date="1996-08-21"/>
  </code>
  <code code="CCAT">
    <editdetail attribution="Reuters BIP Coding Group" action="confirmed" date="1996-08-21"/>
  </code>
</codes>
<dc element="dc.date.created" value="1996-08-21"/>
<dc element="dc.publisher" value="Reuters Holdings Plc"/>
<dc element="dc.date.published" value="1996-08-21"/>
<dc element="dc.source" value="Reuters"/>
<dc element="dc.creator.location" value="FRANKFURT"/>
<dc element="dc.creator.location.country.name" value="GERMANY"/>
<dc element="dc.source" value="Reuters"/>
</metadata>
</newsitem>
