<?xml version="1.0" encoding="iso-8859-1" ?>
<newsitem itemid="5352" id="root" date="1996-08-21" xml:lang="en">
<title>FRANCE: BOXING-BOUDOUANI TAKES WBA JUNIOR MIDDLEWEIGHT TITLE.</title>
<headline>BOXING-BOUDOUANI TAKES WBA JUNIOR MIDDLEWEIGHT TITLE.</headline>
<dateline>LE CANNET, France 1996-08-21</dateline>
<text>
<p>Frenchman Laurent Boudouani took the World Boxing Association (WBA) junior middleweight title when he knocked out holder Julio Cesar Vasquez of Argentina in the fifth round on Wednesday.</p>
</text>
<copyright>(c) Reuters Limited 1996</copyright>
<metadata>
<codes class="bip:countries:1.0">
  <code code="ARG">
    <editdetail attribution="Reuters BIP Coding Group" action="confirmed" date="1996-08-21"/>
  </code>
  <code code="FRA">
    <editdetail attribution="Reuters BIP Coding Group" action="confirmed" date="1996-08-21"/>
  </code>
</codes>
<codes class="bip:topics:1.0">
  <code code="GCAT">
    <editdetail attribution="Reuters BIP Coding Group" action="confirmed" date="1996-08-21"/>
  </code>
  <code code="GSPO">
    <editdetail attribution="Reuters BIP Coding Group" action="confirmed" date="1996-08-21"/>
  </code>
</codes>
<dc element="dc.date.created" value="1996-08-21"/>
<dc element="dc.publisher" value="Reuters Holdings Plc"/>
<dc element="dc.date.published" value="1996-08-21"/>
<dc element="dc.source" value="Reuters"/>
<dc element="dc.creator.location" value="LE CANNET, France"/>
<dc element="dc.creator.location.country.name" value="FRANCE"/>
<dc element="dc.source" value="Reuters"/>
</metadata>
</newsitem>
