<?xml version="1.0" encoding="iso-8859-1" ?>
<newsitem itemid="5359" id="root" date="1996-08-21" xml:lang="en">
<title>USA: TENNIS-RESULTS AT TOSHIBA CLASSIC.</title>
<headline>TENNIS-RESULTS AT TOSHIBA CLASSIC.</headline>
<dateline>CARLSBAD, California 1996-08-21</dateline>
<text>
<p>Results from the</p>
<p>$450,000 Toshiba Classic tennis tournament on Tuesday (prefix</p>
<p>number denotes seeding):</p>
<p>Second Round:</p>
<p>2-Conchita Martinez (Spain) beat Naoko Sawamatsu (Japan) 6-1</p>
<p>2-6 6-1</p>
<p>3-Jana Novotna (Czech Republic) beat Linda Wild (U.S.) 7-6</p>
<p>(7-2) 7-6 (7-2).</p>
<p>First Round:</p>
<p>5-Gabriela Sabatini (Argentina) beat Lindsay Lee (U.S.) 6-0</p>
<p>6-0</p>
<p>6-Karina Habsudova (Slovakia) beat Pam Shriver (U.S.) 5-7</p>
<p>6-3 6-4</p>
<p>8-Nathalie Tauziat (France) beat Marianne Werdel Witmeyer</p>
<p>(U.S.) 6-2 6-2</p>
<p>Katerina Studenikova (Slovakia) beat Venus Williams (U.S.)</p>
<p>6-4 3-6 7-5</p>
<p>Naoko Kijimuta beat Gigi Fernandez (U.S.) 6-2 6-1</p>
<p>Sandrine Testud (France) beat Rennae Stubbs (Australia) 6-4</p>
<p>6-1</p>
<p>Yone Kamio (Japan) beat Elena Likhovtseva (Russia) 0-6 6-1</p>
<p>6-3</p>
</text>
<copyright>(c) Reuters Limited 1996</copyright>
<metadata>
<codes class="bip:countries:1.0">
  <code code="USA">
    <editdetail attribution="Reuters BIP Coding Group" action="confirmed" date="1996-08-21"/>
  </code>
</codes>
<codes class="bip:topics:1.0">
  <code code="GCAT">
    <editdetail attribution="Reuters BIP Coding Group" action="confirmed" date="1996-08-21"/>
  </code>
  <code code="GSPO">
    <editdetail attribution="Reuters BIP Coding Group" action="confirmed" date="1996-08-21"/>
  </code>
</codes>
<dc element="dc.date.created" value="1996-08-21"/>
<dc element="dc.publisher" value="Reuters Holdings Plc"/>
<dc element="dc.date.published" value="1996-08-21"/>
<dc element="dc.source" value="Reuters"/>
<dc element="dc.creator.location" value="CARLSBAD, California"/>
<dc element="dc.creator.location.country.name" value="USA"/>
<dc element="dc.source" value="Reuters"/>
</metadata>
</newsitem>
