<?xml version="1.0" encoding="iso-8859-1" ?>
<newsitem itemid="5363" id="root" date="1996-08-21" xml:lang="en">
<title>UK: SOCCER-ENGLISH PREMIER LEAGUE SUMMARIES.</title>
<headline>SOCCER-ENGLISH PREMIER LEAGUE SUMMARIES.</headline>
<dateline>LONDON 1996-08-21</dateline>
<text>
<p>Summaries of Wednesday's English premier league matches: Aston Villa 1 (Southgate 64th minute) Blackburn 0. Halftime 0-0. Attendance: 32,457 Chelsea 1 (Di Matteo 86th) Middlesbrough 0. 0-0. 28,272 Leicester 2 (Heskey 6th, 42nd) Southampton 1 (Le Tissier penalty 68th). 2-0. 17,652 Manchester United 2 (Cruyff 70th, Unsworth own goal 82nd) Everton 2 (Ferguson 35th, 41st). 54,943 Newcastle 2 (Batty 3rd, Shearer 88th) Wimbledon 0. 1-0. 36,385 Nottingham Forest 1 (Haaland 27th) Sunderland 4 (Gray 8th, Quinn 17th, 31st, Ord 43rd). 1-4. 22,874 Tottenham 1 (Sheringham 34th) Derby 1 (Dailly 90th). 1-0. 28,219 West Ham 1 (Rieper 74th) Coventry (McAllister 12th). 0-1. 21,580</p>
</text>
<copyright>(c) Reuters Limited 1996</copyright>
<metadata>
<codes class="bip:countries:1.0">
  <code code="UK">
    <editdetail attribution="Reuters BIP Coding Group" action="confirmed" date="1996-08-21"/>
  </code>
</codes>
<codes class="bip:topics:1.0">
  <code code="GCAT">
    <editdetail attribution="Reuters BIP Coding Group" action="confirmed" date="1996-08-21"/>
  </code>
  <code code="GSPO">
    <editdetail attribution="Reuters BIP Coding Group" action="confirmed" date="1996-08-21"/>
  </code>
</codes>
<dc element="dc.date.created" value="1996-08-21"/>
<dc element="dc.publisher" value="Reuters Holdings Plc"/>
<dc element="dc.date.published" value="1996-08-21"/>
<dc element="dc.source" value="Reuters"/>
<dc element="dc.creator.location" value="LONDON"/>
<dc element="dc.creator.location.country.name" value="UK"/>
<dc element="dc.source" value="Reuters"/>
</metadata>
</newsitem>
