<?xml version="1.0" encoding="iso-8859-1" ?>
<newsitem itemid="5365" id="root" date="1996-08-21" xml:lang="en">
<title>UK: SOCCER-ENGLISH PREMIER LEAGUE STANDINGS.</title>
<headline>SOCCER-ENGLISH PREMIER LEAGUE STANDINGS.</headline>
<dateline>LONDON 1996-08-21</dateline>
<text>
<p>English premier league standings</p>
<p>after Wednesday's matches (tabulated - played, won, drawn, lost,</p>
<p>goals for, goals against, points):</p>
<p> Sheffield Wednesday   2  2  0  0   4   1   6</p>
<p> Manchester United     2  1  1  0   5   2   4</p>
<p> Sunderland		2  1  1  0   4   1   4</p>
<p> Liverpool		 2  1  1  0   5   3   4</p>
<p> Everton		   2  1  1  0   4   2   4</p>
<p> Tottenham		 2  1  1  0   3   1   4</p>
<p> Leicester		 2  1  1  0   2   1   4</p>
<p> Chelsea		   2  1  1  0   1   0   4</p>
<p> Nottingham Forest     2  1  0  1   4   4   3</p>
<p> Arsenal		   2  1  0  1   2   2   3</p>
<p> Aston Villa	     2  1  0  1   2   2   3</p>
<p> Newcastle		 2  1  0  1   2   2   3</p>
<p> Derby		     2  0  2  0   4   4   2</p>
<p> Middlesbrough	   2  0  1  1   3   4   1</p>
<p> Southampton	     2  0  1  1   1   2   1</p>
<p> Leeds		     2  0  1  1   3   5   1</p>
<p> West Ham		  2  0  1  1   1   3   1</p>
<p> Coventry		  2  0  1  1   1   4   1</p>
<p> Blackburn		 2  0  0  2   0   3   0</p>
<p> Wimbledon		 2  0  0  2   0   5   0</p>
</text>
<copyright>(c) Reuters Limited 1996</copyright>
<metadata>
<codes class="bip:countries:1.0">
  <code code="UK">
    <editdetail attribution="Reuters BIP Coding Group" action="confirmed" date="1996-08-21"/>
  </code>
</codes>
<codes class="bip:topics:1.0">
  <code code="GCAT">
    <editdetail attribution="Reuters BIP Coding Group" action="confirmed" date="1996-08-21"/>
  </code>
  <code code="GSPO">
    <editdetail attribution="Reuters BIP Coding Group" action="confirmed" date="1996-08-21"/>
  </code>
</codes>
<dc element="dc.date.created" value="1996-08-21"/>
<dc element="dc.publisher" value="Reuters Holdings Plc"/>
<dc element="dc.date.published" value="1996-08-21"/>
<dc element="dc.source" value="Reuters"/>
<dc element="dc.creator.location" value="LONDON"/>
<dc element="dc.creator.location.country.name" value="UK"/>
<dc element="dc.source" value="Reuters"/>
</metadata>
</newsitem>
