<?xml version="1.0" encoding="iso-8859-1" ?>
<newsitem itemid="5366" id="root" date="1996-08-21" xml:lang="en">
<title>UK: SOCCER-ENGLISH CUP AND LEAGUE RESULTS.</title>
<headline>SOCCER-ENGLISH CUP AND LEAGUE RESULTS.</headline>
<dateline>LONDON 1996-08-21</dateline>
<text>
<p>Results of English soccer matches</p>
<p>on Wednesday:</p>
<p>Premier league</p>
<p> Aston Villa	   1    Blackburn		    0</p>
<p> Chelsea		 1    Middlesbrough		0</p>
<p> Leicester	     2    Southampton		  1</p>
<p> Manchester United   2    Everton			2</p>
<p> Newcastle	     2    Wimbledon		    0</p>
<p> Nottingham Forest   1    Sunderland		   4</p>
<p> Tottenham	     1    Derby			  1</p>
<p> West Ham		1    Coventry		     1</p>
<p>Football League Cup first round, first leg:</p>
<p> Brighton		0    Birmingham		   1</p>
<p> Millwall		1    Peterborough		 0</p>
<p> Shrewsbury	    0    Tranmere		     2</p>
</text>
<copyright>(c) Reuters Limited 1996</copyright>
<metadata>
<codes class="bip:countries:1.0">
  <code code="UK">
    <editdetail attribution="Reuters BIP Coding Group" action="confirmed" date="1996-08-21"/>
  </code>
</codes>
<codes class="bip:topics:1.0">
  <code code="GCAT">
    <editdetail attribution="Reuters BIP Coding Group" action="confirmed" date="1996-08-21"/>
  </code>
  <code code="GSPO">
    <editdetail attribution="Reuters BIP Coding Group" action="confirmed" date="1996-08-21"/>
  </code>
</codes>
<dc element="dc.date.created" value="1996-08-21"/>
<dc element="dc.publisher" value="Reuters Holdings Plc"/>
<dc element="dc.date.published" value="1996-08-21"/>
<dc element="dc.source" value="Reuters"/>
<dc element="dc.creator.location" value="LONDON"/>
<dc element="dc.creator.location.country.name" value="UK"/>
<dc element="dc.source" value="Reuters"/>
</metadata>
</newsitem>
