<?xml version="1.0" encoding="iso-8859-1" ?>
<newsitem itemid="5367" id="root" date="1996-08-21" xml:lang="en">
<title>UK: SOCCER-EUROPEAN CUP QUALIFYING ROUND COLLATED SECOND LEG RESULTS.</title>
<headline>SOCCER-EUROPEAN CUP QUALIFYING ROUND COLLATED SECOND LEG RESULTS.</headline>
<dateline>LONDON 1996-08-21</dateline>
<text>
<p>Collated results of European Cup qualifying round, second leg matches on Wednesday:</p>
<p>In Kiev:</p>
<p>Dynamo Kiev (Ukraine) 2 Rapid Vienna (Austria) 4 (halftime 1-3)</p>
<p>Scorers:</p>
<p>Dynamo - Yuri Kalitvintsev (6th), Yuri Maximov (77th)</p>
<p>Rapid - Trifon Ivanov (23rd, 42nd), Dihmar Kibauer (32nd), Alexander Khatskevich (62nd, own goal)</p>
<p>Attendance: 80,000</p>
<p>Rapid won 6-2 on aggregate</p>
<p>In Vladikavkaz:</p>
<p>Alania Vladikavkaz (Russia) 2 Glasgow Rangers (Scotland) 7 (2-3)</p>
<p>Scorers:</p>
<p>Rangers - Ally McCoist (1st, 14th, 19th minutes), Peter Van Vossen (40th), Brian Laudrup (55th, 83rd), Charlie Miller (87th)</p>
<p>Alania - Igor Yanovski (15th), Nazim Suleimanov (penalty 24th)</p>
<p>Rangers won 10-3 on aggregate</p>
<p>In Istanbul:</p>
<p>Fenerbahce (Turkey) 1 Maccabi Tel Aviv (Israel) 1 (1-0)</p>
<p>Scorers:</p>
<p>Fenerbahce - Augustine Okacha (18th)</p>
<p>Maccabi - Drics (75th)</p>
<p>Attendance: 25,000</p>
<p>Fenerbahce won 2-1 on aggregate</p>
<p>In Bucharest:</p>
<p>Steaua Bucharest (Romania) 3  Club Brugge (Belgium) 0  (2-0)</p>
<p>Scorers: Adrian Ilie (penalty 33rd, 45th), Roland Nagy (55th)</p>
<p>Attendance: 16,000</p>
<p>Steaua won 5-2 on aggregate</p>
<p>In Prague:</p>
<p>Slavia Prague (Czech Republic) 0 Grasshopper Zurich (Switzerland) 1 (0-0)</p>
<p>Scorer: Kubilay Turkyilmaz (60th)</p>
<p>Attendence: 3,012</p>
<p>Grasshopper won 6-0 on aggregate</p>
<p>In Trondheim:</p>
<p>Rosenborg (Norway) 3 Panathinaikos (Greece) 0 (0-0)</p>
<p>Scorers: Roar Strand (63rd), Steffen Iversen (95th), Vegard Heggem (98th)</p>
<p>Attendance: 18,625</p>
<p>Rosenborg won 3-1 on aggregate</p>
<p>In Budapest:</p>
<p>Ferencvaros (Hungary) 1 IFK Gothenburg (Sweden) 1 (1-0)</p>
<p>Scorers:</p>
<p>Ferencvaros - Ferenc Horvath (15th)</p>
<p>IFK Gothenburg - Andreas Andersson (87th)</p>
<p>Attendance: 9,000</p>
<p>Gothenburg won 4-1 on aggregate</p>
<p>In Copenhagen:</p>
<p>Brondby (Denmark) 3 Widzew Lodz (Poland) 2  (2-0)</p>
<p>Scorers:</p>
<p>Brondby - Peter Moeller (32nd), Ole Bjur (44th), Kim Vilfort (48th)</p>
<p>Lodz - Marek Citko (56th), Pawel Wojtala (89th)</p>
<p>Attendance: 10,438</p>
<p>Aggregate score 4-4. Widzew Lodz qualify on away goals rule.</p>
</text>
<copyright>(c) Reuters Limited 1996</copyright>
<metadata>
<codes class="bip:countries:1.0">
  <code code="UK">
    <editdetail attribution="Reuters BIP Coding Group" action="confirmed" date="1996-08-21"/>
  </code>
</codes>
<codes class="bip:topics:1.0">
  <code code="GCAT">
    <editdetail attribution="Reuters BIP Coding Group" action="confirmed" date="1996-08-21"/>
  </code>
  <code code="GSPO">
    <editdetail attribution="Reuters BIP Coding Group" action="confirmed" date="1996-08-21"/>
  </code>
</codes>
<dc element="dc.date.created" value="1996-08-21"/>
<dc element="dc.publisher" value="Reuters Holdings Plc"/>
<dc element="dc.date.published" value="1996-08-21"/>
<dc element="dc.source" value="Reuters"/>
<dc element="dc.creator.location" value="LONDON"/>
<dc element="dc.creator.location.country.name" value="UK"/>
<dc element="dc.source" value="Reuters"/>
</metadata>
</newsitem>
