<?xml version="1.0" encoding="iso-8859-1" ?>
<newsitem itemid="5369" id="root" date="1996-08-21" xml:lang="en">
<title>UK: CRICKET-ENGLISH COUNTY CHAMPIONSHIP CLOSE SCORE.</title>
<headline>CRICKET-ENGLISH COUNTY CHAMPIONSHIP CLOSE SCORE.</headline>
<dateline>LONDON 1996-08-21</dateline>
<text>
<p>Close of play score of an English county championship match starting on Wednesday:</p>
<p>In Weston-super-Mare: Durham 326 (D.Cox 95 not out, S.Campbell 69; G.Rose 7-73), Somerset 71-1.</p>
</text>
<copyright>(c) Reuters Limited 1996</copyright>
<metadata>
<codes class="bip:countries:1.0">
  <code code="UK">
    <editdetail attribution="Reuters BIP Coding Group" action="confirmed" date="1996-08-21"/>
  </code>
</codes>
<codes class="bip:topics:1.0">
  <code code="GCAT">
    <editdetail attribution="Reuters BIP Coding Group" action="confirmed" date="1996-08-21"/>
  </code>
  <code code="GSPO">
    <editdetail attribution="Reuters BIP Coding Group" action="confirmed" date="1996-08-21"/>
  </code>
</codes>
<dc element="dc.date.created" value="1996-08-21"/>
<dc element="dc.publisher" value="Reuters Holdings Plc"/>
<dc element="dc.date.published" value="1996-08-21"/>
<dc element="dc.source" value="Reuters"/>
<dc element="dc.creator.location" value="LONDON"/>
<dc element="dc.creator.location.country.name" value="UK"/>
<dc element="dc.source" value="Reuters"/>
</metadata>
</newsitem>
