<?xml version="1.0" encoding="iso-8859-1" ?>
<newsitem itemid="5371" id="root" date="1996-08-21" xml:lang="en">
<title>UK: CRICKET-FORMER ENGLAND SPINNER CHILDS TO RETIRE.</title>
<headline>CRICKET-FORMER ENGLAND SPINNER CHILDS TO RETIRE.</headline>
<dateline>LONDON 1996-08-21</dateline>
<text>
<p>Former England spinner John Childs will retire from first-class cricket at the end of the season, his county side Essex said on Wednesday.</p>
<p>The 45-year-old slow left-arm bowler, who has taken more than 1,000 first-class wickets, began his career with Devon in 1973 and made his county debut for Gloucestershire two years later.</p>
<p>Childs at 36 years and 320 days became England's oldest debutant for more than 40 years in the third test against the West Indies at Old Trafford in 1988.</p>
<p>He played two tests, taking three wickets and scoring two runs.</p>
</text>
<copyright>(c) Reuters Limited 1996</copyright>
<metadata>
<codes class="bip:countries:1.0">
  <code code="UK">
    <editdetail attribution="Reuters BIP Coding Group" action="confirmed" date="1996-08-21"/>
  </code>
</codes>
<codes class="bip:topics:1.0">
  <code code="GCAT">
    <editdetail attribution="Reuters BIP Coding Group" action="confirmed" date="1996-08-21"/>
  </code>
  <code code="GSPO">
    <editdetail attribution="Reuters BIP Coding Group" action="confirmed" date="1996-08-21"/>
  </code>
</codes>
<dc element="dc.date.created" value="1996-08-21"/>
<dc element="dc.publisher" value="Reuters Holdings Plc"/>
<dc element="dc.date.published" value="1996-08-21"/>
<dc element="dc.source" value="Reuters"/>
<dc element="dc.creator.location" value="LONDON"/>
<dc element="dc.creator.location.country.name" value="UK"/>
<dc element="dc.source" value="Reuters"/>
</metadata>
</newsitem>
