<?xml version="1.0" encoding="iso-8859-1" ?>
<newsitem itemid="5374" id="root" date="1996-08-21" xml:lang="en">
<title>UK: SOCCER-FIORENTINA REJECT BLACKBURN BID FOR BASTITUTA.</title>
<headline>SOCCER-FIORENTINA REJECT BLACKBURN BID FOR BASTITUTA.</headline>
<dateline>LONDON 1996-08-21</dateline>
<text>
<p>Italian Serie A club Fiorentina have no intention of releasing their Argentine striker Gabriel Bastituta in a 10-million-pound ($15.45-million) deal to English premier league side Blackburn, it was reported on Wednesday.</p>
<p>Blackburn manager Ray Harford was hoping to sign Bastituta as a replacement for Alan Shearer who left the club in a record 15-million-pound ($23.3-million) transfer to Newcastle last month.</p>
<p>&quot;The problem in Batistuta's case was that the Fiorentina president told us he would get shot if he let him go,&quot; Harford told The Daily Telegraph newspaper.</p>
<p>Harford has also lost out in an attempt to sign French international Christophe Dugarry.</p>
<p>Dugarry chose to move to AC Milan from his former club Bordeaux in a 3.5-million-pound ($5.4-million) deal.</p>
</text>
<copyright>(c) Reuters Limited 1996</copyright>
<metadata>
<codes class="bip:countries:1.0">
  <code code="ARG">
    <editdetail attribution="Reuters BIP Coding Group" action="confirmed" date="1996-08-21"/>
  </code>
  <code code="ITALY">
    <editdetail attribution="Reuters BIP Coding Group" action="confirmed" date="1996-08-21"/>
  </code>
  <code code="UK">
    <editdetail attribution="Reuters BIP Coding Group" action="confirmed" date="1996-08-21"/>
  </code>
</codes>
<codes class="bip:topics:1.0">
  <code code="GCAT">
    <editdetail attribution="Reuters BIP Coding Group" action="confirmed" date="1996-08-21"/>
  </code>
  <code code="GSPO">
    <editdetail attribution="Reuters BIP Coding Group" action="confirmed" date="1996-08-21"/>
  </code>
</codes>
<dc element="dc.date.created" value="1996-08-21"/>
<dc element="dc.publisher" value="Reuters Holdings Plc"/>
<dc element="dc.date.published" value="1996-08-21"/>
<dc element="dc.source" value="Reuters"/>
<dc element="dc.creator.location" value="LONDON"/>
<dc element="dc.creator.location.country.name" value="UK"/>
<dc element="dc.source" value="Reuters"/>
</metadata>
</newsitem>
