<?xml version="1.0" encoding="iso-8859-1" ?>
<newsitem itemid="5378" id="root" date="1996-08-21" xml:lang="en">
<title>CANADA: TENNIS-RESULTS AT CANADIAN OPEN.</title>
<headline>TENNIS-RESULTS AT CANADIAN OPEN.</headline>
<dateline>TORONTO 1996-08-20</dateline>
<text>
<p>Results from the Canadian Open</p>
<p>tennis tournament on Tuesday (prefix number denotes seeding):</p>
<p>First round</p>
<p>9-Cedric Pioline (France) beat Nicklas Kulti (Sweden) 6-4 6-2</p>
<p>13-Jason Stoltenberg (Australia) beat Tomas Carbonell (Spain)</p>
<p>6-1 6-0</p>
<p>Tim Henman (Britain) beat 14-Paul Haarhuis (Netherlands) 6-2</p>
<p>2-6 7-6 (9-7)</p>
<p>Alex O'Brien (U.S.) beat 16-Magnus Gustafsson (Sweden) 6-3</p>
<p>7-6 (7-5)</p>
<p>Petr Korda (Czech Republic) beat Neville Godwin (South</p>
<p>Africa) 3-6 6-0 6-4</p>
<p>Jiri Novak (Czech Republic) beat Jonas Bjorkman (Sweden) 6-1</p>
<p>5-7 6-3</p>
<p>Byron Black (Zimbabwe) beat Jakob Hlasek (Switzerland) 7-6</p>
<p>(7-4) 3-1 ret.</p>
<p>Renzo Furlan (Italy) beat Christian Ruud (Norway) 6-1 6-3</p>
<p>Bohdan Ulihrach (Czech Republic) beat Hernan Gumy (Argentina)</p>
<p>7-5 7-5</p>
<p>Kenneth Carlsen (Denmark) beat Jordi Burillo (Spain) 6-2 6-0</p>
<p>Mark Philippoussis (Australia) beat Sjeng Schalken</p>
<p>(Netherlands) 6-3 6-4</p>
<p>Daniel Nestor (Canada) beat Marc Goellner (Germany) 7-6 (7-4)</p>
<p>6-4</p>
<p>Second Round</p>
<p>5-Thomas Enqvist (Sweden) beat Javier Sanchez (Spain) 6-3 6-4</p>
</text>
<copyright>(c) Reuters Limited 1996</copyright>
<metadata>
<codes class="bip:countries:1.0">
  <code code="CANA">
    <editdetail attribution="Reuters BIP Coding Group" action="confirmed" date="1996-08-21"/>
  </code>
</codes>
<codes class="bip:topics:1.0">
  <code code="GCAT">
    <editdetail attribution="Reuters BIP Coding Group" action="confirmed" date="1996-08-21"/>
  </code>
  <code code="GSPO">
    <editdetail attribution="Reuters BIP Coding Group" action="confirmed" date="1996-08-21"/>
  </code>
</codes>
<dc element="dc.date.created" value="1996-08-20"/>
<dc element="dc.publisher" value="Reuters Holdings Plc"/>
<dc element="dc.date.published" value="1996-08-21"/>
<dc element="dc.source" value="Reuters"/>
<dc element="dc.creator.location" value="TORONTO"/>
<dc element="dc.creator.location.country.name" value="CANADA"/>
<dc element="dc.source" value="Reuters"/>
</metadata>
</newsitem>
