<?xml version="1.0" encoding="iso-8859-1" ?>
<newsitem itemid="5382" id="root" date="1996-08-21" xml:lang="en">
<title>SOUTH AFRICA: RUGBY UNION-S.AFRICAN MINISTER REPEATS REJECTION OF SPRINGBOKS.</title>
<headline>RUGBY UNION-S.AFRICAN MINISTER REPEATS REJECTION OF SPRINGBOKS.</headline>
<dateline>CAPE TOWN 1996-08-21</dateline>
<text>
<p>South African Finance Minister Trevor Manuel reaffirmed his rejection of the Springboks rugby union side on Wednesday, saying they had failed to bring enough blacks into the sport.</p>
<p>&quot;Too little is happening to convince us that the rugby authorities support change and real development and we will withhold our support until rugby moves,&quot; Manuel told the national assembly during a finance debate.</p>
<p>Manuel caused outrage among the ranks of South Africa's mainly white rugby supporters earlier this month when he shouted for New Zealand during a test against South Africa, explaining to fellow spectators: &quot;I am not a white South African.&quot;</p>
<p>One newspaper at the time called for Manuel to resign, accusing him of racism.</p>
<p>President Nelson Mandela, who supported the Springbok team during the World Cup last year, was reported to be planning to chide Manuel -- a mixed-race Coloured -- over his preference for the All Blacks.</p>
</text>
<copyright>(c) Reuters Limited 1996</copyright>
<metadata>
<codes class="bip:countries:1.0">
  <code code="SAFR">
    <editdetail attribution="Reuters BIP Coding Group" action="confirmed" date="1996-08-21"/>
  </code>
</codes>
<codes class="bip:topics:1.0">
  <code code="GCAT">
    <editdetail attribution="Reuters BIP Coding Group" action="confirmed" date="1996-08-21"/>
  </code>
  <code code="GSPO">
    <editdetail attribution="Reuters BIP Coding Group" action="confirmed" date="1996-08-21"/>
  </code>
</codes>
<dc element="dc.date.created" value="1996-08-21"/>
<dc element="dc.publisher" value="Reuters Holdings Plc"/>
<dc element="dc.date.published" value="1996-08-21"/>
<dc element="dc.source" value="Reuters"/>
<dc element="dc.creator.location" value="CAPE TOWN"/>
<dc element="dc.creator.location.country.name" value="SOUTH AFRICA"/>
<dc element="dc.source" value="Reuters"/>
</metadata>
</newsitem>
