<?xml version="1.0" encoding="iso-8859-1" ?>
<newsitem itemid="5383" id="root" date="1996-08-21" xml:lang="en">
<title>SOUTH AFRICA: ATHLETICS-DRUGS IN SPORT SHOULD BE LEGALISED, SAYS SCIENTIST.</title>
<headline>ATHLETICS-DRUGS IN SPORT SHOULD BE LEGALISED, SAYS SCIENTIST.</headline>
<byline>Andy Colquhoun</byline>
<dateline>CAPE TOWN 1996-08-21</dateline>
<text>
<p>A leading South African sports scientist has said drugs in sport should be legalised to end the `does he, doesn't he debate' once and for all.</p>
<p>Dr John Hawley, director of the High Performance laboratory at the South African Sports Science Institute in Cape Town, was quoted in the September issue of SA Sports Illustrated as saying it was no longer possible to tell who was &quot;clean&quot;.</p>
<p>He said many athletes at last month's Atlanta Olympics have had to make a choice of whether they are going to take performance enhancing drugs.</p>
<p>&quot;Whenever anyone stands up there on the podium I don't know whether it's them or the drugs,&quot; Hawley said.</p>
<p>&quot;You can't ignore it. There's no question that drugs are a big part of today's superior performances.</p>
<p>&quot;I'm not going to mention any names but you look at the physiques of those guys...you just don't get pectoral muscles like that from huge bench presses.</p>
<p>&quot;In the strength and power events I would say that as many as 50 percent of competitors at the Olympics have used performance-enhancing drugs, maybe more.&quot;</p>
<p>He said the only way to recreate a level playing field was to consider legalising the use of steroids and other enhancers.</p>
<p>&quot;Maybe we should just make steroids legal. As unethical and as morally wrong as it sounds I actually think that's the way to go.</p>
<p>&quot;It's an ethical problem. There's no question where I or anyone else at this institute stand medically -- steroids are illegal and performance-enhancing.&quot;</p>
<p>He claimed Atlanta's highly-publicised doping laboratory had been a public relations exercise.</p>
<p>&quot;The public has been whitewashed into thinking that drugs enhance athletes the week before competition -- they don't. Steroids help in training in the winter months long before the competitions,&quot; Hawley said.</p>
<p>&quot;If an athlete stops using steroids three months before competition they won't be detected.&quot;</p>
<p>Hawley had been asked to theorise on how low world records would ultimately fall.</p>
<p>&quot;If you are asking me what are the limits to human performance, we have already surpassed them. Most of these are drug records.&quot;</p>
</text>
<copyright>(c) Reuters Limited 1996</copyright>
<metadata>
<codes class="bip:countries:1.0">
  <code code="SAFR">
    <editdetail attribution="Reuters BIP Coding Group" action="confirmed" date="1996-08-21"/>
  </code>
</codes>
<codes class="bip:topics:1.0">
  <code code="GCAT">
    <editdetail attribution="Reuters BIP Coding Group" action="confirmed" date="1996-08-21"/>
  </code>
  <code code="GSPO">
    <editdetail attribution="Reuters BIP Coding Group" action="confirmed" date="1996-08-21"/>
  </code>
</codes>
<dc element="dc.date.created" value="1996-08-21"/>
<dc element="dc.publisher" value="Reuters Holdings Plc"/>
<dc element="dc.date.published" value="1996-08-21"/>
<dc element="dc.source" value="Reuters"/>
<dc element="dc.creator.location" value="CAPE TOWN"/>
<dc element="dc.creator.location.country.name" value="SOUTH AFRICA"/>
<dc element="dc.source" value="Reuters"/>
</metadata>
</newsitem>
