<?xml version="1.0" encoding="iso-8859-1" ?>
<newsitem itemid="5385" id="root" date="1996-08-21" xml:lang="en">
<title>HUNGARY: SOCCER-FERENCVAROS BEAT GOTEBORG 4-1 IN EUROPEAN CUP.</title>
<headline>SOCCER-FERENCVAROS BEAT GOTEBORG 4-1 IN EUROPEAN CUP.</headline>
<dateline>BUDAPEST 1996-08-21</dateline>
<text>
<p>IFK Gothenburg of Sweden drew 1-1 (1-0) with Ferencvaros of Hungary in the second leg of their European Champions Cup preliminary round tie played on Wednesday.</p>
<p>Gothenburg go through 4-1 on aggregate.</p>
<p>Scorers:</p>
<p>Ferencvaros:</p>
<p>Ferenc Horvath (15th)</p>
<p>IFK Gothenburg:</p>
<p>Andreas Andersson (87th)</p>
<p>Attendance: 9,000</p>
</text>
<copyright>(c) Reuters Limited 1996</copyright>
<metadata>
<codes class="bip:countries:1.0">
  <code code="HUNG">
    <editdetail attribution="Reuters BIP Coding Group" action="confirmed" date="1996-08-21"/>
  </code>
  <code code="SWED">
    <editdetail attribution="Reuters BIP Coding Group" action="confirmed" date="1996-08-21"/>
  </code>
</codes>
<codes class="bip:topics:1.0">
  <code code="GCAT">
    <editdetail attribution="Reuters BIP Coding Group" action="confirmed" date="1996-08-21"/>
  </code>
  <code code="GSPO">
    <editdetail attribution="Reuters BIP Coding Group" action="confirmed" date="1996-08-21"/>
  </code>
</codes>
<dc element="dc.date.created" value="1996-08-21"/>
<dc element="dc.publisher" value="Reuters Holdings Plc"/>
<dc element="dc.date.published" value="1996-08-21"/>
<dc element="dc.source" value="Reuters"/>
<dc element="dc.creator.location" value="BUDAPEST"/>
<dc element="dc.creator.location.country.name" value="HUNGARY"/>
<dc element="dc.source" value="Reuters"/>
</metadata>
</newsitem>
