<?xml version="1.0" encoding="iso-8859-1" ?>
<newsitem itemid="5386" id="root" date="1996-08-21" xml:lang="en">
<title>RUSSIA: SOCCER-RUSSIAN PREMIER DIVISION RESULTS/STANDINGS.</title>
<headline>SOCCER-RUSSIAN PREMIER DIVISION RESULTS/STANDINGS.</headline>
<dateline>MOSCOW 1996-08-21</dateline>
<text>
<p>Results of Russian premier league matches played on Wednesday:</p>
<p> Rostselmash Rostov	  0   Baltika Kaliningrad	   1</p>
<p> Lokomotiv Nizhny Novgorod 3   Tekstilshchik Kamyshin	1</p>
<p> Krylya Sovetov Samara     3   Lada Togliatti		  1</p>
<p> Uralmash Yekaterinburg    2   Zhemchuzhina Sochi	    1</p>
<p>Standings (tabulate under games played, won, drawn, lost, goals for, goals against, points).</p>
<p>Note - if more than one team has the same number of points, precedence is given to the one with most wins. If more than one team has the same number of wins and points, precedence goes to the side with the most successful record against the others).</p>
<p> Rotor Volgograd		22   15   5   2   42   16   50</p>
<p> Alania Vladikavkaz	   23   15   5   3   45   24   50</p>
<p> Dynamo Moscow		  24   14   7   3   42   21   49</p>
<p> Spartak Moscow		 24   14   6   4   47   23   48</p>
<p> CSKA Moscow		    24   12   6   6   36   25   42</p>
<p> Lokomotiv Nizhny Novgorod  24   11   3  10   25   33   36</p>
<p> Lokomotiv Moscow	     24    8   9   7   28   23   33</p>
<p> Torpedo Moscow		 24    8   9   7   30   31   33</p>
<p> Zenit St Petersburg	  23    9   4  10   24   24   31</p>
<p> Zhemchuzhina Sochi	   24    8   4  12   25   35   28</p>
<p> Rostselmash Rostov	   22    7   7   8   39   33   28</p>
<p> Krylya Sovetov Samara	24    8   7   9   18   27   31</p>
<p> Baltika Kaliningrad	  22    6   9   7   24   24   27</p>
<p> Chernomorets Novorossiisk  24    6   5  13   23   37   23</p>
<p> Kamaz Naberezhnye Chelny   23    5   4  14   23   38   19</p>
<p> Lada Togliatti		 23    4   5  14   14   36   17</p>
<p> Uralmash Yekaterinburg     23    3   7  13   22   41   16</p>
<p> Tekstilshchik Kamyshin     24    2   9  13   13   29   15</p>
</text>
<copyright>(c) Reuters Limited 1996</copyright>
<metadata>
<codes class="bip:countries:1.0">
  <code code="RUSS">
    <editdetail attribution="Reuters BIP Coding Group" action="confirmed" date="1996-08-21"/>
  </code>
</codes>
<codes class="bip:topics:1.0">
  <code code="GCAT">
    <editdetail attribution="Reuters BIP Coding Group" action="confirmed" date="1996-08-21"/>
  </code>
  <code code="GSPO">
    <editdetail attribution="Reuters BIP Coding Group" action="confirmed" date="1996-08-21"/>
  </code>
</codes>
<dc element="dc.date.created" value="1996-08-21"/>
<dc element="dc.publisher" value="Reuters Holdings Plc"/>
<dc element="dc.date.published" value="1996-08-21"/>
<dc element="dc.source" value="Reuters"/>
<dc element="dc.creator.location" value="MOSCOW"/>
<dc element="dc.creator.location.country.name" value="RUSSIA"/>
<dc element="dc.source" value="Reuters"/>
</metadata>
</newsitem>
