<?xml version="1.0" encoding="iso-8859-1" ?>
<newsitem itemid="5387" id="root" date="1996-08-21" xml:lang="en">
<title>HUNGARY: SOCCER-HUNGARY FIRST DIVISION RESULTS/STANDINGS.</title>
<headline>SOCCER-HUNGARY FIRST DIVISION RESULTS/STANDINGS.</headline>
<dateline>BUDAPEST 1996-08-21</dateline>
<text>
<p>Hungarian first division</p>
<p>soccer results and standings from weekend and bank holiday:</p>
<p>Videoton*		6  Vac		    2</p>
<p>Ferencvaros	    5 Kispest-Honved FC   2</p>
<p>Pecs MFC		 2 Siofok		  0</p>
<p>Bekescsaba EFC	 4 Gyori ETO FC	  0</p>
<p>DVSC-Epona	     4 III ker TVE	   0</p>
<p>Haladas		  1 Csepel SC	     1</p>
<p>Ujpest TE		5 Zalaegerszeg TE     0</p>
<p>BVSC Dreher	    4 Innstadt Stadler    1</p>
<p>Standings (tabulated under played, won, drawn, lost, goals</p>
<p>for, goals against, points):</p>
<p>    Ujpest TE		2  2  -  -   8   2   6</p>
<p>    Bekescsabai EFC	2  2  -  -   6   1   6</p>
<p>    Ferencvaros	    2  2  -  -   8   4   6</p>
<p>    MTK FC		   2  2  -  -   4   1   6</p>
<p>    BVSC Dreher	    2  1  1  -   5   2   4</p>
<p>    Haladas VFC	    2  1  1  -   2   1   4</p>
<p>    Videoton		 2  1  -  1   6   4   3</p>
<p>    DVSC Epona	     2  1  -  1   5   3   3</p>
<p>    Pecs MFC		 2  1  -  1   2   2   3 @</p>
<p>    Gyori ETO FC	   2  1  -  1   3   5   3</p>
<p>    Zalaegerszeg TE	2  1  -  1   2   5   3</p>
<p>    Csepel SC		2  -  2  -   2   2   2</p>
<p>    Vasas Casino Vigado  2  -  1  1   2   3   1</p>
<p>    Kispest Honved	 2  -  1  1   3   6   1</p>
<p>    Siofok		   2  -  -  2   2   5   0</p>
<p>    Innstadt Stadler FC  2  -  -  2   2   6   0</p>
<p>    III ker TVE	    2  -  -  2   2   7   0</p>
<p>    Vac			2  -  -  2   2   7   0</p>
<p>*Name of Parmalat/Fehervar FC has been changed to Videoton.</p>
<p>-- Budapest newsroom, +361 266 2410</p>
</text>
<copyright>(c) Reuters Limited 1996</copyright>
<metadata>
<codes class="bip:countries:1.0">
  <code code="HUNG">
    <editdetail attribution="Reuters BIP Coding Group" action="confirmed" date="1996-08-21"/>
  </code>
</codes>
<codes class="bip:topics:1.0">
  <code code="GCAT">
    <editdetail attribution="Reuters BIP Coding Group" action="confirmed" date="1996-08-21"/>
  </code>
  <code code="GSPO">
    <editdetail attribution="Reuters BIP Coding Group" action="confirmed" date="1996-08-21"/>
  </code>
</codes>
<dc element="dc.date.created" value="1996-08-21"/>
<dc element="dc.publisher" value="Reuters Holdings Plc"/>
<dc element="dc.date.published" value="1996-08-21"/>
<dc element="dc.source" value="Reuters"/>
<dc element="dc.creator.location" value="BUDAPEST"/>
<dc element="dc.creator.location.country.name" value="HUNGARY"/>
<dc element="dc.source" value="Reuters"/>
</metadata>
</newsitem>
