<?xml version="1.0" encoding="iso-8859-1" ?>
<newsitem itemid="5388" id="root" date="1996-08-21" xml:lang="en">
<title>ARGENTINA: SOCCER-MENOTTI TAKES OVER AT INDEPENDIENTE.</title>
<headline>SOCCER-MENOTTI TAKES OVER AT INDEPENDIENTE.</headline>
<dateline>BUENOS AIRES 1996-08-21</dateline>
<text>
<p>Veteran coach Cesar Luis Menotti is to return to football after an absence of nearly two years to take charge of Buenos Aires club Independiente.</p>
<p>&quot;Menotti has the ideal profile for the liking of our supporters,&quot; club president Jorge Botari said on Wednesday.</p>
<p>The chain-smoking Menotti, who currently works for a local television station, led Argentina to World Cup victory when they hosted the event in 1978.</p>
<p>He was also in charge in Spain four years later when Argentina reached the second round group stage. Since then he has worked with Spanish clubs Barcelona and Atletico Madrid and local sides River Plate and Boca Juniors, where he had two stints in charge.</p>
<p>He also spent a year in charge of the Mexican national team but left before the 1994 World Cup following differences with the local federation.</p>
</text>
<copyright>(c) Reuters Limited 1996</copyright>
<metadata>
<codes class="bip:countries:1.0">
  <code code="ARG">
    <editdetail attribution="Reuters BIP Coding Group" action="confirmed" date="1996-08-21"/>
  </code>
</codes>
<codes class="bip:topics:1.0">
  <code code="GCAT">
    <editdetail attribution="Reuters BIP Coding Group" action="confirmed" date="1996-08-21"/>
  </code>
  <code code="GSPO">
    <editdetail attribution="Reuters BIP Coding Group" action="confirmed" date="1996-08-21"/>
  </code>
</codes>
<dc element="dc.date.created" value="1996-08-21"/>
<dc element="dc.publisher" value="Reuters Holdings Plc"/>
<dc element="dc.date.published" value="1996-08-21"/>
<dc element="dc.source" value="Reuters"/>
<dc element="dc.creator.location" value="BUENOS AIRES"/>
<dc element="dc.creator.location.country.name" value="ARGENTINA"/>
<dc element="dc.source" value="Reuters"/>
</metadata>
</newsitem>
