<?xml version="1.0" encoding="iso-8859-1" ?>
<newsitem itemid="5389" id="root" date="1996-08-21" xml:lang="en">
<title>MEXICO: SOCCER-MEXICAN CHAMPIONSHIP RESULTS.</title>
<headline>SOCCER-MEXICAN CHAMPIONSHIP RESULTS.</headline>
<dateline>MEXICO CITY 1996-08-21</dateline>
<text>
<p>Results of Mexican soccer championship matches played on Tuesday.</p>
<p> America		5   Morelia	     1</p>
<p> Necaxa		 3   Monterrey	   0</p>
</text>
<copyright>(c) Reuters Limited 1996</copyright>
<metadata>
<codes class="bip:countries:1.0">
  <code code="MEX">
    <editdetail attribution="Reuters BIP Coding Group" action="confirmed" date="1996-08-21"/>
  </code>
</codes>
<codes class="bip:topics:1.0">
  <code code="GCAT">
    <editdetail attribution="Reuters BIP Coding Group" action="confirmed" date="1996-08-21"/>
  </code>
  <code code="GSPO">
    <editdetail attribution="Reuters BIP Coding Group" action="confirmed" date="1996-08-21"/>
  </code>
</codes>
<dc element="dc.date.created" value="1996-08-21"/>
<dc element="dc.publisher" value="Reuters Holdings Plc"/>
<dc element="dc.date.published" value="1996-08-21"/>
<dc element="dc.source" value="Reuters"/>
<dc element="dc.creator.location" value="MEXICO CITY"/>
<dc element="dc.creator.location.country.name" value="MEXICO"/>
<dc element="dc.source" value="Reuters"/>
</metadata>
</newsitem>
