<?xml version="1.0" encoding="iso-8859-1" ?>
<newsitem itemid="5395" id="root" date="1996-08-21" xml:lang="en">
<title>PHILIPPINES: BASKETBALL-PHILIPPINE PROFESSIONAL LEAGUE RESULTS.</title>
<headline>BASKETBALL-PHILIPPINE PROFESSIONAL LEAGUE RESULTS.</headline>
<dateline>MANILA 1996-08-21</dateline>
<text>
<p>Results of semifinal round games on Tuesday in the Philippine Basketball Association second conference, which includes American players:</p>
<p>Santa Lucia Realty beat Purefoods Hotdogs 98-93 (49-42)</p>
<p>Alaska Milk beat Ginebra San Miguel 102-98 (48-41)</p>
</text>
<copyright>(c) Reuters Limited 1996</copyright>
<metadata>
<codes class="bip:countries:1.0">
  <code code="PHLNS">
    <editdetail attribution="Reuters BIP Coding Group" action="confirmed" date="1996-08-21"/>
  </code>
</codes>
<codes class="bip:topics:1.0">
  <code code="GCAT">
    <editdetail attribution="Reuters BIP Coding Group" action="confirmed" date="1996-08-21"/>
  </code>
  <code code="GSPO">
    <editdetail attribution="Reuters BIP Coding Group" action="confirmed" date="1996-08-21"/>
  </code>
</codes>
<dc element="dc.date.created" value="1996-08-21"/>
<dc element="dc.publisher" value="Reuters Holdings Plc"/>
<dc element="dc.date.published" value="1996-08-21"/>
<dc element="dc.source" value="Reuters"/>
<dc element="dc.creator.location" value="MANILA"/>
<dc element="dc.creator.location.country.name" value="PHILIPPINES"/>
<dc element="dc.source" value="Reuters"/>
</metadata>
</newsitem>
