<?xml version="1.0" encoding="iso-8859-1" ?>
<newsitem itemid="5399" id="root" date="1996-08-21" xml:lang="en">
<title>USA: TENNIS-MEN'S, WOMEN'S DRAW FOR U.S. OPEN.</title>
<headline>TENNIS-MEN'S, WOMEN'S DRAW FOR U.S. OPEN.</headline>
<dateline>NEW YORK 1996-08-21</dateline>
<text>
<p>Singles draw for the U.S. Open</p>
<p>tennis championships beginning Monday at the U.S. National</p>
<p>Tennis Centre (prefix denotes seeding):</p>
<p>Men's Draw</p>
<p>1-Pete Sampras (U.S.) vs. David Rikl (Czech Republic)</p>
<p>Hicham Arazi (Morocco) vs. Alex Radulescu (Germany)</p>
<p>Alex Corretja (Spain) vs. Mark Philippoussis (Australia)</p>
<p>Tomas Carbonell (Spain) vs. Roberto Carretero (Spain)</p>
<p>Jared Palmer (U.S.) vs. Greg Rusedski (U.S.)</p>
<p>Mikael Tillstrom (Sweden) vs. Carlos Costa (Spain)</p>
<p>Jim Grabb (U.S.) vs. Marcelo Filippine (Uruguay)</p>
<p>Karol Kucera (Slovakia) vs. 16-Cedric Pioline (France)</p>
<p>------------------------</p>
<p>10-Marcelo Rios (Chile) vs. Arnaud Boetsch (France)</p>
<p>Alexander Volkov (Russia) vs. Andrei Chesnokov (Russia)</p>
<p>Javier Sanchez (Spain) vs. Jan Kroslak (Slovakia)</p>
<p>Francisco Clavet (Spain) vs. qualfier</p>
<p>Filip Dewulf (Belgium) vs. Andrea Gaudenzi (Italy)</p>
<p>Carl-Uwe Steeb (Germany) vs. Patrick Rafter (Australia)</p>
<p>Carlos Moya (Spain) vs. Nicolas Lapentti (Ecuador)</p>
<p>Kevin Kim (U.S.) vs. 7-Yevgeny Kafelnikov (Russia)</p>
<p>------------------------</p>
<p>4-Goran Ivanisevic (Croatia) vs. qualifier</p>
<p>Jordi Burillo (Spain) vs. Guy Forget (France)</p>
<p>Qualifier vs. Christian Rudd (Norway)</p>
<p>Jason Stoltenberg (Australia) vs. Sjeng Schalken</p>
<p>(Netherlands)</p>
<p>Hernan Gumy (Argentina) vs. Byron Black (Zimbabwe)</p>
<p>Qualifier vs. Michael Stich (Germany)</p>
<p>Kenneth Carlsen (Denmark) vs. Chuck Adams (U.S.)</p>
<p>Qualifier vs. 14-Alberto Costa (Spain)</p>
<p>------------------------</p>
<p>11-MaliVai Washington (U.S.) vs. Sandon Stolle (Australia)</p>
<p>Adrian Voinea (Romania) vs. qualifier</p>
<p>David Wheaton (U.S.) vs. Stephane Simian (France)</p>
<p>Scott Humphries (U.S.) vs. Magnus Gustafsson (Sweden)</p>
<p>Renzo Furlan (Italy) vs. qualifier</p>
<p>Martin Damm (Czech Republic) vs. Todd Woodbridge (Australia)</p>
<p>Jakob Hlasek (Switzerland) vs. Sergi Bruguera (Spain)</p>
<p>Karim Alami (Morocco) vs. 6-Andre Agassi (U.S.)</p>
<p>------------------------</p>
<p>5-Richard Krajicek (Netherlands) vs. Guillaume Raoux (France)</p>
<p>Kris Goossens (Belgium) vs. Mauricio Hadad (Colombia)</p>
<p>Felix Mantilla (Spain) vs. Alex O'Brien (U.S.)</p>
<p>Andrei Medvedev (Ukraine) vs. Jean-Philippe Fleurian (France)</p>
<p>Cecil Mamiit (U.S.) vs. qualifier</p>
<p>Petr Korda (Czech Republic) vs. Doug Flach (U.S.)</p>
<p>Magnus Larsson (Sweden) vs. Fernando Meligeni (Brazil)</p>
<p>Mats Wilander (Sweden) vs. 12-Todd Martin (U.S.)</p>
<p>------------------------</p>
<p>13-Thomas Enqvist (Sweden) vs. Gilbert Schaller (Austria)</p>
<p>Galo Blanco (Spain) vs. qualifier</p>
<p>Alberto Berasategui (Spain) vs. qualifier</p>
<p>Younes El Aynaoui (Morocco) vs. Shuzo Matsuoka (Japan)</p>
<p>Vince Spadea (U.S.) vs. Jan Siemerink (Netherlands)</p>
<p>Thomas Johansson (Sweden) vs. Stefano Pescosolido (Italy)</p>
<p>Tim Henman (Britain) vs. Andrei Olhovskiy (Russia)</p>
<p>Richey Reneberg (U.S.) vs. 3-Thomas Muster (Austria)</p>
<p>------------------------</p>
<p>8-Jim Courier (U.S.) vs. Stefan Edberg (Sweden)</p>
<p>Mark Knowles (Bahamas) vs. qualifier</p>
<p>Nicolas Pereira (Venezuela) vs. Hendrik Dreekman (Germany)</p>
<p>Paul Haarhuis (Netherlands) vs. Michael Tebbutt (Australia)</p>
<p>Javier Frana (Argentina) vs. Michael Joyce (U.S.)</p>
<p>Qualifier vs. qualifier</p>
<p>Jonathan Stark (U.S.) vs. David Prinosil (Germany)</p>
<p>Scott Draper (Australia) vs. 9-Wayne Ferreira (South Africa)</p>
<p>------------------------</p>
<p>15-Marc Rosset (Switzerland) vs. Nicklas Kulti (Sweden)</p>
<p>Qualifier vs. Mark Woodforde (Australia)</p>
<p>Grant Stafford (South Africa) vs. Jonas Bjorkman (Sweden)</p>
<p>Jeff Tarango (U.S.) vs. Chris Woodruff (U.S.)</p>
<p>Bernd Karbacher (Germany) vs. qualifier</p>
<p>Qualifier vs. Slava Dosedel (Czech Republic)</p>
<p>Jiri Novak (Czech Republic) vs. Bohdan Ulihrach (Czech</p>
<p>Republic)</p>
<p>Daniel Vacek (Czech Republic) vs. 2-Michael Chang (U.S.)</p>
<p>1-Steffi Graf (Germany) vs. Yayuk Basuki (Indonesia)</p>
<p>Karin Kschwendt (Germany) vs. Sandra Kleinova (Czech</p>
<p>Republic)</p>
<p>Jana Kandarr (Germany) vs. Ai Sugiyama (Japan)</p>
<p>Virginia Ruano-Pascual (Spain) vs. Natasha Zvereva (Belarus)</p>
<p>Qualifier vs. Ludmila Richterova (Czech Republic)</p>
<p>Natalia Baudone (Italy) vs. Jolene Watanabe (U.S.)</p>
<p>Gigi Fernandez (U.S.) vs. Elena Wagner (Germany)</p>
<p>Yi Jing Qian (China) vs. 14-Barbara Paulus (Austria)</p>
<p>------------------------</p>
<p>9-Mary Joe Fernandez (U.S.) vs. Rika Hiraki (Japan)</p>
<p>Rita Grande (Italy) vs. Alexia Dechaume-Balleret (France)</p>
<p>Qualifier vs. Jennifer Capriati (U.S.)</p>
<p>Nicole Bradtke (Australia) vs. Els Callens (Belgium)</p>
<p>Katrina Adams (U.S.) vs. Petra Langrova (Czech Republic)</p>
<p>Naoko Sawamatsu (Japan) vs. Rennae Stubbs (Australia)</p>
<p>Debbie Graham (U.S.) vs. qualifier</p>
<p>Judith Wiesner (Austria) vs. 5-Iva Majoli (Croatia)</p>
<p>------------------------</p>
<p>3-Arantxa Sanchez-Vicario (Spain) vs. qualifier</p>
<p>Nicole Arendt (U.S.) vs. Sandra Cacic (U.S.)</p>
<p>Elena Likhovtseva (Russia) vs. Kyoko Nagatsuka (Japan)</p>
<p>Mana Endo (Japan) vs. Lilia Osterloh (U.S.)</p>
<p>Tatyana Jecmenica (Yugoslavia) vs. Naoko Kijimuta (Japan)</p>
<p>Alexandra Fusai (France) vs. Jill Craybas (U.S.)</p>
<p>Miriam Oremans (Netherlands) vs. qualifier</p>
<p>Angeles Montolio (Spain) vs. 16-Martina Hingis (Switzerland)</p>
<p>------------------------</p>
<p>11-Chanda Rubin (U.S.) vs. Radka Bobkova (Czech Republic)</p>
<p>Nathalie Dechy (France) vs. Christina Singer (Germany)</p>
<p>Lindsay Lee (U.S.) vs. Nanne Dahlman (Finland)</p>
<p>Sandra Dopfer (Austria) vs. Zina Garrison Jackson (U.S.)</p>
<p>Sandra Cecchini (Italy) vs. Tami Whitlinger-Jones (U.S.)</p>
<p>Amy Frazier (U.S.) vs. Larisa Neiland (Latvia)</p>
<p>Kathy Rinaldi-Stunkel (U.S.) vs. Florencia Labat (Argentina)</p>
<p>Francesca Lubiani (Italy) vs. 7-Jana Novotna (Czech Republic)</p>
<p>------------------------</p>
<p>8-Lindsay Davenport (U.S.) vs. Karina Habsudova (Slovakia)</p>
<p>Henrieta Nagyova (Slovakia) vs. Gala Leon Garcia (Spain)</p>
<p>Anne-Gaelle Sidot (France) vs. Janette Husarova (Slovakia)</p>
<p>Corina Morariu (U.S.) vs. Shi-Ting Wang (Taiwan)</p>
<p>Sung-Hee Park (South Korea) vs. Linda Wild (U.S.)</p>
<p>Kristie Boogert (Netherlands) vs. Joannette Kruger (South</p>
<p>Africa)</p>
<p>Barbara Rittner (Germany) vs. Katarina Studenikova (Slovakia)</p>
<p>Nana Miyagi (Japan) vs. Brenda 13-Schultz-McCarthy</p>
<p>(Netherlands)</p>
<p>------------------------</p>
<p>15-Gabriela Sabatini (Argentina) vs. Patrica Hy-Boulais</p>
<p>(Canada)</p>
<p>Ann Grossman (U.S.) vs. Silvia Farina (Italy)</p>
<p>Gloria Pizzichini (Italy) vs. Asa Carlsson (Sweden)</p>
<p>Barbara Schett (Austria) vs. Sabine Appelmans (Belgium)</p>
<p>Marianne Werdel Witmeyer (U.S.) vs. Paola Suarez (Argentina)</p>
<p>Yone Kamio (Japan) vs. Helena Sukova (Czech Republic)</p>
<p>Nathalie Tauziat (France) vs. qualifier</p>
<p>Ruxandra Dragomir (Romania) vs. 4-Conchita Martinez (Spain)</p>
<p>------------------------</p>
<p>6-Anke Huber (Germany) vs. Amanda Coetzer (South Africa)</p>
<p>Dominique Van Roost (Belgium) vs. Mariaan de Swardt (South</p>
<p>Africa)</p>
<p>Irina Spirlea (Romania) vs. Petra Begerow (Germany)</p>
<p>Qualifier vs. Melanie Schnell (Austria)</p>
<p>Lori McNeil (U.S.) vs. Lisa Raymond (U.S.)</p>
<p>Meghan Shaugnessy (U.S.) vs. Sarah Pitkowski (France)</p>
<p>Kristina Brandi (U.S.) vs. Andrea Glass (Germany)</p>
<p>Kimberly Po (U.S.) vs. 10-Kimiko Date (Japan)</p>
<p>------------------------</p>
<p>12-Magdalena Maleeva (Bulgaria) vs. qualifier</p>
<p>Ines Gorrochategui (Argentina) vs. Magdalena Grzybowska</p>
<p>(Poland)</p>
<p>Christina Torrens-Valero (Spain) vs. Sabine Hack (Germany)</p>
<p>Sandrine Testud (France) vs. Pam Shriver (U.S.)</p>
<p>Jane Chi (U.S.) vs. Maria Antonio Sanchez Lorenzo (Spain)</p>
<p>Dally Randriantefy (Madagascar) vs. Elena Makarova (Russia)</p>
<p>Flora Perfetti (Italy) vs. Laurence Courtois (Belgium)</p>
<p>Anne Miller (U.S.) vs. 2-Monica Seles (U.S.)</p>
</text>
<copyright>(c) Reuters Limited 1996</copyright>
<metadata>
<codes class="bip:countries:1.0">
  <code code="USA">
    <editdetail attribution="Reuters BIP Coding Group" action="confirmed" date="1996-08-21"/>
  </code>
</codes>
<codes class="bip:topics:1.0">
  <code code="GCAT">
    <editdetail attribution="Reuters BIP Coding Group" action="confirmed" date="1996-08-21"/>
  </code>
  <code code="GSPO">
    <editdetail attribution="Reuters BIP Coding Group" action="confirmed" date="1996-08-21"/>
  </code>
</codes>
<dc element="dc.date.created" value="1996-08-21"/>
<dc element="dc.publisher" value="Reuters Holdings Plc"/>
<dc element="dc.date.published" value="1996-08-21"/>
<dc element="dc.source" value="Reuters"/>
<dc element="dc.creator.location" value="NEW YORK"/>
<dc element="dc.creator.location.country.name" value="USA"/>
<dc element="dc.source" value="Reuters"/>
</metadata>
</newsitem>
