<?xml version="1.0" encoding="iso-8859-1" ?>
<newsitem itemid="5402" id="root" date="1996-08-21" xml:lang="en">
<title>USA: TENNIS-BECKER, PIERCE, MCGRATH WITHDRAW FROM U.S. OPEN.</title>
<headline>TENNIS-BECKER, PIERCE, MCGRATH WITHDRAW FROM U.S. OPEN.</headline>
<dateline>NEW YORK 1996-08-21</dateline>
<text>
<p>Australian Open champion Boris Becker has withdrawn from the U.S. Open Tennis Championships, which begins on Monday, the U.S. Tennis Association announced on Wednesday.</p>
<p>The fifth-ranked German star, who won the U.S. Open in 1989, is still suffering from the wrist injury he sustained at Wimbledon.</p>
<p>The USTA also announced that Mary Pierce of France and American Meredith McGrath had pulled out of the year's final Grand Slam tournament.</p>
<p>Pierce, ranked 12th in the world, is sidelined with an injury to her right shoulder. The 20th-ranked McGrath, who made quite a splash at Wimbledon this year by reaching the semifinals, has a knee injury.</p>
<p>French Open champion Yevgeny Kafelnikov was included in Wednesday's U.S. Open draw, but the fourth-ranked Russian considers himself questionable after pulling out of the Hamlet Cup on Tuesday with a rib injury.</p>
</text>
<copyright>(c) Reuters Limited 1996</copyright>
<metadata>
<codes class="bip:countries:1.0">
  <code code="AUSTR">
    <editdetail attribution="Reuters BIP Coding Group" action="confirmed" date="1996-08-21"/>
  </code>
  <code code="GFR">
    <editdetail attribution="Reuters BIP Coding Group" action="confirmed" date="1996-08-21"/>
  </code>
  <code code="USA">
    <editdetail attribution="Reuters BIP Coding Group" action="confirmed" date="1996-08-21"/>
  </code>
</codes>
<codes class="bip:topics:1.0">
  <code code="GCAT">
    <editdetail attribution="Reuters BIP Coding Group" action="confirmed" date="1996-08-21"/>
  </code>
  <code code="GSPO">
    <editdetail attribution="Reuters BIP Coding Group" action="confirmed" date="1996-08-21"/>
  </code>
</codes>
<dc element="dc.date.created" value="1996-08-21"/>
<dc element="dc.publisher" value="Reuters Holdings Plc"/>
<dc element="dc.date.published" value="1996-08-21"/>
<dc element="dc.source" value="Reuters"/>
<dc element="dc.creator.location" value="NEW YORK"/>
<dc element="dc.creator.location.country.name" value="USA"/>
<dc element="dc.source" value="Reuters"/>
</metadata>
</newsitem>
