<?xml version="1.0" encoding="iso-8859-1" ?>
<newsitem itemid="5403" id="root" date="1996-08-21" xml:lang="en">
<title>USA: TENNIS-SAMPRAS, GRAF TOP SEEDS FOR U.S. OPEN.</title>
<headline>TENNIS-SAMPRAS, GRAF TOP SEEDS FOR U.S. OPEN.</headline>
<dateline>NEW YORK 1996-08-21</dateline>
<text>
<p>Seeded players for the U.S.</p>
<p>Open tennis championships beginning next Monday at Flushing</p>
<p>Meadows:</p>
<p>Men</p>
<p>1. Pete Sampras (U.S.)</p>
<p>2. Michael Chang (U.S.)</p>
<p>3. Thomas Muster (Austria)</p>
<p>4. Goran Ivanisevic (Croatia)</p>
<p>5. Richard Krajicek (Netherlands)</p>
<p>6. Andre Agassi (U.S.)</p>
<p>7. Yevgeny Kafelnikov (Russia)</p>
<p>8. Jim Courier (U.S.)</p>
<p>9. Wayne Ferreira (South Africa)</p>
<p>10. Marcelo Rios (Chile)</p>
<p>11. MaliVai Washington (U.S.)</p>
<p>12. Todd Martin (U.S.)</p>
<p>13. Thomas Enqvist (Sweden)</p>
<p>14. Alberto Costa (Spain)</p>
<p>15. Marc Rosset (Switzerland)</p>
<p>16. Cedric Pioline (France)</p>
<p>Women</p>
<p>1. Steffi Graf (Germany)</p>
<p>2. Monica Seles (U.S.)</p>
<p>3. Arantxa Sanchez Vicario (Spain)</p>
<p>4. Conchita Martinez (Spain)</p>
<p>5. Iva Majoli (Croatia)</p>
<p>6. Anke Huber (Germany)</p>
<p>7. Jana Novotna (Czech Republic)</p>
<p>8. Lindsay Davenport (U.S.)</p>
<p>9. Mary Joe Fernandez (U.S.)</p>
<p>10. Kimiko Date (Japan)</p>
<p>11. Chanda Rubin (U.S.)</p>
<p>12. Magdalena Maleeva (Bulgaria)</p>
<p>13. Brenda Schultz-McCarthy (Netherlands)</p>
<p>14. Barbara Paulus (Austria)</p>
<p>15. Gabriela Sabatini (Argentina)</p>
<p>16. Martina Hingis (Switzerland)</p>
</text>
<copyright>(c) Reuters Limited 1996</copyright>
<metadata>
<codes class="bip:countries:1.0">
  <code code="USA">
    <editdetail attribution="Reuters BIP Coding Group" action="confirmed" date="1996-08-21"/>
  </code>
</codes>
<codes class="bip:topics:1.0">
  <code code="GCAT">
    <editdetail attribution="Reuters BIP Coding Group" action="confirmed" date="1996-08-21"/>
  </code>
  <code code="GSPO">
    <editdetail attribution="Reuters BIP Coding Group" action="confirmed" date="1996-08-21"/>
  </code>
</codes>
<dc element="dc.date.created" value="1996-08-21"/>
<dc element="dc.publisher" value="Reuters Holdings Plc"/>
<dc element="dc.date.published" value="1996-08-21"/>
<dc element="dc.source" value="Reuters"/>
<dc element="dc.creator.location" value="NEW YORK"/>
<dc element="dc.creator.location.country.name" value="USA"/>
<dc element="dc.source" value="Reuters"/>
</metadata>
</newsitem>
