<?xml version="1.0" encoding="iso-8859-1" ?>
<newsitem itemid="5406" id="root" date="1996-08-21" xml:lang="en">
<title>USA: BASEBALL-MAJOR LEAGUE STANDINGS AFTER TUESDAY'S GAMES.</title>
<headline>BASEBALL-MAJOR LEAGUE STANDINGS AFTER TUESDAY'S GAMES.</headline>
<dateline>NEW YORK 1996-08-21</dateline>
<text>
<p>Major League Baseball</p>
<p>standings after games played on Tuesday (tabulate under won,</p>
<p>lost, winning percentage and games behind):</p>
<p>			AMERICAN LEAGUE</p>
<p>			EASTERN DIVISION</p>
<p>			 W    L   PCT  GB</p>
<p> NEW YORK	   72   52  .581   -</p>
<p> BALTIMORE	  66   58  .532   6</p>
<p> BOSTON	     62   64  .492  11</p>
<p> TORONTO	    57   69  .452  16</p>
<p> DETROIT	    43   82  .344  29 1/2</p>
<p>			CENTRAL DIVISION</p>
<p> CLEVELAND	  76   50  .603   -</p>
<p> CHICAGO	    69   58  .543   7 1/2</p>
<p> MINNESOTA	  63   62  .504  12 1/2</p>
<p> MILWAUKEE	  59   68  .465  17 1/2</p>
<p> KANSAS CITY	58   69  .457  18 1/2</p>
<p>			WESTERN DIVISION</p>
<p> TEXAS		72   54  .571   -</p>
<p> SEATTLE	    64   60  .516   7</p>
<p> OAKLAND	    62   66  .484  11</p>
<p> CALIFORNIA	 57   68  .456  14 1/2</p>
<p>WEDNESDAY, AUGUST 21 SCHEDULE</p>
<p>CALIFORNIA AT NEW YORK	  </p>
<p>CHICAGO AT DETROIT		</p>
<p>MILWAUKEE AT MINNESOTA	  </p>
<p>OAKLAND AT BOSTON		 </p>
<p>SEATTLE AT BALTIMORE	    </p>
<p>TEXAS AT CLEVELAND		</p>
<p>TORONTO AT KANSAS CITY	  </p>
<p>			NATIONAL LEAGUE</p>
<p>			EASTERN DIVISION</p>
<p>			 W    L   PCT  GB</p>
<p> ATLANTA	    78   46  .629   -</p>
<p> MONTREAL	   67   57  .540  11</p>
<p> NEW YORK	   59   68  .465  20 1/2</p>
<p> FLORIDA	    58   68  .460  21</p>
<p> PHILADELPHIA     51   75  .405  28</p>
<p>			CENTRAL DIVISION</p>
<p> HOUSTON	    68   58  .540   -</p>
<p> ST LOUIS	   67   58  .536   - 1/2</p>
<p> CINCINNATI	 62   61  .504   4 1/2</p>
<p> CHICAGO	    62   62  .500   5</p>
<p> PITTSBURGH	 52   73  .416  15 1/2</p>
<p>			WESTERN DIVISION</p>
<p> SAN DIEGO	  69   59  .539   -</p>
<p> LOS ANGELES	66   59  .528   1 1/2</p>
<p> COLORADO	   64   62  .508   4</p>
<p> SAN FRANCISCO    53   70  .431  13 1/2</p>
<p>WEDNESDAY, AUGUST 21 SCHEDULE</p>
<p>FLORIDA AT CHICAGO		</p>
<p>NEW YORK AT SAN FRANCISCO     </p>
<p>CINCINNATI AT ATLANTA	   </p>
<p>PITTSBURGH AT HOUSTON	   </p>
<p>ST LOUIS AT COLORADO	    </p>
<p>PHILADELPHIA AT LOS ANGELES   </p>
<p>MONTREAL AT SAN DIEGO</p>
</text>
<copyright>(c) Reuters Limited 1996</copyright>
<metadata>
<codes class="bip:countries:1.0">
  <code code="USA">
    <editdetail attribution="Reuters BIP Coding Group" action="confirmed" date="1996-08-21"/>
  </code>
</codes>
<codes class="bip:topics:1.0">
  <code code="GCAT">
    <editdetail attribution="Reuters BIP Coding Group" action="confirmed" date="1996-08-21"/>
  </code>
  <code code="GSPO">
    <editdetail attribution="Reuters BIP Coding Group" action="confirmed" date="1996-08-21"/>
  </code>
</codes>
<dc element="dc.date.created" value="1996-08-21"/>
<dc element="dc.publisher" value="Reuters Holdings Plc"/>
<dc element="dc.date.published" value="1996-08-21"/>
<dc element="dc.source" value="Reuters"/>
<dc element="dc.creator.location" value="NEW YORK"/>
<dc element="dc.creator.location.country.name" value="USA"/>
<dc element="dc.source" value="Reuters"/>
</metadata>
</newsitem>
