<?xml version="1.0" encoding="iso-8859-1" ?>
<newsitem itemid="5408" id="root" date="1996-08-21" xml:lang="en">
<title>NETHERLANDS: SOCCER-DUTCH FIRST DIVISION SUMMARIES.</title>
<headline>SOCCER-DUTCH FIRST DIVISION SUMMARIES.</headline>
<dateline>AMSTERDAM 1996-08-21</dateline>
<text>
<p>Summary of Dutch first division</p>
<p>soccer played on Wednesday:</p>
<p>Volendam 1 (Leeflang 48th) Graafschap Doetinchem 1 (Taiwo</p>
<p>66th). Halftime 0-0. Attendance 4,000.</p>
<p>Groningen 0 Willem II Tilburg 0. Attendance 9,500.</p>
<p>AZ Alkmaar 0 Vitesse Arnhem 2 (Van den Brom 39th, Laros 62nd)</p>
<p>Halftime 0-1. Attendance 7,169.</p>
<p>Utrecht 2 (Van Loen 18th, De Jong 45th) RKC Waalwijk 2 (Dos</p>
<p>Santos 41st, Van Arum 59th penalty). Halftime 2-1. Attendance</p>
<p>6,900.</p>
<p>Sparta Rotterdam 0 Fortuna Sittard 0. Attendance 5,000</p>
<p>Heerenveen (Nygaard) 1 Twente Enschede 3 (Ten Cate 8th, Oude</p>
<p>Kamphuis 66th, Bosman 86th). Halftime 0-1. Attendance 12,500.</p>
<p>Ajax Amsterdam 1 (Musampa 82nd) NAC Breda 0. Halftime 0-0.</p>
<p>Attendance 48,000</p>
<p>Played on Tuesday:</p>
<p>Roda JC Kerkrade 1 (Roelofsen 88th penalty) Feyenoord Rotterdam</p>
<p>1 (Van Wonderen 82nd). Halftime 0-0. Attendance 10,000</p>
</text>
<copyright>(c) Reuters Limited 1996</copyright>
<metadata>
<codes class="bip:countries:1.0">
  <code code="NETH">
    <editdetail attribution="Reuters BIP Coding Group" action="confirmed" date="1996-08-21"/>
  </code>
</codes>
<codes class="bip:topics:1.0">
  <code code="GCAT">
    <editdetail attribution="Reuters BIP Coding Group" action="confirmed" date="1996-08-21"/>
  </code>
  <code code="GSPO">
    <editdetail attribution="Reuters BIP Coding Group" action="confirmed" date="1996-08-21"/>
  </code>
</codes>
<dc element="dc.date.created" value="1996-08-21"/>
<dc element="dc.publisher" value="Reuters Holdings Plc"/>
<dc element="dc.date.published" value="1996-08-21"/>
<dc element="dc.source" value="Reuters"/>
<dc element="dc.creator.location" value="AMSTERDAM"/>
<dc element="dc.creator.location.country.name" value="NETHERLANDS"/>
<dc element="dc.source" value="Reuters"/>
</metadata>
</newsitem>
