<?xml version="1.0" encoding="iso-8859-1" ?>
<newsitem itemid="5412" id="root" date="1996-08-21" xml:lang="en">
<title>ITALY: SOCCER-MILAN BEAT JUVENTUS 1-0 IN FRIENDLY.</title>
<headline>SOCCER-MILAN BEAT JUVENTUS 1-0 IN FRIENDLY.</headline>
<dateline>MILAN 1996-08-21</dateline>
<text>
<p>Italian champions AC Milan beat European Cup holders Juventus 1-0 in a soccer friendly played on Wednesday (halftime 0-0).</p>
<p>Scorer: Stefano Eranio (84th minute)</p>
<p>Attendance: 68,000</p>
</text>
<copyright>(c) Reuters Limited 1996</copyright>
<metadata>
<codes class="bip:countries:1.0">
  <code code="ITALY">
    <editdetail attribution="Reuters BIP Coding Group" action="confirmed" date="1996-08-21"/>
  </code>
</codes>
<codes class="bip:topics:1.0">
  <code code="GCAT">
    <editdetail attribution="Reuters BIP Coding Group" action="confirmed" date="1996-08-21"/>
  </code>
  <code code="GSPO">
    <editdetail attribution="Reuters BIP Coding Group" action="confirmed" date="1996-08-21"/>
  </code>
</codes>
<dc element="dc.date.created" value="1996-08-21"/>
<dc element="dc.publisher" value="Reuters Holdings Plc"/>
<dc element="dc.date.published" value="1996-08-21"/>
<dc element="dc.source" value="Reuters"/>
<dc element="dc.creator.location" value="MILAN"/>
<dc element="dc.creator.location.country.name" value="ITALY"/>
<dc element="dc.source" value="Reuters"/>
</metadata>
</newsitem>
