<?xml version="1.0" encoding="iso-8859-1" ?>
<newsitem itemid="5416" id="root" date="1996-08-21" xml:lang="en">
<title>GERMANY: SOCCER-SUMMARIES OF GERMAN FIRST DIVISION MATCHES.</title>
<headline>SOCCER-SUMMARIES OF GERMAN FIRST DIVISION MATCHES.</headline>
<dateline>BONN 1996-08-21</dateline>
<text>
<p>Summaries of German first division matches played on Wednesday:</p>
<p>Borussia Dortmund 4 (Zorc 35th minute, Chapuisat 41st, Riedle 70th, 87th) Fortuna Duesseldorf 0. Halftime 2-0. Attendance 48,000</p>
<p>Bayern Munich 1 (Rizzitelli 52nd) Bochum 1 (Peschel 73rd). 0-0. 60,000</p>
<p>Duisburg 1 (Marin 54th penalty) Bayer Leverkusen 3 (Kirsten 65th, 71st, 82nd). 0-0. 20,000</p>
<p>Cologne 1 (Vladoiu 5th) 1860 Munich 0. 1-0. 28,000</p>
</text>
<copyright>(c) Reuters Limited 1996</copyright>
<metadata>
<codes class="bip:countries:1.0">
  <code code="GFR">
    <editdetail attribution="Reuters BIP Coding Group" action="confirmed" date="1996-08-21"/>
  </code>
</codes>
<codes class="bip:topics:1.0">
  <code code="GCAT">
    <editdetail attribution="Reuters BIP Coding Group" action="confirmed" date="1996-08-21"/>
  </code>
  <code code="GSPO">
    <editdetail attribution="Reuters BIP Coding Group" action="confirmed" date="1996-08-21"/>
  </code>
</codes>
<dc element="dc.date.created" value="1996-08-21"/>
<dc element="dc.publisher" value="Reuters Holdings Plc"/>
<dc element="dc.date.published" value="1996-08-21"/>
<dc element="dc.source" value="Reuters"/>
<dc element="dc.creator.location" value="BONN"/>
<dc element="dc.creator.location.country.name" value="GERMANY"/>
<dc element="dc.source" value="Reuters"/>
</metadata>
</newsitem>
