<?xml version="1.0" encoding="iso-8859-1" ?>
<newsitem itemid="5417" id="root" date="1996-08-21" xml:lang="en">
<title>GERMANY: SOCCER-RESULTS OF GERMAN FIRST DIVISION MATCHES.</title>
<headline>SOCCER-RESULTS OF GERMAN FIRST DIVISION MATCHES.</headline>
<dateline>BONN 1996-08-21</dateline>
<text>
<p>Results of German first division</p>
<p>soccer matches played on Wednesday:</p>
<p> Borussia Dortmund 4   Fortuna Duesseldorf 0</p>
<p> Bayern Munich     1   Bochum 1</p>
<p> Duisburg	    1   Bayer Leverkusen 3</p>
<p>Add result:</p>
<p> Cologne  1    1860 Munich   0</p>
</text>
<copyright>(c) Reuters Limited 1996</copyright>
<metadata>
<codes class="bip:countries:1.0">
  <code code="GFR">
    <editdetail attribution="Reuters BIP Coding Group" action="confirmed" date="1996-08-21"/>
  </code>
</codes>
<codes class="bip:topics:1.0">
  <code code="GCAT">
    <editdetail attribution="Reuters BIP Coding Group" action="confirmed" date="1996-08-21"/>
  </code>
  <code code="GSPO">
    <editdetail attribution="Reuters BIP Coding Group" action="confirmed" date="1996-08-21"/>
  </code>
</codes>
<dc element="dc.date.created" value="1996-08-21"/>
<dc element="dc.publisher" value="Reuters Holdings Plc"/>
<dc element="dc.date.published" value="1996-08-21"/>
<dc element="dc.source" value="Reuters"/>
<dc element="dc.creator.location" value="BONN"/>
<dc element="dc.creator.location.country.name" value="GERMANY"/>
<dc element="dc.source" value="Reuters"/>
</metadata>
</newsitem>
