<?xml version="1.0" encoding="iso-8859-1" ?>
<newsitem itemid="5419" id="root" date="1996-08-21" xml:lang="en">
<title>SPAIN: CYCLING-RELUCTANT INDURAIN TO TAKE PART IN TOUR OF SPAIN.</title>
<headline>CYCLING-RELUCTANT INDURAIN TO TAKE PART IN TOUR OF SPAIN.</headline>
<dateline>MADRID 1996-08-21</dateline>
<text>
<p>Olympic gold medallist Miguel Indurain said on Wednesday he would reluctantly take part in the Tour of Spain with his team Banesto next month for the first time in five years.</p>
<p>&quot;It was the team's decision and one has to accept it,&quot; Indurain, five-times winner of the Tour de France, told state television at the end of the third stage of the Tour of Burgos.</p>
<p>&quot;I didn't particularly want to do it but the team decides,&quot; Indurain said. &quot;Physically I am well but mentally I'm not. I was planning to take a vacation.&quot;</p>
<p>Indurain, who won the individual time-trial gold in Atlanta, has never won the Tour of Spain. In 1991, he came second behind Melchor Mauri.</p>
<p>The three-week Tour of Spain starts in Valencia on September 7.</p>
</text>
<copyright>(c) Reuters Limited 1996</copyright>
<metadata>
<codes class="bip:countries:1.0">
  <code code="SPAIN">
    <editdetail attribution="Reuters BIP Coding Group" action="confirmed" date="1996-08-21"/>
  </code>
</codes>
<codes class="bip:topics:1.0">
  <code code="GCAT">
    <editdetail attribution="Reuters BIP Coding Group" action="confirmed" date="1996-08-21"/>
  </code>
  <code code="GSPO">
    <editdetail attribution="Reuters BIP Coding Group" action="confirmed" date="1996-08-21"/>
  </code>
</codes>
<dc element="dc.date.created" value="1996-08-21"/>
<dc element="dc.publisher" value="Reuters Holdings Plc"/>
<dc element="dc.date.published" value="1996-08-21"/>
<dc element="dc.source" value="Reuters"/>
<dc element="dc.creator.location" value="MADRID"/>
<dc element="dc.creator.location.country.name" value="SPAIN"/>
<dc element="dc.source" value="Reuters"/>
</metadata>
</newsitem>
