<?xml version="1.0" encoding="iso-8859-1" ?>
<newsitem itemid="5420" id="root" date="1996-08-21" xml:lang="en">
<title>SWITZERLAND: SOCCER-BROLIN MOVES TO ZURICH ON LOAN.</title>
<headline>SOCCER-BROLIN MOVES TO ZURICH ON LOAN.</headline>
<dateline>ZURICH 1996-08-21</dateline>
<text>
<p>Zurich FC gave themselves a 100th anniversary gift on Wednesday when they acquired Swedish striker Thomas Brolin on loan from English premier league club Leeds United for the rest of the season.</p>
<p>The move ends a frustrating period in England for Brolin, who commanded a club record transfer fee of $6.8 million when Leeds obtained him from Italian Serie A side Parma last November but ended up on the substitutes' bench.</p>
<p>Brolin is scheduled to arrive in Zurich on Thursday and make his Swiss league debut in Berne on September 4 against Young Boys.</p>
<p>No details on the transfer were released but club president Sven Hotz said: &quot;We were only able to acquire the Swede thanks to an exceptional offer from abroad.&quot;</p>
<p>Zurich, currently fifth in the Swiss premier division with nine goals in as many games, will be hoping that the 26-year-old striker, who has 26 goals in 46 internationals, can ignite their attack.</p>
<p>Once considered one of the most spectacular players in Europe, Brolin led Sweden to third place at the 1994 World Cup in the United States and Parma to the European Cup Winners' Cup in 1993.</p>
<p>But, plagued by injuries and a lack of fitness, Brolin never displayed the form that was expected of him with Leeds and had to settle eventually for the role of substitute.</p>
<p>He missed the final two games of last season when he returned to Sweden to have an operation on his ankle.</p>
</text>
<copyright>(c) Reuters Limited 1996</copyright>
<metadata>
<codes class="bip:countries:1.0">
  <code code="SWED">
    <editdetail attribution="Reuters BIP Coding Group" action="confirmed" date="1996-08-21"/>
  </code>
  <code code="SWITZ">
    <editdetail attribution="Reuters BIP Coding Group" action="confirmed" date="1996-08-21"/>
  </code>
  <code code="UK">
    <editdetail attribution="Reuters BIP Coding Group" action="confirmed" date="1996-08-21"/>
  </code>
</codes>
<codes class="bip:topics:1.0">
  <code code="GCAT">
    <editdetail attribution="Reuters BIP Coding Group" action="confirmed" date="1996-08-21"/>
  </code>
  <code code="GSPO">
    <editdetail attribution="Reuters BIP Coding Group" action="confirmed" date="1996-08-21"/>
  </code>
</codes>
<dc element="dc.date.created" value="1996-08-21"/>
<dc element="dc.publisher" value="Reuters Holdings Plc"/>
<dc element="dc.date.published" value="1996-08-21"/>
<dc element="dc.source" value="Reuters"/>
<dc element="dc.creator.location" value="ZURICH"/>
<dc element="dc.creator.location.country.name" value="SWITZERLAND"/>
<dc element="dc.source" value="Reuters"/>
</metadata>
</newsitem>
