<?xml version="1.0" encoding="iso-8859-1" ?>
<newsitem itemid="5424" id="root" date="1996-08-21" xml:lang="en">
<title>SOUTH AFRICA: INDICATORS - SOUTH AFRICA - AUGUST 21.</title>
<headline>INDICATORS - SOUTH AFRICA - AUGUST 21.</headline>
<text>
<p>----INTEREST RATES----</p>
<p>(Closing rates)		  DATE     LATEST  PREV    4 WKS AGO</p>
<p>3 MONTH BA RATE		  20/08    16.05   16.05   15.25</p>
<p>RSA 12 PCT 2005		  20/08    15.67   15.58   15.16</p>
<p>ESKOM 11 PCT 2007/9	    20/08    15.75   15.72   15.27</p>
<p>3-MONTH T-BILL TENDER RATE   16/08    16.19%  15.99   15.03</p>
<p>6-MONTH T-BILL TENDER RATE   16/08    16.06%  15.70   14.42</p>
<p>PRIME RATE			 25/06/96 19.50%  17/05/95 20.50</p>
<p>BANK RATE			  26/04/96 16.00%  30/06/95 15.00</p>
<p>TERM LENDING BASE RATE	 01/08/96 19.00%  01/07/95 19.00</p>
<p>			   ------FORECASTS------</p>
<p>			   -Economic indicators-</p>
<p>DAY-----GMT--INDICATOR-----PERIOD--FORECAST--RANGE------PREVIOUS</p>
<p>WED     0900 CPI Y/Y	 JULY    7.1 PCT   6.7/7.4    6.9</p>
<p>WED     0900 CPI M/M	 JULY    0.8 PCT   0.4/1.1    0.9</p>
<p>THURS+  N/A  TRADE BALANCE JULY   +0.6 BLN   0.4/0.8   -0.03 BLN</p>
<p>- S.African company results consensus -</p>
<p>DAY--COMPANY------------PERIOD--CONSENSUS----RANGE---------PVS--</p>
<p>WED  Liberty Life H1 EPS  252.7	240.0-268.0   175.9</p>
<p>     Liberty Life H1 DIV  145.7	145.0-148.0   116.0</p>
<p>			  -----MONTHLY DATA-----</p>
<p>			   MONTH     LATEST	  PREV    YEAR AGO</p>
<p>CONSUMER PRICES	  JUN	 6.9%	    5.9	10.0</p>
<p>PRODUCER PRICES	  JUN	 6.1%	    5.8	10.5</p>
<p>MONEY SUPPLY M3	  MAY	13.56%	  14.36     15.86</p>
<p>PRELIMINARY M3	   JUN	15.65%	  13.52     16.92</p>
<p>PRIVATE SECTOR CREDIT  JUN	18.60%	  18.63     19.49</p>
<p>GOLD OUTPUT (KG)	 JULY     39,979	  41,800    44,481</p>
<p>NEW CAR SALES	    JUL	21,553	  19,360    18,880</p>
<p>TRADE BALANCE	    JUN	-0.03 BLN     -0.83	0.55</p>
<p>EXPORTS		    JUN	 8.84 BLN	8.89	9.18</p>
<p>IMPORTS		    JUN	 8.87 BLN	9.72	8.63</p>
<p>TTL GOLD/FORGN ASSETS  JUL   10370.28 MLN  11253.62MLN  12.12BLN</p>
<p>GOLD HOLDINGS	    JUL    6531.27 MLN   6627.05MLN 5875.5MLN</p>
<p>NET RESERVES CHANGE    MAY	  235 MLN  -4252	 5766</p>
<p>INDICES (1990 = 100):</p>
<p>BUSINESS CONFIDENCE    JUL     116.6	   118.8     107.4</p>
<p>MANUFACTURING SALES    APR     105.3	    98.0	97.7</p>
<p>WHOLESALE TRADE SALES  MAR     106.8	   115.3     109.3</p>
<p>RETAIL TRADE SALES     APR     103.8	   100.5     104.9</p>
<p>LEADING INDICATOR	MAR     108.3	   109.5     108.2</p>
<p>			     ----QUARTERLY DATA----</p>
<p>			    DATE	  LATEST	  PREV    YEAR AGO</p>
<p>GDP			 1996/Q1     +3.3%	    +2.7    +1.4</p>
<p>CURRENT ACCT BALANCE  1996/Q1     -2.3 BLN RAND  -3.0    -7.8</p>
<p>CAPITAL MOVEMENTS     1996/Q1     +0.1 BLN RAND  +7.42   +5.5</p>
<p>CHANGE IN INVENTORIES (1990 PRICES)</p>
<p>			    1995	  +7.71 BLN RAND  --     +4.73</p>
<p>			  ----CROP ESTIMATES----</p>
<p>(MLN TONNES)</p>
<p>			    1996     1995     1994     1993</p>
<p>SUGAR		     2.4	1.67     1.67     1.2</p>
<p>WHEAT		     N/A	2.28     1.83     1.77</p>
<p>MAIZE		     9.66     4.41     11.94    8.9</p>
<p>			  ------ANNUAL DATA----</p>
<p>				 1995	   1994     1993    1992</p>
<p>GDP			    +3.3%	   +2.7    +1.3    -2.2</p>
<p>CURRENT ACCOUNT BALANCE -12.7 BLN RAND -2.23   +5.83   +3.94</p>
<p>CAPITAL MOVEMENTS	 +21.7 BLN RAND +5.35  -15.02   -3.67</p>
<p>GDFI			  +10.4%	   +8.7%  -2.8     -5.3</p>
<p>+++++++++++++++++++++++++++++++++++++++++++++++++++++++++</p>
</text>
<copyright>(c) Reuters Limited 1996</copyright>
<metadata>
<codes class="bip:countries:1.0">
  <code code="SAFR">
    <editdetail attribution="Reuters BIP Coding Group" action="confirmed" date="1996-08-21"/>
  </code>
</codes>
<codes class="bip:topics:1.0">
  <code code="E71">
    <editdetail attribution="Reuters BIP Coding Group" action="confirmed" date="1996-08-21"/>
  </code>
  <code code="ECAT">
    <editdetail attribution="Reuters BIP Coding Group" action="confirmed" date="1996-08-21"/>
  </code>
</codes>
<dc element="dc.publisher" value="Reuters Holdings Plc"/>
<dc element="dc.date.published" value="1996-08-21"/>
<dc element="dc.source" value="Reuters"/>
<dc element="dc.creator.location.country.name" value="SOUTH AFRICA"/>
<dc element="dc.source" value="Reuters"/>
</metadata>
</newsitem>
