<?xml version="1.0" encoding="iso-8859-1" ?>
<newsitem itemid="5427" id="root" date="1996-08-21" xml:lang="en">
<title>SOUTH AFRICA: MANDELA NAMES S.AFRICAN ARTS, TECHNOLOGY MINISTER.</title>
<headline>MANDELA NAMES S.AFRICAN ARTS, TECHNOLOGY MINISTER.</headline>
<dateline>CAPE TOWN 1996-08-21</dateline>
<text>
<p>President Nelson Mandela on Wednesday named Inkatha Freedom Party veteran Lionel Mtshali to replace Ben Ngubane as Minister of Arts, Culture, Science and Technology from September 1.</p>
<p>Chief Mangosuthu Buthelezi, leader of the conservative Zulu-based Inkatha, announced recently that Ngubane would be transferred to the provincial government of KwaZulu-Natal.</p>
<p>Analysts said at the time that Buthelezi wanted Ngubane, who has won the admiration of the dominant African National Congress (ANC), to bolster his party's strength in the province, the only one of nine that it rules.</p>
<p>Under the rules of an interim constitution guiding South Africa from white rule to full democracy by 1999, Inkatha is entitled to three of the 27 seats in Mandela's transitional government of national unity.</p>
<p>Former president F.W. de Klerk's white-led National Party (NP) was entitled to a deputy president and six cabinet portfolios, but decided earlier this year to withdraw from the coalition at the end of June.</p>
</text>
<copyright>(c) Reuters Limited 1996</copyright>
<metadata>
<codes class="bip:countries:1.0">
  <code code="SAFR">
    <editdetail attribution="Reuters BIP Coding Group" action="confirmed" date="1996-08-21"/>
  </code>
</codes>
<codes class="bip:topics:1.0">
  <code code="GCAT">
    <editdetail attribution="Reuters BIP Coding Group" action="confirmed" date="1996-08-21"/>
  </code>
  <code code="GENT">
    <editdetail attribution="Reuters BIP Coding Group" action="confirmed" date="1996-08-21"/>
  </code>
  <code code="GPOL">
    <editdetail attribution="Reuters BIP Coding Group" action="confirmed" date="1996-08-21"/>
  </code>
  <code code="GSCI">
    <editdetail attribution="Reuters BIP Coding Group" action="confirmed" date="1996-08-21"/>
  </code>
</codes>
<dc element="dc.date.created" value="1996-08-21"/>
<dc element="dc.publisher" value="Reuters Holdings Plc"/>
<dc element="dc.date.published" value="1996-08-21"/>
<dc element="dc.source" value="Reuters"/>
<dc element="dc.creator.location" value="CAPE TOWN"/>
<dc element="dc.creator.location.country.name" value="SOUTH AFRICA"/>
<dc element="dc.source" value="Reuters"/>
</metadata>
</newsitem>
