<?xml version="1.0" encoding="iso-8859-1" ?>
<newsitem itemid="5428" id="root" date="1996-08-21" xml:lang="en">
<title>ZIMBABWE: ZIMBABWE DOLLAR WEAKENS FURTHER AGAINST KEY UNITS.</title>
<headline>ZIMBABWE DOLLAR WEAKENS FURTHER AGAINST KEY UNITS.</headline>
<dateline>HARARE 1996-08-21</dateline>
<text>
<p>The Zimbabwe dollar closed on Wednesday weaker against major units, pressured by strong demand for foreign currency with scarce export resources to support it, dealers said.</p>
<p>&quot;The (Zimbabwean) dollar continued to slide due to import pressure and there was no sign of the (central) Reserve Bank. I believe the authorities that be are happy to see it go down,&quot; one dealer said.</p>
<p>The local unit finished Wednesday's session at 10.0450/0650 on the U.S. dollar, down from its overnight 10.0300/0500 and was at 15.5620/6020 from 15.4950/5370 versus sterling, partly in response to the British currency's strength against the U.S. dollar abroad.</p>
<p>It also closed weaker at 6.7740/7890 against the mark compared to Tuesday's 6.7260/7410 and was at 2.2000/2070 from 2.1940/2010 against the rand.</p>
<p>-- Stella Mapenzauswa, Harare Newsroom: +263-4 72 52 28/9</p>
</text>
<copyright>(c) Reuters Limited 1996</copyright>
<metadata>
<codes class="bip:countries:1.0">
  <code code="ZIMBAB">
    <editdetail attribution="Reuters BIP Coding Group" action="confirmed" date="1996-08-21"/>
  </code>
</codes>
<codes class="bip:topics:1.0">
  <code code="M13">
    <editdetail attribution="Reuters BIP Coding Group" action="confirmed" date="1996-08-21"/>
  </code>
  <code code="M132">
    <editdetail attribution="Reuters BIP Coding Group" action="confirmed" date="1996-08-21"/>
  </code>
  <code code="MCAT">
    <editdetail attribution="Reuters BIP Coding Group" action="confirmed" date="1996-08-21"/>
  </code>
</codes>
<dc element="dc.date.created" value="1996-08-21"/>
<dc element="dc.publisher" value="Reuters Holdings Plc"/>
<dc element="dc.date.published" value="1996-08-21"/>
<dc element="dc.source" value="Reuters"/>
<dc element="dc.creator.location" value="HARARE"/>
<dc element="dc.creator.location.country.name" value="ZIMBABWE"/>
<dc element="dc.source" value="Reuters"/>
</metadata>
</newsitem>
