<?xml version="1.0" encoding="iso-8859-1" ?>
<newsitem itemid="5432" id="root" date="1996-08-21" xml:lang="en">
<title>ZIMBABWE: ZIMBABWE MONEY RATES STABLE IN WEDNESDAY TRADE.</title>
<headline>ZIMBABWE MONEY RATES STABLE IN WEDNESDAY TRADE.</headline>
<dateline>HARARE 1996-08-21</dateline>
<text>
<p>Short-term trading rates on Zimbabwe's money market were quoted stable in quiet trade on Wednesday morning, dealers said.</p>
<p>&quot;The market is fairly liquid, so there isn't much activity at the moment,&quot; one dealer said.</p>
<p>Treasury bills were being purchased from the central bank at 23.73 percent and re-sold on the market at 23.5 percent.</p>
<p>NCD bills maturing after 30, 60 and 90 days were being bought at rates ranging from 24.75 to 25 percent and sold between 24 and 24.5 percent, while bankers acceptance bills were quoted at 24 percent and 23.5 percent.</p>
<p>Call money fluctuated between 23 and 23.5 percent in a market which opened in surplus of Z$109 million, down from Tuesday's Z$760 million.</p>
<p>-- Stella Mapenzauswa, Harare Newsroom: +263-4 72 52 28/9</p>
</text>
<copyright>(c) Reuters Limited 1996</copyright>
<metadata>
<codes class="bip:countries:1.0">
  <code code="ZIMBAB">
    <editdetail attribution="Reuters BIP Coding Group" action="confirmed" date="1996-08-21"/>
  </code>
</codes>
<codes class="bip:topics:1.0">
  <code code="M13">
    <editdetail attribution="Reuters BIP Coding Group" action="confirmed" date="1996-08-21"/>
  </code>
  <code code="M131">
    <editdetail attribution="Reuters BIP Coding Group" action="confirmed" date="1996-08-21"/>
  </code>
  <code code="MCAT">
    <editdetail attribution="Reuters BIP Coding Group" action="confirmed" date="1996-08-21"/>
  </code>
</codes>
<dc element="dc.date.created" value="1996-08-21"/>
<dc element="dc.publisher" value="Reuters Holdings Plc"/>
<dc element="dc.date.published" value="1996-08-21"/>
<dc element="dc.source" value="Reuters"/>
<dc element="dc.creator.location" value="HARARE"/>
<dc element="dc.creator.location.country.name" value="ZIMBABWE"/>
<dc element="dc.source" value="Reuters"/>
</metadata>
</newsitem>
