<?xml version="1.0" encoding="iso-8859-1" ?>
<newsitem itemid="5433" id="root" date="1996-08-21" xml:lang="en">
<title>SOUTH AFRICA: S.AFRICAN JULY CONSUMER PRICE INDEX UP 7.1 PCT Y/Y.</title>
<headline>S.AFRICAN JULY CONSUMER PRICE INDEX UP 7.1 PCT Y/Y.</headline>
<dateline>PRETORIA 1996-08-21</dateline>
<text>
<p>South Africa's all-items consumer price index rose 0.8 percent in July from June after rising 0.9 percent in June, the Central Statistical Service said.</p>
<p>The year-on-year rise was 7.1 percent versus June's 6.9 percent.</p>
<p>The consensus forecast of economists polled by Reuters was for a year-on-year increase of 7.1 percent and a month-on-month rise of 0.8 percent.  </p>
<p>Pct changes:</p>
<p>			 Year/year			     Month/month</p>
<p>			 Jul '96    Jun '96  Jul '95  -  latest  prev</p>
<p>All items	     7.1	 6.9	9.0	   0.8     0.9</p>
<p>Lower income gp     6.9	 6.4	8.6	   0.9     0.7</p>
<p>Middle income gp    7.5	 7.1	8.9	   0.9     0.9</p>
<p>Higher income gp    6.9	 6.9	9.0	   0.7     1.0</p>
<p>Food only	     4.8	 2.5	8.1	   1.5    -0.3</p>
<p>Indices:</p>
<p>			 Jul '96   Jun '96   Jul '95</p>
<p>All items	    183.8     182.3     171.6  </p>
<p>Lower income gp    181.8     180.2     170.0 </p>
<p>Middle income gp   186.9     185.2     173.8</p>
<p>Higher income gp   183.5     182.2     171.6</p>
<p>Food only	    206.8     203.7     197.3</p>
<p>(Index base 1990 = 100)</p>
<p>-- Johannesburg newsroom +27 11 482 1003</p>
</text>
<copyright>(c) Reuters Limited 1996</copyright>
<metadata>
<codes class="bip:countries:1.0">
  <code code="SAFR">
    <editdetail attribution="Reuters BIP Coding Group" action="confirmed" date="1996-08-21"/>
  </code>
</codes>
<codes class="bip:topics:1.0">
  <code code="E13">
    <editdetail attribution="Reuters BIP Coding Group" action="confirmed" date="1996-08-21"/>
  </code>
  <code code="E131">
    <editdetail attribution="Reuters BIP Coding Group" action="confirmed" date="1996-08-21"/>
  </code>
  <code code="ECAT">
    <editdetail attribution="Reuters BIP Coding Group" action="confirmed" date="1996-08-21"/>
  </code>
</codes>
<dc element="dc.date.created" value="1996-08-21"/>
<dc element="dc.publisher" value="Reuters Holdings Plc"/>
<dc element="dc.date.published" value="1996-08-21"/>
<dc element="dc.source" value="Reuters"/>
<dc element="dc.creator.location" value="PRETORIA"/>
<dc element="dc.creator.location.country.name" value="SOUTH AFRICA"/>
<dc element="dc.source" value="Reuters"/>
</metadata>
</newsitem>
