<?xml version="1.0" encoding="iso-8859-1" ?>
<newsitem itemid="5434" id="root" date="1996-08-21" xml:lang="en">
<title>ZIMBABWE: ZIMBABWE CIVIL SERVANTS DEFY ORDER TO END STRIKE.</title>
<headline>ZIMBABWE CIVIL SERVANTS DEFY ORDER TO END STRIKE.</headline>
<dateline>HARARE 1996-08-21</dateline>
<text>
<p>Zimbabwean civil servants defied on Wednesday a government order to end a countrywide strike over pay which has partially paralysed some critical social services.</p>
<p>Officials from the Public Service Association (PSA) union said &quot;many&quot; of Zimbabwe's 180,000 civil servants would continue the strike that began on Tuesday and left only senior officials at work.</p>
<p>&quot;We have not changed our stance. Our position is still that we will only return to work once there is some commitment that the PSC (Public Services Commission) and Ministry of Public Service, Labour and Social Services will address our grievances,&quot; said John Makoni, executive secretary of the PSA.</p>
<p>The PSA is demanding wage rises of around 30 percent and says increases of between three to eight percent recently awarded by the government were unacceptable.</p>
<p>Local media reports said thousands of government employees were milling around their work places in the southern African country despite calls on Tuesday by Public Service, Labour and Social Welfare Minister Florence Chitauro to go back.</p>
<p>Chitauro said the strike was illegal and those who did not return to work would be dismissed.</p>
<p>State hospitals were handling only critical cases and offering rudimentary services in general wards, using senior nurses, army medical personnel and the Red Cross nurses, with thousands of of their own nurses out on strike.</p>
<p>---Cris Chinaka, Harare Newsroom: +263-4 72 52 27/8/9</p>
</text>
<copyright>(c) Reuters Limited 1996</copyright>
<metadata>
<codes class="bip:countries:1.0">
  <code code="ZIMBAB">
    <editdetail attribution="Reuters BIP Coding Group" action="confirmed" date="1996-08-21"/>
  </code>
</codes>
<codes class="bip:topics:1.0">
  <code code="C42">
    <editdetail attribution="Reuters BIP Coding Group" action="confirmed" date="1996-08-21"/>
  </code>
  <code code="CCAT">
    <editdetail attribution="Reuters BIP Coding Group" action="confirmed" date="1996-08-21"/>
  </code>
  <code code="E41">
    <editdetail attribution="Reuters BIP Coding Group" action="confirmed" date="1996-08-21"/>
  </code>
  <code code="ECAT">
    <editdetail attribution="Reuters BIP Coding Group" action="confirmed" date="1996-08-21"/>
  </code>
  <code code="GCAT">
    <editdetail attribution="Reuters BIP Coding Group" action="confirmed" date="1996-08-21"/>
  </code>
  <code code="GJOB">
    <editdetail attribution="Reuters BIP Coding Group" action="confirmed" date="1996-08-21"/>
  </code>
  <code code="GPOL">
    <editdetail attribution="Reuters BIP Coding Group" action="confirmed" date="1996-08-21"/>
  </code>
</codes>
<dc element="dc.date.created" value="1996-08-21"/>
<dc element="dc.publisher" value="Reuters Holdings Plc"/>
<dc element="dc.date.published" value="1996-08-21"/>
<dc element="dc.source" value="Reuters"/>
<dc element="dc.creator.location" value="HARARE"/>
<dc element="dc.creator.location.country.name" value="ZIMBABWE"/>
<dc element="dc.source" value="Reuters"/>
</metadata>
</newsitem>
