<?xml version="1.0" encoding="iso-8859-1" ?>
<newsitem itemid="5435" id="root" date="1996-08-21" xml:lang="en">
<title>SOUTH AFRICA: FURNACE FIRE HITS ZCCM JULY COPPER OUTPUT.</title>
<headline>FURNACE FIRE HITS ZCCM JULY COPPER OUTPUT.</headline>
<dateline>JOHANNESBURG 1996-08-21</dateline>
<text>
<p>Zambia Consolidated Copper Mines (ZCCM) July production dropped to 23,965 tonnes from 29,819 tonnes in June due to a fire which closed down one of its two smelters last month.  </p>
<p>Cobalt production also dropped to 259 tonnes from 457 tonnes in June as a result of the previously announced fire at ZCCM's Mufulira smelter.</p>
<p>The smelter -- which produces between 450 and 500 tonnes of a copper a day -- was now fully operational, a company spokesman said.  </p>
<p>&quot;During the rehabilitation of the smelter, the company registered a shortfall in primary copper production of 5,022 tonnes from the Mufulira smelter,&quot; the spokesman said.</p>
<p>He added that the company expected to make up the shortfall during the current financial year.</p>
<p>Production of copper and cobalt had been steadily rising since September 1995, when production reached a trough of 19,554 and 165 tonnes.</p>
</text>
<copyright>(c) Reuters Limited 1996</copyright>
<metadata>
<codes class="bip:countries:1.0">
  <code code="SAFR">
    <editdetail attribution="Reuters BIP Coding Group" action="confirmed" date="1996-08-21"/>
  </code>
  <code code="ZAMBIA">
    <editdetail attribution="Reuters BIP Coding Group" action="confirmed" date="1996-08-21"/>
  </code>
</codes>
<codes class="bip:industries:1.0">
  <code code="I21000">
    <editdetail attribution="Reuters BIP Coding Group" action="confirmed" date="1996-08-21"/>
  </code>
</codes>
<codes class="bip:topics:1.0">
  <code code="C21">
    <editdetail attribution="Reuters BIP Coding Group" action="confirmed" date="1996-08-21"/>
  </code>
  <code code="C24">
    <editdetail attribution="Reuters BIP Coding Group" action="confirmed" date="1996-08-21"/>
  </code>
  <code code="CCAT">
    <editdetail attribution="Reuters BIP Coding Group" action="confirmed" date="1996-08-21"/>
  </code>
</codes>
<dc element="dc.date.created" value="1996-08-21"/>
<dc element="dc.publisher" value="Reuters Holdings Plc"/>
<dc element="dc.date.published" value="1996-08-21"/>
<dc element="dc.source" value="Reuters"/>
<dc element="dc.creator.location" value="JOHANNESBURG"/>
<dc element="dc.creator.location.country.name" value="SOUTH AFRICA"/>
<dc element="dc.source" value="Reuters"/>
</metadata>
</newsitem>
