<?xml version="1.0" encoding="iso-8859-1" ?>
<newsitem itemid="5437" id="root" date="1996-08-21" xml:lang="en">
<title>ZIMBABWE: PRESS DIGEST - ZIMBABWE - AUG 21.</title>
<headline>PRESS DIGEST - ZIMBABWE - AUG 21.</headline>
<dateline>HARARE 1996-08-21</dateline>
<text>
<p>These are the leading stories in Zimbabwe's state-owned Herald newspaper on Wednesday. Reuters has not verified these stories and does not vouch for their accuracy.</p>
<p>- Zimbabwe's public service, labour and social welfare minister ordered civil servants across the country who are on strike demanding salary rises go back to work on Wednesday or face dismissal.</p>
<p>- Chaos reigned at most Zimbabwean government hospitals on Tuesday because of limited services being offered as nurses and support staff went into the second day of their strike to press for a 20 percent minimum salary hike.</p>
<p>- Malawi's president Bakili Muluzi is expected to officially open the Zimbabwean capital Harare's annual agricultural show next week.</p>
<p>---Harare Newsroom: +263-4 72 52 28/9</p>
</text>
<copyright>(c) Reuters Limited 1996</copyright>
<metadata>
<codes class="bip:countries:1.0">
  <code code="ZIMBAB">
    <editdetail attribution="Reuters BIP Coding Group" action="confirmed" date="1996-08-21"/>
  </code>
</codes>
<codes class="bip:topics:1.0">
  <code code="GCAT">
    <editdetail attribution="Reuters BIP Coding Group" action="confirmed" date="1996-08-21"/>
  </code>
</codes>
<dc element="dc.date.created" value="1996-08-21"/>
<dc element="dc.publisher" value="Reuters Holdings Plc"/>
<dc element="dc.date.published" value="1996-08-21"/>
<dc element="dc.source" value="Reuters"/>
<dc element="dc.creator.location" value="HARARE"/>
<dc element="dc.creator.location.country.name" value="ZIMBABWE"/>
<dc element="dc.source" value="Reuters"/>
</metadata>
</newsitem>
