<?xml version="1.0" encoding="iso-8859-1" ?>
<newsitem itemid="5441" id="root" date="1996-08-21" xml:lang="en">
<title>CZECH REPUBLIC: INDICATORS - CZECH REPUBLIC - UPDATED AUG 16.</title>
<headline>INDICATORS - CZECH REPUBLIC - UPDATED AUG 16.</headline>
<text>
<p>GROSS DOMESTIC PRODUCT	   Q1/96    Q1/95   Q4/95  FY1995</p>
<p>  real change yr/yr (pct)	 +4.3     +3.9     +5.0    +4.8</p>
<p>  real amount (czk bln)	  287.1    102.7    107.7   431.1</p>
<p>  household demand		  +6.0     +3.3     +7.2    +6.4</p>
<p>  public-sector demand	    -1.7     -5.9     -0.8    -4.3</p>
<p>  gross creation/fixed capital +13.8    +21.2    +18.3   +16.1</p>
<p>  chg stock/reserves (czk bln) +57.1    +23.2    -26.1   +16.4</p>
<p>  exports goods/services	  +3.5    +20.3    +11.2    +7.9</p>
<p>  imports goods/services	  +9.7    +38.3    +22.6   +19.2</p>
<p>Note. All figures are subject to revision. All results</p>
<p>measure percentage change for period, year-on-year, except</p>
<p>where listed as being in crowns. All percentage changes, and</p>
<p>total amount listed in real, inflation adjusted terms.</p>
<p>The CSU changed the methodology for calculating the</p>
<p>inflation adjusted real amount in billions of crowns. The first</p>
<p>quarter 1996 figure uses 1994 as a base, while all of the 1995</p>
<p>figures use 1989 as a base. The CSU declined to release the</p>
<p>real amounts for 1995 re-calculated using the new methodology.</p>
<p>Results for changes in stocks and reserves were only</p>
<p>available in crown terms.</p>
<p> CZECH BALANCE OF PAYMENTS	 Q1 1996    FY 1995    Q1 1995</p>
<p>  current account (in $ mln)     -541.1    -1,891.5     -217.0</p>
<p>   trade balance		     -978.8    -3,935.2     -675.0</p>
<p>   balance of services	     +343.8    +1,556.7	 n/a</p>
<p>   balance of output		  -35.7	-106.0	 n/a</p>
<p>   one-way transfers		  129.6	 593.0	 n/a</p>
<p>  capital account balance	    +89.9   +8,414.5  +2,096.8</p>
<p>   balance of direct investment   +298.6   +2,525.6    +108.1</p>
<p>    foreign inv. in Czech Republic 318.9    2,562.2     117.2</p>
<p>    Czech investment abroad	   20.3	 36.6	 9.1</p>
<p>   portfolio investment balance   -129.0   +1,362.0     +84.5</p>
<p>   other capital			 -79.7   +4,526.9	 n/a</p>
<p>    long-term capital		 +195.0   +3,312.7	 n/a</p>
<p>    short-term capital		-274.7   +1,214.2  +1,174.8</p>
<p>errors, ommissions, and</p>
<p>    exchange rate differentials    -38.7    + 935.1    +317.3</p>
<p>changes in foreign exchange</p>
<p>     reserves (CNB)		   +489.9   -7,458.1  -2,024.9</p>
<p>Note. Measures accounts for the year through the end of the</p>
<p>period listed.</p>
<p> CZECH CONSUMER INFLATION	July 96     June 96     July 95</p>
<p> pct change month/month	   +1.0	   +0.8	  unch</p>
<p> pct change year/year	     +9.4	   +8.4	  +9.7</p>
<p> JULY CPI BASKET COMPONENTS	CHANGE MO/MO	CHANGE YR/YR</p>
<p> food, tobacco, beverages	    -1.0 (1.1)	 10.5  (8.9)</p>
<p> clothing				   0.5 (0.9)	 10.9 (10.7)</p>
<p> housing				    6.7 (unch)	11.6  (8.4)</p>
<p> furnishing/household operations    0.3 (0.2)	  4.5  (4.4)</p>
<p> healthcare				-0.1 (unch)	 2.1  (2.9)</p>
<p> transport				  0.3 (1.2)	  7.7  (7.7)</p>
<p> leisure				    1.9 (1.1)	  6.4  (6.0)</p>
<p> education				  0.1 (0.5)	 38.6 (38.5)</p>
<p> public subsistence/housing	   0.5 (0.5)	  5.2  (5.1)</p>
<p> other goods and services	     0.2 (0.3)	  7.9  (8.1)</p>
<p>Note. June basket component changes in brackets. All</p>
<p>changes are rises except when stated. Prices have risen 19.8</p>
<p>percent from the average level for 1994 while July's sliding</p>
<p>average using a 1993 base was 8.6 percent.</p>
<p> CZECH PRODUCER PRICES    JULY 1996    JUNE 1996    JULY 1995</p>
<p>Industrial</p>
<p>  pct change month/month +0.2	    +0.1	    +0.5</p>
<p>  pct change year/year   +4.4	    +4.8	    +7.6</p>
<p>Construction prices</p>
<p>  pct change month/month +0.7	    +0.2	    +0.8</p>
<p>  pct change year/year   +11.2	   +9.9	   +10.3</p>
<p>Agricultural prices</p>
<p>  pct change month/month  n/a	    n/a		n/a</p>
<p>  pct change year/year   +8.8	    +5.8	     +4.4</p>
<p>Note: Construction output figures are estimates. The CSU</p>
<p>said price rises in mining, industrial processing and the</p>
<p>production and distribution of electricity, gas, heating and</p>
<p>water were the main factors influencing July's producer price</p>
<p>index.</p>
<p> CZECH M2 MONEY		 JUNE 1996    MAY 1996    JUNE 1995</p>
<p>  pct change yr/yr	     +20.8	  +21.3	  +16.9</p>
<p>pct change yr/yr</p>
<p>    excluding SPT deposits   +18.7	  +19.0	    n/a</p>
<p>Note. Lower figures exclude deposits of SPT connected with</p>
<p>a $1.32 billion equity expansion in 1995. Czech M2 measures</p>
<p>currency, demand deposits, time and savings deposits, and</p>
<p>foreign currency deposits.</p>
<p>The CNB said that the total volume of credit granted to</p>
<p>clients of Czech banks grew 14.3 percent year-on-year in June,</p>
<p>up from 13.0 percent in May, while total deposits, including</p>
<p>SPT Telecom, grew 20.6 percent versus 21.2 percent.</p>
<p>The average interest rate on credit to clients rose to</p>
<p>13.36 percent in June, from 13.13 percent in May, the CNB said.</p>
<p> CZECH FOREIGN TRADE  JAN-JUNE	 JAN-MAY	JAN-JUNE '95</p>
<p>  imports (CZK bln)    364.35     301.45 (301.98)    319.39</p>
<p>  exports		  294.62     245.85 (247.07)    276.67</p>
<p>  balance		  -69.73     -55.61 (-54.92)    -42.73</p>
<p>Note. Figures are in billions of crowns on a customs- cleared</p>
<p>basis. 1996 results use a different methodology than in 1995.</p>
<p>Jan-May 1996 results are revised from earlier CSU report.</p>
<p>Previously reported figures are in brackets.</p>
<p> INDUSTRIAL OUTPUT	JUNE/96    MAY/96   JAN-JUNE/96 JUNE/95</p>
<p> pct change yr/yr     +1.8 (+1.6)  + 6.0   + 8.2 (+8.2) +10.0</p>
<p>nominal industrial monthly</p>
<p> wages chg yr/yr	+13.3 (+13.3) +17.8   +17.4 (+17.5)+20.2</p>
<p>Note. Preliminary estimates in brackets. The average</p>
<p>nominal industrial wage in June was 9,636 crowns, compared with</p>
<p>10,163 crowns in May.</p>
<p>Wage results sample companies with 100 or more employees</p>
<p>while output results include estimates of smaller firms as</p>
<p>well.</p>
<p> CZECH REAL RETAIL SALES    JUNE 96   MAY 96  JAN-JUNE 96</p>
<p>   pct change yr/yr	     +5.6	+13.9    +8.4</p>
<p>Note: All figures are preliminary. The CSU said June's rise</p>
<p>was the lowest of the year so far and was influenced by the</p>
<p>fact that June 1995 included two more working days than June</p>
<p>1996.</p>
<p> CZECH HOUSING CONSTRUCTION	H1/96    FY1995    H195</p>
<p>  total starts  (units)	    9,193    16,548    6,975</p>
<p>  pct chg yr/yr			+31.8    +50.9     +35.3</p>
<p>of which</p>
<p>  single-family homes		4,320     n/a	 n/a</p>
<p>  pct chg yr/yr			+22.2     n/a	 n/a</p>
<p>  apartment houses		   1,945     n/a	 n/a</p>
<p>  pct chg yr/yr			+23.3     n/a	 n/a</p>
<p>  additions to existing units    2,928     n/a	 n/a</p>
<p>  pct chg yr/yr			+57.2     n/a	 n/a</p>
<p>  total completions		  5,283    12,662     5,576</p>
<p>  pct chg yr/yr			-5.6	-30.3     38.7</p>
<p>  total under construction	68,963    66,172     60,647</p>
<p>  pct chg yr/yr			+13.8     +6.5	-9.5</p>
<p>Note. The bureau said the growth was a confirmation of new</p>
<p>measures to spur housing construction such as state-supported</p>
<p>construction savings accounts and mortgage loans. The number of</p>
<p>finished flats was lower due mostly to a lower number of rental</p>
<p>completions, it said.</p>
<p> CZECH FOREX RESERVES	 June 1996   May 1996    Jan 1996</p>
<p> total CNB reserves ($ bln)  12.714     12.772	13.612</p>
<p> total banking sector	  16.289     16.374	16.497</p>
<p>Note. Results measure reserves at the end of each month.</p>
<p> STATE BUDGET    JAN-JULY 1996     H1 1996	  FY 1995</p>
<p> Revenues	     276.3	     229.3	    439.9</p>
<p> Expenditures	 275.4	     230.3	    432.7</p>
<p> Balance		  0.9		-1.0	     +7.2</p>
<p> UNEMPLOYMENT	    JULY 1996    JUNE 1996   JULY 1995</p>
<p> number of jobless	158,252	144,065     152,261</p>
<p> pct of workforce	   3.0	    2.7	   2.9</p>
<p> KEY INTEREST RATES	    DISCOUNT		LOMBARD</p>
<p> rate				10.5 pct		14.0 pct</p>
<p> last changed		June 20, 1996	 June 20, 1996</p>
<p> former rate		     9.5 pct		 12.5 pct</p>
<p>-- Prague Newsroom, 42-2-2423-0003</p>
</text>
<copyright>(c) Reuters Limited 1996</copyright>
<metadata>
<codes class="bip:countries:1.0">
  <code code="CZREP">
    <editdetail attribution="Reuters BIP Coding Group" action="confirmed" date="1996-08-21"/>
  </code>
</codes>
<codes class="bip:topics:1.0">
  <code code="E71">
    <editdetail attribution="Reuters BIP Coding Group" action="confirmed" date="1996-08-21"/>
  </code>
  <code code="ECAT">
    <editdetail attribution="Reuters BIP Coding Group" action="confirmed" date="1996-08-21"/>
  </code>
</codes>
<dc element="dc.publisher" value="Reuters Holdings Plc"/>
<dc element="dc.date.published" value="1996-08-21"/>
<dc element="dc.source" value="Reuters"/>
<dc element="dc.creator.location.country.name" value="CZECH REPUBLIC"/>
<dc element="dc.source" value="Reuters"/>
</metadata>
</newsitem>
