<?xml version="1.0" encoding="iso-8859-1" ?>
<newsitem itemid="5445" id="root" date="1996-08-21" xml:lang="en">
<title>ROMANIA: ROMANIA IMPORTS TO BUILD PRE-WINTER COAL RESERVE.</title>
<headline>ROMANIA IMPORTS TO BUILD PRE-WINTER COAL RESERVE.</headline>
<byline>Adrian Dascalu</byline>
<dateline>BUCHAREST 1996-08-21</dateline>
<text>
<p>Romania needs to build up a large strategic coal reserve and import some 3.0 million tonnes of hard coal to prevent a repeat of last winter's energy crisis, a senior official said on Wednesday.</p>
<p>Coal reserves currently amount to 4.87 million tonnes, Industry Ministry general director Gheorghe Rancea told Reuters, some 600,000 tonnes less than anticipated under a programme to provide for energy needs in advance.</p>
<p>Rancea said a shortage of specialised railway carriages had hampered the ministry's attemtps to ensure a smooth flow of coal supplies to power plants.</p>
<p>&quot;According to our schedule we should have had 5.34 million tonnes of lignite at the power plants today,&quot; Rancea said.</p>
<p>&quot;But SNCFR (Romanian railway authority) has no money to repair its carriages and our mines build up stocks of coal,&quot; he said, adding that some 790,000 tonnes of lignite were already extracted and ready for shipment at mines across the country.</p>
<p>&quot;However, we hope to store some 9.0 million tonnes of coal at the power plants by December, to be on the safe side during the coming winter,&quot; Rancea said.</p>
<p>Romania was plunged into an energy crisis last winter when cold weather settled in earlier than expected and triggered unprecedented power consumption.</p>
<p>A shortage of hard currency to import fuel as well as high coal and fuel oil consumption at power plants, forced the Renel RA electricity authority to drastically cut power supplies to most industries from January to March.</p>
<p>Average daily power plant coal consumption is 70,000 tonnes during summer and up to 140,000 in the cold winter months.</p>
<p>&quot;Last winter, we had consumption peaks of 180,000 tonnes a day. On April 28, our coal stocks were nil,&quot; Rancea said.</p>
<p>Rancea said his ministry had asked the government to approve the import of some 3.0 million tonnes of hard coal, to supplement existing stocks and build up emergency reserves.</p>
<p>Forecasts indicate unusually cold weather will arrive in September, forcing power plants to up output and gobble more coal than normal, he said.</p>
<p>&quot;So far, Renel recieved approval to purchase 1.0 million tonnes of hard coal,&quot; he said.</p>
<p>Ministry data showed Romania extracted 23 million tonnes lignite and 3.47 million tonnes hard coal since January. Ministry estimates put 1996 coal production at some 44 million tonnes, around last year's level.</p>
<p>Romania's coal production fell sharply after the December 1989 fall of communist rule. In 1992, output fell to a low of 28 million tonnes, against a peak of 61 million in 1989.</p>
<p>Annual domestic demand is around 45 million tonnes. About 75 percent of coal and lignite production comes from surface mines operated with bucket wheel excavators, conveyors, trucks and stackers. The remainder is deep-mined. -- Bucharest Newsroom 40-1 3120264</p>
</text>
<copyright>(c) Reuters Limited 1996</copyright>
<metadata>
<codes class="bip:countries:1.0">
  <code code="ROM">
    <editdetail attribution="Reuters BIP Coding Group" action="confirmed" date="1996-08-21"/>
  </code>
</codes>
<codes class="bip:industries:1.0">
  <code code="I11000">
    <editdetail attribution="Reuters BIP Coding Group" action="confirmed" date="1996-08-21"/>
  </code>
</codes>
<codes class="bip:topics:1.0">
  <code code="C21">
    <editdetail attribution="Reuters BIP Coding Group" action="confirmed" date="1996-08-21"/>
  </code>
  <code code="C31">
    <editdetail attribution="Reuters BIP Coding Group" action="confirmed" date="1996-08-21"/>
  </code>
  <code code="C311">
    <editdetail attribution="Reuters BIP Coding Group" action="confirmed" date="1996-08-21"/>
  </code>
  <code code="CCAT">
    <editdetail attribution="Reuters BIP Coding Group" action="confirmed" date="1996-08-21"/>
  </code>
</codes>
<dc element="dc.date.created" value="1996-08-21"/>
<dc element="dc.publisher" value="Reuters Holdings Plc"/>
<dc element="dc.date.published" value="1996-08-21"/>
<dc element="dc.source" value="Reuters"/>
<dc element="dc.creator.location" value="BUCHAREST"/>
<dc element="dc.creator.location.country.name" value="ROMANIA"/>
<dc element="dc.source" value="Reuters"/>
</metadata>
</newsitem>
