<?xml version="1.0" encoding="iso-8859-1" ?>
<newsitem itemid="5446" id="root" date="1996-08-21" xml:lang="en">
<title>POLAND: SKODA GIVES $1.3 MLN CABLE DEAL TO POLISH FIRM.</title>
<headline>SKODA GIVES $1.3 MLN CABLE DEAL TO POLISH FIRM.</headline>
<dateline>WARSAW 1996-08-21</dateline>
<text>
<p>The Polish construction firm Elektromontaz Export SA signed a $1.3 million contract with the Czech firm Skoda Energetika, a unit of Skoda a.s. Elektromontaz said in a statement.</p>
<p>Work on the project, cable installation at the Czech firm's plant in Plzen, Western Bohemia, will take place from the beginning of September to the end of June next year, the statement said.</p>
<p>It gave no further details.</p>
<p>-- Warsaw Newsroom +48 22 653 9700</p>
</text>
<copyright>(c) Reuters Limited 1996</copyright>
<metadata>
<codes class="bip:countries:1.0">
  <code code="CZREP">
    <editdetail attribution="Reuters BIP Coding Group" action="confirmed" date="1996-08-21"/>
  </code>
  <code code="POL">
    <editdetail attribution="Reuters BIP Coding Group" action="confirmed" date="1996-08-21"/>
  </code>
</codes>
<codes class="bip:industries:1.0">
  <code code="I32000">
    <editdetail attribution="Reuters BIP Coding Group" action="confirmed" date="1996-08-21"/>
  </code>
  <code code="I50200">
    <editdetail attribution="Reuters BIP Coding Group" action="confirmed" date="1996-08-21"/>
  </code>
</codes>
<codes class="bip:topics:1.0">
  <code code="C33">
    <editdetail attribution="Reuters BIP Coding Group" action="confirmed" date="1996-08-21"/>
  </code>
  <code code="CCAT">
    <editdetail attribution="Reuters BIP Coding Group" action="confirmed" date="1996-08-21"/>
  </code>
</codes>
<dc element="dc.date.created" value="1996-08-21"/>
<dc element="dc.publisher" value="Reuters Holdings Plc"/>
<dc element="dc.date.published" value="1996-08-21"/>
<dc element="dc.source" value="Reuters"/>
<dc element="dc.creator.location" value="WARSAW"/>
<dc element="dc.creator.location.country.name" value="POLAND"/>
<dc element="dc.source" value="Reuters"/>
</metadata>
</newsitem>
