<?xml version="1.0" encoding="iso-8859-1" ?>
<newsitem itemid="5448" id="root" date="1996-08-21" xml:lang="en">
<title>ROMANIA: ROMANIAN LEU 3,157 TO DOLLAR FOR AUG 23-25 - BNR.</title>
<headline>ROMANIAN LEU 3,157 TO DOLLAR FOR AUG 23-25 - BNR.</headline>
<dateline>BUCHAREST 1996-08-21</dateline>
<text>
<p>Romania's National Bank (BNR) announced the leu's reference rate at 3,157 to the dollar for August 23 to 25.</p>
<p>This reference rate was set on Wednesday as a weighted average based on daily reports of foreign exchange operators. It is a guidance rate used for statistical accounting purposes.</p>
<p>The leu's reference rate set on Tuesday for August 22 is also 3,157 to the dollar. It was 3,156 on Wednesday. -- Bucharest Newsroom 40-1 3120264</p>
</text>
<copyright>(c) Reuters Limited 1996</copyright>
<metadata>
<codes class="bip:countries:1.0">
  <code code="ROM">
    <editdetail attribution="Reuters BIP Coding Group" action="confirmed" date="1996-08-21"/>
  </code>
</codes>
<codes class="bip:topics:1.0">
  <code code="M13">
    <editdetail attribution="Reuters BIP Coding Group" action="confirmed" date="1996-08-21"/>
  </code>
  <code code="M132">
    <editdetail attribution="Reuters BIP Coding Group" action="confirmed" date="1996-08-21"/>
  </code>
  <code code="MCAT">
    <editdetail attribution="Reuters BIP Coding Group" action="confirmed" date="1996-08-21"/>
  </code>
</codes>
<dc element="dc.date.created" value="1996-08-21"/>
<dc element="dc.publisher" value="Reuters Holdings Plc"/>
<dc element="dc.date.published" value="1996-08-21"/>
<dc element="dc.source" value="Reuters"/>
<dc element="dc.creator.location" value="BUCHAREST"/>
<dc element="dc.creator.location.country.name" value="ROMANIA"/>
<dc element="dc.source" value="Reuters"/>
</metadata>
</newsitem>
