<?xml version="1.0" encoding="iso-8859-1" ?>
<newsitem itemid="5452" id="root" date="1996-08-21" xml:lang="en">
<title>POLAND: NBP OFFERS PLN 350 MLN FIXED BONDS AT OUTRIGHT.</title>
<headline>NBP OFFERS PLN 350 MLN FIXED BONDS AT OUTRIGHT.</headline>
<dateline>WARSAW 1996-08-21</dateline>
<text>
<p>The National Bank of Poland</p>
<p>offered to sell outright on August 22, 250 million zlotys of</p>
<p>2-year 17 percent bonds maturing July 12, 1997, and 100 million</p>
<p>zlotys of 5-year 14 percent bonds, due July 12, 2000, it said.</p>
<p>-- Warsaw Newsroom +48 22 653 9700</p>
</text>
<copyright>(c) Reuters Limited 1996</copyright>
<metadata>
<codes class="bip:countries:1.0">
  <code code="POL">
    <editdetail attribution="Reuters BIP Coding Group" action="confirmed" date="1996-08-21"/>
  </code>
</codes>
<codes class="bip:topics:1.0">
  <code code="M12">
    <editdetail attribution="Reuters BIP Coding Group" action="confirmed" date="1996-08-21"/>
  </code>
  <code code="M13">
    <editdetail attribution="Reuters BIP Coding Group" action="confirmed" date="1996-08-21"/>
  </code>
  <code code="M131">
    <editdetail attribution="Reuters BIP Coding Group" action="confirmed" date="1996-08-21"/>
  </code>
  <code code="MCAT">
    <editdetail attribution="Reuters BIP Coding Group" action="confirmed" date="1996-08-21"/>
  </code>
</codes>
<dc element="dc.date.created" value="1996-08-21"/>
<dc element="dc.publisher" value="Reuters Holdings Plc"/>
<dc element="dc.date.published" value="1996-08-21"/>
<dc element="dc.source" value="Reuters"/>
<dc element="dc.creator.location" value="WARSAW"/>
<dc element="dc.creator.location.country.name" value="POLAND"/>
<dc element="dc.source" value="Reuters"/>
</metadata>
</newsitem>
