<?xml version="1.0" encoding="iso-8859-1" ?>
<newsitem itemid="5453" id="root" date="1996-08-21" xml:lang="en">
<title>BULGARIA: BULGARIA IMPOSES MINIMAL FOOD EXPORT PRICES.</title>
<headline>BULGARIA IMPOSES MINIMAL FOOD EXPORT PRICES.</headline>
<dateline>SOFIA 1996-08-21</dateline>
<text>
<p>Bulgaria imposed new minimum export prices on pork, chicken meat and cheese in a bid to prevent price deregulation caused by the devaluation of the local currency, the trade minister said on Wednesday.</p>
<p>&quot;The trade ministry decided to impose minimum export prices after we found out that many exporters had artificially lowered prices,&quot; Atanas Paparisov told a news conference.</p>
<p>The minimum export prices, being enforced from September, are as follows: pork - 1,150/1,450 dollars per tonne, chicken meet - 1,000 dollars per tonne. Cheese prices range between 1,200 to 3,600 dollars per tonne depending on the sort.</p>
<p>The prices will coem in force after the trade ministry's decree is published in the State Gazette. -- Sofia Newsroom, 359-2-84561</p>
</text>
<copyright>(c) Reuters Limited 1996</copyright>
<metadata>
<codes class="bip:countries:1.0">
  <code code="BUL">
    <editdetail attribution="Reuters BIP Coding Group" action="confirmed" date="1996-08-21"/>
  </code>
</codes>
<codes class="bip:industries:1.0">
  <code code="I41000">
    <editdetail attribution="Reuters BIP Coding Group" action="confirmed" date="1996-08-21"/>
  </code>
  <code code="I42000">
    <editdetail attribution="Reuters BIP Coding Group" action="confirmed" date="1996-08-21"/>
  </code>
</codes>
<codes class="bip:topics:1.0">
  <code code="C31">
    <editdetail attribution="Reuters BIP Coding Group" action="confirmed" date="1996-08-21"/>
  </code>
  <code code="C312">
    <editdetail attribution="Reuters BIP Coding Group" action="confirmed" date="1996-08-21"/>
  </code>
  <code code="CCAT">
    <editdetail attribution="Reuters BIP Coding Group" action="confirmed" date="1996-08-21"/>
  </code>
  <code code="E51">
    <editdetail attribution="Reuters BIP Coding Group" action="confirmed" date="1996-08-21"/>
  </code>
  <code code="E512">
    <editdetail attribution="Reuters BIP Coding Group" action="confirmed" date="1996-08-21"/>
  </code>
  <code code="ECAT">
    <editdetail attribution="Reuters BIP Coding Group" action="confirmed" date="1996-08-21"/>
  </code>
</codes>
<dc element="dc.date.created" value="1996-08-21"/>
<dc element="dc.publisher" value="Reuters Holdings Plc"/>
<dc element="dc.date.published" value="1996-08-21"/>
<dc element="dc.source" value="Reuters"/>
<dc element="dc.creator.location" value="SOFIA"/>
<dc element="dc.creator.location.country.name" value="BULGARIA"/>
<dc element="dc.source" value="Reuters"/>
</metadata>
</newsitem>
