<?xml version="1.0" encoding="iso-8859-1" ?>
<newsitem itemid="5458" id="root" date="1996-08-21" xml:lang="en">
<title>POLAND: POLISH BANKS BID FOR PLN 188 MLN BONDS AT OUTRIGHT.</title>
<headline>POLISH BANKS BID FOR PLN 188 MLN BONDS AT OUTRIGHT.</headline>
<dateline>WARSAW 1996-08-21</dateline>
<text>
<p>Polish banks bid for 156 million zlotys of 17-percent 2-year bonds and for 32 million zlotys of 14-percent 5-year bonds at the National Bank of Poland's 300 million zloty joint outright offer.</p>
<p>Results of the auction should be available later today.</p>
<p>-- Warsaw Newsroom +48 22 653 9700</p>
</text>
<copyright>(c) Reuters Limited 1996</copyright>
<metadata>
<codes class="bip:countries:1.0">
  <code code="POL">
    <editdetail attribution="Reuters BIP Coding Group" action="confirmed" date="1996-08-21"/>
  </code>
</codes>
<codes class="bip:topics:1.0">
  <code code="E21">
    <editdetail attribution="Reuters BIP Coding Group" action="confirmed" date="1996-08-21"/>
  </code>
  <code code="E212">
    <editdetail attribution="Reuters BIP Coding Group" action="confirmed" date="1996-08-21"/>
  </code>
  <code code="ECAT">
    <editdetail attribution="Reuters BIP Coding Group" action="confirmed" date="1996-08-21"/>
  </code>
  <code code="M12">
    <editdetail attribution="Reuters BIP Coding Group" action="confirmed" date="1996-08-21"/>
  </code>
  <code code="MCAT">
    <editdetail attribution="Reuters BIP Coding Group" action="confirmed" date="1996-08-21"/>
  </code>
</codes>
<dc element="dc.date.created" value="1996-08-21"/>
<dc element="dc.publisher" value="Reuters Holdings Plc"/>
<dc element="dc.date.published" value="1996-08-21"/>
<dc element="dc.source" value="Reuters"/>
<dc element="dc.creator.location" value="WARSAW"/>
<dc element="dc.creator.location.country.name" value="POLAND"/>
<dc element="dc.source" value="Reuters"/>
</metadata>
</newsitem>
