<?xml version="1.0" encoding="iso-8859-1" ?>
<newsitem itemid="5460" id="root" date="1996-08-21" xml:lang="en">
<title>HUNGARY: HUNGARY CENTRAL BANK LEAVES BUBOR RATES UNCHANGED.</title>
<headline>HUNGARY CENTRAL BANK LEAVES BUBOR RATES UNCHANGED.</headline>
<dateline>BUDAPEST 1996-08-21</dateline>
<text>
<p>Hungary's Budapest Interbank Offered Rate (BUBOR) remained steady for both the one-month and three-month maturities, the National Bank of Hungary (NBH) said.</p>
<p>The BUBOR was fixed by the NBH at 23.50 percent for one month and at 23.54 percent for three months.</p>
<p>The NBH began calculating BUBOR on August 1.</p>
<p>-- Budapest newsroom 36 1 266 24 10</p>
</text>
<copyright>(c) Reuters Limited 1996</copyright>
<metadata>
<codes class="bip:countries:1.0">
  <code code="HUNG">
    <editdetail attribution="Reuters BIP Coding Group" action="confirmed" date="1996-08-21"/>
  </code>
</codes>
<codes class="bip:topics:1.0">
  <code code="M13">
    <editdetail attribution="Reuters BIP Coding Group" action="confirmed" date="1996-08-21"/>
  </code>
  <code code="M131">
    <editdetail attribution="Reuters BIP Coding Group" action="confirmed" date="1996-08-21"/>
  </code>
  <code code="MCAT">
    <editdetail attribution="Reuters BIP Coding Group" action="confirmed" date="1996-08-21"/>
  </code>
</codes>
<dc element="dc.date.created" value="1996-08-21"/>
<dc element="dc.publisher" value="Reuters Holdings Plc"/>
<dc element="dc.date.published" value="1996-08-21"/>
<dc element="dc.source" value="Reuters"/>
<dc element="dc.creator.location" value="BUDAPEST"/>
<dc element="dc.creator.location.country.name" value="HUNGARY"/>
<dc element="dc.source" value="Reuters"/>
</metadata>
</newsitem>
