<?xml version="1.0" encoding="iso-8859-1" ?>
<newsitem itemid="5461" id="root" date="1996-08-21" xml:lang="en">
<title>HUNGARY: HUNGARIAN O/N RATES TEST RANGE BUT CLOSE LOWER.</title>
<headline>HUNGARIAN O/N RATES TEST RANGE BUT CLOSE LOWER.</headline>
<dateline>BUDAPEST 1996-08-21</dateline>
<text>
<p>Hungarian overnight interest rates moved in a wide range in mild activity on the first day of trading after a long holiday weekend, dealers said.</p>
<p>Overnight rates closed at 23.25 percent, below last Friday's 23.75 percent, after testing ranges between 22.50 and 24 percent, dealers said.</p>
<p>One dealer said some banks had been &quot;heavy takers&quot; but others reported that activity was &quot;sleepy&quot; after the four-day Hungarian national holiday.</p>
<p>-- Budapest newsroom (36 1) 266 2410</p>
</text>
<copyright>(c) Reuters Limited 1996</copyright>
<metadata>
<codes class="bip:countries:1.0">
  <code code="HUNG">
    <editdetail attribution="Reuters BIP Coding Group" action="confirmed" date="1996-08-21"/>
  </code>
</codes>
<codes class="bip:topics:1.0">
  <code code="M13">
    <editdetail attribution="Reuters BIP Coding Group" action="confirmed" date="1996-08-21"/>
  </code>
  <code code="M131">
    <editdetail attribution="Reuters BIP Coding Group" action="confirmed" date="1996-08-21"/>
  </code>
  <code code="MCAT">
    <editdetail attribution="Reuters BIP Coding Group" action="confirmed" date="1996-08-21"/>
  </code>
</codes>
<dc element="dc.date.created" value="1996-08-21"/>
<dc element="dc.publisher" value="Reuters Holdings Plc"/>
<dc element="dc.date.published" value="1996-08-21"/>
<dc element="dc.source" value="Reuters"/>
<dc element="dc.creator.location" value="BUDAPEST"/>
<dc element="dc.creator.location.country.name" value="HUNGARY"/>
<dc element="dc.source" value="Reuters"/>
</metadata>
</newsitem>
