<?xml version="1.0" encoding="iso-8859-1" ?>
<newsitem itemid="5467" id="root" date="1996-08-21" xml:lang="en">
<title>NETHERLANDS: FOCUS- NEDLLOYD FIRST-HALF PROFITS SURPRISE MARKET.</title>
<headline>FOCUS- NEDLLOYD FIRST-HALF PROFITS SURPRISE MARKET.</headline>
<byline>Philip Blenkinsop</byline>
<dateline>ROTTERDAM 1996-08-21</dateline>
<text>
<p>Transport group Koninklijke Nedlloyd Groep NV on Wednesday surprised the market and confounded analysts' expectations by posting a first-half net profit from ordinary operations of six million guilders ($3.60 million).</p>
<p>Nedlloyd made a 15 million guilder loss on its ordinary operations in the first quarter of the year but this was wiped out by a profit of 21 million guilders in the second quarter.</p>
<p>Analysts had expected a first-half loss of 15 to 35 million guilders versus a 38 million profit in the first half of 1995.</p>
<p>&quot;Most analysts must be positively surprised,&quot; said Corne Zandbergen, analyst at Generale Bank.</p>
<p>Shares in the company jumped almost 10 percent on the news to 38.40 guilders, before closing up 2.10 guilders at 37.10.</p>
<p>Overall profits were swollen by an extraordinary gain of 247 million guilders on the sale of offshore drilling unit Neddrill and a 26 million guilder refund from the company's pension fund.</p>
<p>Total net profit including these gains soared to 276 million guilders from 96 million in the first half of last year. Nedlloyd had already indicated the gains on the Neddrill sale.</p>
<p>Nedlloyd was cautious about the outlook for the rest of the year but said it did not expect to close 1996 with a loss.</p>
<p>&quot;The recovery of results in the ocean shipping sector strengthens the executive board in its confidence that we will not make a loss for the whole of 1996,&quot; it said.</p>
<p>But the unpredictability of market developments, especially in container shipping, made it impossible to make a precise forecast of 1996 results, it added.</p>
<p>Nedlloyd's core Ocean Shipping business posted a 22 million guilder profit in the second quarter after a 14 million guilder loss in the first quarter.</p>
<p>Nedlloyd said freight rates were substantially lower than last year, but added that cost cuts, a slight increase in volumes and a more profitable cargo mix had led to an improvement compared with the first quarter of this year.</p>
<p>But analysts said continued erosion of shipping tariffs may make further cost cutting at Nedlloyd essential.</p>
<p>&quot;There's still ample capacity available and a lot of competition on most of their routes,&quot; said Rene van Geffen, analyst at F. Van Lanschot Bankers.</p>
<p>-- Amsterdam newsroom +31 20 504 5000, Fax +31 20 504 5040</p>
</text>
<copyright>(c) Reuters Limited 1996</copyright>
<metadata>
<codes class="bip:countries:1.0">
  <code code="NETH">
    <editdetail attribution="Reuters BIP Coding Group" action="confirmed" date="1996-08-21"/>
  </code>
</codes>
<codes class="bip:industries:1.0">
  <code code="I74000">
    <editdetail attribution="Reuters BIP Coding Group" action="confirmed" date="1996-08-21"/>
  </code>
</codes>
<codes class="bip:topics:1.0">
  <code code="C15">
    <editdetail attribution="Reuters BIP Coding Group" action="confirmed" date="1996-08-21"/>
  </code>
  <code code="C151">
    <editdetail attribution="Reuters BIP Coding Group" action="confirmed" date="1996-08-21"/>
  </code>
  <code code="CCAT">
    <editdetail attribution="Reuters BIP Coding Group" action="confirmed" date="1996-08-21"/>
  </code>
</codes>
<dc element="dc.date.created" value="1996-08-21"/>
<dc element="dc.publisher" value="Reuters Holdings Plc"/>
<dc element="dc.date.published" value="1996-08-21"/>
<dc element="dc.source" value="Reuters"/>
<dc element="dc.creator.location" value="ROTTERDAM"/>
<dc element="dc.creator.location.country.name" value="NETHERLANDS"/>
<dc element="dc.source" value="Reuters"/>
</metadata>
</newsitem>
