<?xml version="1.0" encoding="iso-8859-1" ?>
<newsitem itemid="5469" id="root" date="1996-08-21" xml:lang="en">
<title>FINLAND: FINNISH CO-OPERATIVE BANKS LAUNCH FIM 100 MLN BOND.</title>
<headline>FINNISH CO-OPERATIVE BANKS LAUNCH FIM 100 MLN BOND.</headline>
<dateline>HELSINKI 1996-08-21</dateline>
<text>
<p>OKOBANK and the co-operative banks will launch a 100 million markka variable rate 4.75 percent coupon bond to the public, OKOBANK said in a statement on Wednesday.</p>
<p>The maturity is three years, and interest is payable annually on August 27, it said.</p>
<p>The subscription period is August 27 to October 31, after which the bond will be listed on the Helsinki Stock Exchange.</p>
<p>-- Helsinki newsroom +358-0-6805 0245</p>
</text>
<copyright>(c) Reuters Limited 1996</copyright>
<metadata>
<codes class="bip:countries:1.0">
  <code code="FIN">
    <editdetail attribution="Reuters BIP Coding Group" action="confirmed" date="1996-08-21"/>
  </code>
</codes>
<codes class="bip:industries:1.0">
  <code code="I81402">
    <editdetail attribution="Reuters BIP Coding Group" action="confirmed" date="1996-08-21"/>
  </code>
</codes>
<codes class="bip:topics:1.0">
  <code code="C17">
    <editdetail attribution="Reuters BIP Coding Group" action="confirmed" date="1996-08-21"/>
  </code>
  <code code="C172">
    <editdetail attribution="Reuters BIP Coding Group" action="confirmed" date="1996-08-21"/>
  </code>
  <code code="CCAT">
    <editdetail attribution="Reuters BIP Coding Group" action="confirmed" date="1996-08-21"/>
  </code>
</codes>
<dc element="dc.date.created" value="1996-08-21"/>
<dc element="dc.publisher" value="Reuters Holdings Plc"/>
<dc element="dc.date.published" value="1996-08-21"/>
<dc element="dc.source" value="Reuters"/>
<dc element="dc.creator.location" value="HELSINKI"/>
<dc element="dc.creator.location.country.name" value="FINLAND"/>
<dc element="dc.source" value="Reuters"/>
</metadata>
</newsitem>
