<?xml version="1.0" encoding="iso-8859-1" ?>
<newsitem itemid="5470" id="root" date="1996-08-21" xml:lang="en">
<title>FINLAND: SILJA RISES ON HOPEFUL VIEWS.</title>
<headline>SILJA RISES ON HOPEFUL VIEWS.</headline>
<dateline>HELSINKI 1996-08-22</dateline>
<text>
<p>Shares in Finnish passenger ferry operator Silja Oy rose sharply on Wednesday on positive views on the company's future after H1 data suggested that a negative trend in prices and volumes had ended, brokers said.</p>
<p>At 1610/1310 GMT, Silja traded at 33.00, markka, up one markka or 3.1 percent. Volume was a relatively lively four million.</p>
<p>&quot;The price level is becoming healthier now,&quot; one broker said. An international brokerage's comments about detrimental price competition between Silja and rival Viking Line reported by Kauppalehti on Tuesday were based on old data, he added.</p>
<p>&quot;Silja has a completely changed risk profile now, it is no longer seen near bankruptcy,&quot; he said.</p>
<p>Another broker said that one brokerage had given a buy recommendation based on Silja's result prospects.</p>
<p>-- Helsinki newsroom +358 - 0 - 680 50 245</p>
</text>
<copyright>(c) Reuters Limited 1996</copyright>
<metadata>
<codes class="bip:countries:1.0">
  <code code="FIN">
    <editdetail attribution="Reuters BIP Coding Group" action="confirmed" date="1996-08-21"/>
  </code>
</codes>
<codes class="bip:industries:1.0">
  <code code="I74000">
    <editdetail attribution="Reuters BIP Coding Group" action="confirmed" date="1996-08-21"/>
  </code>
</codes>
<codes class="bip:topics:1.0">
  <code code="C15">
    <editdetail attribution="Reuters BIP Coding Group" action="confirmed" date="1996-08-21"/>
  </code>
  <code code="C152">
    <editdetail attribution="Reuters BIP Coding Group" action="confirmed" date="1996-08-21"/>
  </code>
  <code code="CCAT">
    <editdetail attribution="Reuters BIP Coding Group" action="confirmed" date="1996-08-21"/>
  </code>
</codes>
<dc element="dc.date.created" value="1996-08-22"/>
<dc element="dc.publisher" value="Reuters Holdings Plc"/>
<dc element="dc.date.published" value="1996-08-21"/>
<dc element="dc.source" value="Reuters"/>
<dc element="dc.creator.location" value="HELSINKI"/>
<dc element="dc.creator.location.country.name" value="FINLAND"/>
<dc element="dc.source" value="Reuters"/>
</metadata>
</newsitem>
