<?xml version="1.0" encoding="iso-8859-1" ?>
<newsitem itemid="5472" id="root" date="1996-08-21" xml:lang="en">
<title>NETHERLANDS: ING BARINGS UPS OTRA TO HOLD FROM SELL.</title>
<headline>ING BARINGS UPS OTRA TO HOLD FROM SELL.</headline>
<dateline>AMSTERDAM 1996-08-21</dateline>
<text>
<p>Summary of Aug 21 research.</p>
<p>Company---------Sector--------Price---Broker----------------</p>
<p>    Otra		Wholesaler     31.50  ING Barings  </p>
<p>COMMENT: Hold (from Sell) Otra's profit warning last week</p>
<p>that net results in H1 1996 will be substantially (30-45 pct)</p>
<p>below H1 1995, came as a surprise. Although estimates have been</p>
<p>downgraded and a 38.5 pct decline of net profits to 24.5 mln</p>
<p>guilders could be expected, it is worth raising the stock from</p>
<p>sell to hold as the share price dropped 25 pct since the profit</p>
<p>warning. Current share price incorporates all the bad news and</p>
<p>downside risk is limited.</p>
<p>    Estimates (Dfl):   EPS	pvs	P/E     Dividend</p>
<p>    1995 (actual)	 2.73		 n.a.     1.25</p>
<p>    1996		    2.20   (2.67)    14.3     n.a. </p>
<p>    1997		    2.75   (3.15)    11.5     n.a.</p>
<p>    1998		    3.15   (3.60)    n.a.</p>
<p>-- Amsterdam newsroom, +31 20 504 5000 (Fax +31 20 504 5040)</p>
</text>
<copyright>(c) Reuters Limited 1996</copyright>
<metadata>
<codes class="bip:countries:1.0">
  <code code="NETH">
    <editdetail attribution="Reuters BIP Coding Group" action="confirmed" date="1996-08-21"/>
  </code>
</codes>
<codes class="bip:industries:1.0">
  <code code="I61000">
    <editdetail attribution="Reuters BIP Coding Group" action="confirmed" date="1996-08-21"/>
  </code>
</codes>
<codes class="bip:topics:1.0">
  <code code="C15">
    <editdetail attribution="Reuters BIP Coding Group" action="confirmed" date="1996-08-21"/>
  </code>
  <code code="C152">
    <editdetail attribution="Reuters BIP Coding Group" action="confirmed" date="1996-08-21"/>
  </code>
  <code code="CCAT">
    <editdetail attribution="Reuters BIP Coding Group" action="confirmed" date="1996-08-21"/>
  </code>
</codes>
<dc element="dc.date.created" value="1996-08-21"/>
<dc element="dc.publisher" value="Reuters Holdings Plc"/>
<dc element="dc.date.published" value="1996-08-21"/>
<dc element="dc.source" value="Reuters"/>
<dc element="dc.creator.location" value="AMSTERDAM"/>
<dc element="dc.creator.location.country.name" value="NETHERLANDS"/>
<dc element="dc.source" value="Reuters"/>
</metadata>
</newsitem>
