<?xml version="1.0" encoding="iso-8859-1" ?>
<newsitem itemid="5473" id="root" date="1996-08-21" xml:lang="en">
<title>GREECE: TABLE OF GREEK CENTRAL BANK FIXING RATES, AUG 21.</title>
<headline>TABLE OF GREEK CENTRAL BANK FIXING RATES, AUG 21.</headline>
<dateline>ATHENS 1996-08-21</dateline>
<text>
<p>The Bank of Greece's fixing</p>
<p>rates for leading currencies on Wednesday were as follows.</p>
<p>--------------------------------------------------------</p>
<p> Currency:     Aug  21     Aug 20	 DEC 29 95    NET</p>
<p>--------------------------------------------------------</p>
<p>- USD =	  237.270     237.920     237.040    0.10 %</p>
<p>- DEM =	  159.790     159.670     165.490   -3.44 %</p>
<p>- FRF =	   46.758	46.738	48.410   -3.41 %</p>
<p>- GBP =	  367.420     367.700     366.280    0.31 %</p>
<p>- CHF =	  197.480     197.750     206.030   -4.15 %</p>
<p>- NLG =	  142.530     142.360     147.886   -3.62 %</p>
<p>- ITL (100) =   15.628	15.678	14.975    4.36 %</p>
<p>- JPY (100) =  218.850     220.460     230.135   -4.90 %</p>
<p>- ECU =	  300.730     300.730     303.640   -0.96 %</p>
<p>- ESP =	    1.889	 1.889	 1.939   -2.58 %</p>
<p>- PTE =	    1.556	 1.558	 1.575   -1.21 %</p>
<p>Note: The percentage net change is calculated as the percentage</p>
<p>difference between the most recent fixing rate and the December</p>
<p>29, 1995 rate. Thursday was a holiday in Greece.</p>
<p>--George Georgiopoulos, Athens Newsroom +301 3311812-4</p>
</text>
<copyright>(c) Reuters Limited 1996</copyright>
<metadata>
<codes class="bip:countries:1.0">
  <code code="GREECE">
    <editdetail attribution="Reuters BIP Coding Group" action="confirmed" date="1996-08-21"/>
  </code>
</codes>
<codes class="bip:topics:1.0">
  <code code="M13">
    <editdetail attribution="Reuters BIP Coding Group" action="confirmed" date="1996-08-21"/>
  </code>
  <code code="M132">
    <editdetail attribution="Reuters BIP Coding Group" action="confirmed" date="1996-08-21"/>
  </code>
  <code code="MCAT">
    <editdetail attribution="Reuters BIP Coding Group" action="confirmed" date="1996-08-21"/>
  </code>
</codes>
<dc element="dc.date.created" value="1996-08-21"/>
<dc element="dc.publisher" value="Reuters Holdings Plc"/>
<dc element="dc.date.published" value="1996-08-21"/>
<dc element="dc.source" value="Reuters"/>
<dc element="dc.creator.location" value="ATHENS"/>
<dc element="dc.creator.location.country.name" value="GREECE"/>
<dc element="dc.source" value="Reuters"/>
</metadata>
</newsitem>
