<?xml version="1.0" encoding="iso-8859-1" ?>
<newsitem itemid="5475" id="root" date="1996-08-21" xml:lang="en">
<title>FINLAND: POSTIPANKKI TO ISSUE THREE FIM 200 MLN BONDS.</title>
<headline>POSTIPANKKI TO ISSUE THREE FIM 200 MLN BONDS.</headline>
<dateline>HELSINKI 1996-08-21</dateline>
<text>
<p>Finnish state-owned bank Postipankki Oy said in a statement on Wednesday it will issue three 200 million markka bonds with the maturities two, four and eight years.</p>
<p>The two-year bond will carry a 4.0 percent coupon, the four-year bond a 5.25 percent coupon and the eight-year bond a 6.25 percent coupon, Postipankki said.</p>
<p>The bonds will be issued at variable rates, it noted.</p>
<p>The subscription period will run from September 9 to November 8, 1996, it said.</p>
<p>---Helsinki Newsroom +358-0-680 50 248</p>
</text>
<copyright>(c) Reuters Limited 1996</copyright>
<metadata>
<codes class="bip:countries:1.0">
  <code code="FIN">
    <editdetail attribution="Reuters BIP Coding Group" action="confirmed" date="1996-08-21"/>
  </code>
</codes>
<codes class="bip:industries:1.0">
  <code code="I81402">
    <editdetail attribution="Reuters BIP Coding Group" action="confirmed" date="1996-08-21"/>
  </code>
</codes>
<codes class="bip:topics:1.0">
  <code code="C17">
    <editdetail attribution="Reuters BIP Coding Group" action="confirmed" date="1996-08-21"/>
  </code>
  <code code="C172">
    <editdetail attribution="Reuters BIP Coding Group" action="confirmed" date="1996-08-21"/>
  </code>
  <code code="CCAT">
    <editdetail attribution="Reuters BIP Coding Group" action="confirmed" date="1996-08-21"/>
  </code>
</codes>
<dc element="dc.date.created" value="1996-08-21"/>
<dc element="dc.publisher" value="Reuters Holdings Plc"/>
<dc element="dc.date.published" value="1996-08-21"/>
<dc element="dc.source" value="Reuters"/>
<dc element="dc.creator.location" value="HELSINKI"/>
<dc element="dc.creator.location.country.name" value="FINLAND"/>
<dc element="dc.source" value="Reuters"/>
</metadata>
</newsitem>
