<?xml version="1.0" encoding="iso-8859-1" ?>
<newsitem itemid="5479" id="root" date="1996-08-21" xml:lang="en">
<title>GREECE: GREEK DEP UPS GASOLINE, DIESEL PRICES THURSDAY.</title>
<headline>GREEK DEP UPS GASOLINE, DIESEL PRICES THURSDAY.</headline>
<dateline>ATHENS 1996-08-21</dateline>
<text>
<p>Greece's Public Petroleum Corporation (DEP) said in a statement that gasoline and diesel prices will be raised for a week by 0.90 drachmas per littre and 1.70 drachmas per litre respectively, effective Thursday.</p>
<p>The increases in the prices of gasoline and diesel are due to the rise of world gasoline and diesel prices and the appreciation of the dollar against the drachma by 0.90 drachmas, it said. --Dimitris Kontogiannis, Athens Newsroom +301 3311812-4</p>
</text>
<copyright>(c) Reuters Limited 1996</copyright>
<metadata>
<codes class="bip:countries:1.0">
  <code code="GREECE">
    <editdetail attribution="Reuters BIP Coding Group" action="confirmed" date="1996-08-21"/>
  </code>
</codes>
<codes class="bip:topics:1.0">
  <code code="M14">
    <editdetail attribution="Reuters BIP Coding Group" action="confirmed" date="1996-08-21"/>
  </code>
  <code code="M143">
    <editdetail attribution="Reuters BIP Coding Group" action="confirmed" date="1996-08-21"/>
  </code>
  <code code="MCAT">
    <editdetail attribution="Reuters BIP Coding Group" action="confirmed" date="1996-08-21"/>
  </code>
</codes>
<dc element="dc.date.created" value="1996-08-21"/>
<dc element="dc.publisher" value="Reuters Holdings Plc"/>
<dc element="dc.date.published" value="1996-08-21"/>
<dc element="dc.source" value="Reuters"/>
<dc element="dc.creator.location" value="ATHENS"/>
<dc element="dc.creator.location.country.name" value="GREECE"/>
<dc element="dc.source" value="Reuters"/>
</metadata>
</newsitem>
