<?xml version="1.0" encoding="iso-8859-1" ?>
<newsitem itemid="5482" id="root" date="1996-08-21" xml:lang="en">
<title>FINLAND: TT TIETO MERGES UNIC AND TT-PERSONNEL.</title>
<headline>TT TIETO MERGES UNIC AND TT-PERSONNEL.</headline>
<dateline>HELSINKI 1996-08-21</dateline>
<text>
<p>Finnish information technology group TT Tieto Oy said in a statement on Wednesday it would merge the operations of its two subsidiaries Unic Oy and TT-Personnel Systems Oy.</p>
<p>The two operations would move to Unic's facilities in Leppavaara, Espoo and the new company would continue operating under the Unic Oy name, it said.</p>
<p>&quot;Thus an important centre of knowledge will be created, which the Software Services division's regional offices complement and support well,&quot; it said.</p>
<p>-- Helsinki newsroom +358-0-6805 0245</p>
</text>
<copyright>(c) Reuters Limited 1996</copyright>
<metadata>
<codes class="bip:countries:1.0">
  <code code="FIN">
    <editdetail attribution="Reuters BIP Coding Group" action="confirmed" date="1996-08-21"/>
  </code>
</codes>
<codes class="bip:industries:1.0">
  <code code="I83940">
    <editdetail attribution="Reuters BIP Coding Group" action="confirmed" date="1996-08-21"/>
  </code>
</codes>
<codes class="bip:topics:1.0">
  <code code="C11">
    <editdetail attribution="Reuters BIP Coding Group" action="confirmed" date="1996-08-21"/>
  </code>
  <code code="CCAT">
    <editdetail attribution="Reuters BIP Coding Group" action="confirmed" date="1996-08-21"/>
  </code>
</codes>
<dc element="dc.date.created" value="1996-08-21"/>
<dc element="dc.publisher" value="Reuters Holdings Plc"/>
<dc element="dc.date.published" value="1996-08-21"/>
<dc element="dc.source" value="Reuters"/>
<dc element="dc.creator.location" value="HELSINKI"/>
<dc element="dc.creator.location.country.name" value="FINLAND"/>
<dc element="dc.source" value="Reuters"/>
</metadata>
</newsitem>
