<?xml version="1.0" encoding="iso-8859-1" ?>
<newsitem itemid="5483" id="root" date="1996-08-21" xml:lang="en">
<title>FINLAND: FINLAND BANK AUG DAILY LIQUIDITY NEED FIM 4.14 BLN.</title>
<headline>FINLAND BANK AUG DAILY LIQUIDITY NEED FIM 4.14 BLN.</headline>
<dateline>HELSINKI 1996-08-21</dateline>
<text>
<p>The Bank of Finland said on</p>
<p>Wednesday the required daily money market liquidity balance for</p>
<p>the rest of the month was 4.14 billion markka.</p>
<p>The central bank gave the following figures (FIM mln):</p>
<p> Liquidity estimate for August 23		   5,500</p>
<p> Minimum reserve requirement for Aug		6,445</p>
<p> Average reserves to August 20			7,737</p>
<p> Required daily balance for remaining period    4,135</p>
<p>-- Helsinki newsroom, +358-0-680 50 245</p>
</text>
<copyright>(c) Reuters Limited 1996</copyright>
<metadata>
<codes class="bip:countries:1.0">
  <code code="FIN">
    <editdetail attribution="Reuters BIP Coding Group" action="confirmed" date="1996-08-21"/>
  </code>
</codes>
<codes class="bip:topics:1.0">
  <code code="M13">
    <editdetail attribution="Reuters BIP Coding Group" action="confirmed" date="1996-08-21"/>
  </code>
  <code code="M131">
    <editdetail attribution="Reuters BIP Coding Group" action="confirmed" date="1996-08-21"/>
  </code>
  <code code="MCAT">
    <editdetail attribution="Reuters BIP Coding Group" action="confirmed" date="1996-08-21"/>
  </code>
</codes>
<dc element="dc.date.created" value="1996-08-21"/>
<dc element="dc.publisher" value="Reuters Holdings Plc"/>
<dc element="dc.date.published" value="1996-08-21"/>
<dc element="dc.source" value="Reuters"/>
<dc element="dc.creator.location" value="HELSINKI"/>
<dc element="dc.creator.location.country.name" value="FINLAND"/>
<dc element="dc.source" value="Reuters"/>
</metadata>
</newsitem>
