<?xml version="1.0" encoding="iso-8859-1" ?>
<newsitem itemid="5484" id="root" date="1996-08-21" xml:lang="en">
<title>FINLAND: NOKIA ADS ENDS AT $40-3/4 (FIM 182.27).</title>
<headline>NOKIA ADS ENDS AT $40-3/4 (FIM 182.27).</headline>
<dateline>HELSINKI 1996-08-21</dateline>
<text>
<p>Nokia's A share ADS closed $1-1/8 higher at $40-3/4 in New York on Tuesday.</p>
<p>Its Wall Street closing equals about 182.27 markka. In Helsinki on Tuesday Nokia closed up 2.40 markka at 180.10.</p>
<p>Valmet's ADS (two shares) closed $0-3/8 higher at $32-3/8 on Wall Street overnight. The price equals about 72.41 markka. In Helsinki, Valmet closed 1.00 markka up at 73.20 markka.</p>
<p>Rauma's ADS closed up $0-3/8 at $20-5/8 on Wall Street. The price equals about 92.27 markka. In Helsinki on Tuesday, Rauma closed 0.50 markka higher at 93.00.</p>
<p>-- Helsinki newsroom +358-0-680 50 248</p>
</text>
<copyright>(c) Reuters Limited 1996</copyright>
<metadata>
<codes class="bip:countries:1.0">
  <code code="FIN">
    <editdetail attribution="Reuters BIP Coding Group" action="confirmed" date="1996-08-21"/>
  </code>
</codes>
<codes class="bip:industries:1.0">
  <code code="I32000">
    <editdetail attribution="Reuters BIP Coding Group" action="confirmed" date="1996-08-21"/>
  </code>
  <code code="I32754">
    <editdetail attribution="Reuters BIP Coding Group" action="confirmed" date="1996-08-21"/>
  </code>
  <code code="I34400">
    <editdetail attribution="Reuters BIP Coding Group" action="confirmed" date="1996-08-21"/>
  </code>
</codes>
<codes class="bip:topics:1.0">
  <code code="C15">
    <editdetail attribution="Reuters BIP Coding Group" action="confirmed" date="1996-08-21"/>
  </code>
  <code code="C152">
    <editdetail attribution="Reuters BIP Coding Group" action="confirmed" date="1996-08-21"/>
  </code>
  <code code="CCAT">
    <editdetail attribution="Reuters BIP Coding Group" action="confirmed" date="1996-08-21"/>
  </code>
</codes>
<dc element="dc.date.created" value="1996-08-21"/>
<dc element="dc.publisher" value="Reuters Holdings Plc"/>
<dc element="dc.date.published" value="1996-08-21"/>
<dc element="dc.source" value="Reuters"/>
<dc element="dc.creator.location" value="HELSINKI"/>
<dc element="dc.creator.location.country.name" value="FINLAND"/>
<dc element="dc.source" value="Reuters"/>
</metadata>
</newsitem>
