<?xml version="1.0" encoding="iso-8859-1" ?>
<newsitem itemid="5486" id="root" date="1996-08-21" xml:lang="en">
<title>SWITZERLAND: FOCUS - CS profit up but slower than rivals.</title>
<headline>FOCUS - CS profit up but slower than rivals.</headline>
<byline>Marcus Kabel</byline>
<dateline>ZURICH 1996-08-21</dateline>
<text>
<p>CS Holding, Switzerland's second biggest banking group, on Wednesday reported a 26 percent jump in net profit in first-half 1996 but this was lower than earnings growth by its Swiss rivals.</p>
<p>The company, parent to flagship bank Credit Suisse and U.S.-based investment banking group CS First Boston, said group net profit before minority interests grew to 941 million francs ($783 million) from 749 million a year earlier.</p>
<p>It said its reorganisation, including cutting 5,000 jobs, was expected to lead to a sustained improvement in performance in future and was cautiously optimistic for the full 1996 year.</p>
<p>&quot;CS Holding expects the full-year results for 1996 to be better than those for 1995, although provisions for credit risks will remain high and the situation on the financial markets may affect the second-half performance,&quot; it said.</p>
<p>At midday, the group's registered shares had slipped by 1.25 francs from the previous 130 franc close in reaction to the figures.</p>
<p>Analysts said the results were below expectations and showed the need for a huge restructuring programme announced by CS last month. But some added that CS Holding could have greater potential than its rivals.</p>
<p>&quot;I have the impression that costs are relatively higher at CS Holding than at the others,&quot; analyst Thomas Bieri at Zurich Cantonal Banks said.</p>
<p>One stock market dealer said the market was mainly disappointed that CS had made no announcement about selling its stakes in Elektrowatt or private bank Bank Leu. The results were also at the lower end of expectations, he added.</p>
<p>Return on equity rose to 10.5 percent from 9.0 and earnings per share to 4.40 francs from 3.74.</p>
<p>With the half-year reporting season over, analysts agreed that Swiss Bank Corp was the top choice for growth and profits after integrating investment banking arm SG Warburg and launching its own reorganisation in May.</p>
<p>&quot;We have the three big Swiss banks as &quot;hold&quot; recommendations but SBC is the favourite if you have to be in that sector,&quot; said John Leonard at Salomon Bros.</p>
<p>CS Holding's net profit growth of 26 percent compared with 36 percent at Swiss Bank Corp (SBC) and 33 percent at the biggest Swiss bank group, Union Bank of Switzerland (UBS).</p>
<p>&quot;The difference between CS Holding and the other two big banks underscores the need for restructuring,&quot; Zurich Cantonal Bank's Bieri said.</p>
<p>CS unveiled plans in July to tighten its mix of bank and financial activities into four core business areas under a new name, Credit Suisse Group, from January 1, 1997.</p>
<p>Some analysts said the quality of CS profits was already increasing, adding that the group had greater potential than rivals UBS and SBC because it was restructuring later.</p>
<p>Thomas Kalbermatten from UBS Global Research said it was positive that commission income, a steadier source of earnings than market trading, now made up 38 percent of all earnings, up from 36 percent in the same period last year.</p>
<p>&quot;The quality of profits is improving in a way that has become general in the banking sector,&quot; he said.</p>
<p>&quot;Compared to other Swiss banks, CS Holding has the greatest potential (savings and profit growth) because it is just starting on reorganisation,&quot; he said.</p>
<p>($1=1.2022 Swiss Franc)</p>
</text>
<copyright>(c) Reuters Limited 1996</copyright>
<metadata>
<codes class="bip:countries:1.0">
  <code code="SWITZ">
    <editdetail attribution="Reuters BIP Coding Group" action="confirmed" date="1996-08-21"/>
  </code>
</codes>
<codes class="bip:industries:1.0">
  <code code="I16100">
    <editdetail attribution="Reuters BIP Coding Group" action="confirmed" date="1996-08-21"/>
  </code>
  <code code="I81402">
    <editdetail attribution="Reuters BIP Coding Group" action="confirmed" date="1996-08-21"/>
  </code>
  <code code="I83100">
    <editdetail attribution="Reuters BIP Coding Group" action="confirmed" date="1996-08-21"/>
  </code>
</codes>
<codes class="bip:topics:1.0">
  <code code="C15">
    <editdetail attribution="Reuters BIP Coding Group" action="confirmed" date="1996-08-21"/>
  </code>
  <code code="C151">
    <editdetail attribution="Reuters BIP Coding Group" action="confirmed" date="1996-08-21"/>
  </code>
  <code code="C152">
    <editdetail attribution="Reuters BIP Coding Group" action="confirmed" date="1996-08-21"/>
  </code>
  <code code="CCAT">
    <editdetail attribution="Reuters BIP Coding Group" action="confirmed" date="1996-08-21"/>
  </code>
</codes>
<dc element="dc.date.created" value="1996-08-21"/>
<dc element="dc.publisher" value="Reuters Holdings Plc"/>
<dc element="dc.date.published" value="1996-08-21"/>
<dc element="dc.source" value="Reuters"/>
<dc element="dc.creator.location" value="ZURICH"/>
<dc element="dc.creator.location.country.name" value="SWITZERLAND"/>
<dc element="dc.source" value="Reuters"/>
</metadata>
</newsitem>
