<?xml version="1.0" encoding="iso-8859-1" ?>
<newsitem itemid="5490" id="root" date="1996-08-21" xml:lang="en">
<title>CZECH REPUBLIC: Czech govt plans cuts to balance 1996 budget.</title>
<headline>Czech govt plans cuts to balance 1996 budget.</headline>
<byline>John Mastrini</byline>
<dateline>PRAGUE 1996-08-21</dateline>
<text>
<p>The Czech government, central Europe's perennial budget hawk, says it will consider a plan next week to cut all ministries' spending in order to balance the 1996 budget by year's end.</p>
<p>The Finance Ministry is proposing cuts of roughly more than one percent from the 1996 budgets of every ministry, because of a projected 6.6 billion crown ($248 million) revenue shortfall and a 2.7 billion over-expenditure from the originally approved balanced budget.</p>
<p>&quot;The total we need to cut is roughly 9.3 billion crowns,&quot; Deputy Finance Minister Miroslav Havel told Reuters.</p>
<p>Prime Minister Vaclav Klaus's government has been widely praised by financial analysts for passing four consecutive balanced budgets, earning him the reputation as post-Communist Europe's tightest fiscal manager.</p>
<p>Earlier, Klaus told a news conference after a cabinet meeting that the finance ministry plan would be on the agenda of next week's government session.</p>
<p>Deputy minister Havel said the cuts, would not affect pensions or civil service wages, but would be broad, not deep.</p>
<p>&quot;(The cuts) will touch every ministry and in the same level -- the same percentage of reduction of several non-investment outlays. Certainly we're not cutting pensions or wages,&quot; said Havel, who directs budget planning for the ministry.</p>
<p>&quot;But we are reducing such expenditures on materials and other things,&quot; he added.</p>
<p>Analysts said the Czech capital markets would welcome the move as it would keep billions of crown out of the bloated money supply which has already been fueling inflationary domestic demand.</p>
<p>&quot;I would consider this to be a very positive move,&quot; said Jan Vlachy, vice-chariman at Prague's Patria Finance. &quot;This is basically the only way I could have imagined the government could have had an (immediate) impact on inflation.&quot;</p>
<p>Domestic bond prices have been depressed of late after central bank moves to tighten the money supply in late June signalled inflation worries were strong.</p>
<p>Annual inflation has remained stubbornly around nine percent this year, above the eight percent the government projected by the year's end.</p>
<p>The budget cuts, if passed, would reduce the entire 1996 state budget to 291 billion crowns from the plan passed by parliament last December.</p>
<p>Havel said the revenue gap was mostly due to Russia's failure to pay about five billion crowns on loans owed to the Czech Republic.</p>
<p>The largest component of the over-expenditure was subsidies for heating because of the longer than expected cold weather and other social aid payments, he said.</p>
<p>&quot;You know (the ministers) don't like cutting their budgets. But we're doing it because of the total macroeconomic situation,&quot; Havel said. ($1=26.63 Czech Crown)</p>
</text>
<copyright>(c) Reuters Limited 1996</copyright>
<metadata>
<codes class="bip:countries:1.0">
  <code code="CZREP">
    <editdetail attribution="Reuters BIP Coding Group" action="confirmed" date="1996-08-21"/>
  </code>
</codes>
<codes class="bip:topics:1.0">
  <code code="E21">
    <editdetail attribution="Reuters BIP Coding Group" action="confirmed" date="1996-08-21"/>
  </code>
  <code code="E211">
    <editdetail attribution="Reuters BIP Coding Group" action="confirmed" date="1996-08-21"/>
  </code>
  <code code="ECAT">
    <editdetail attribution="Reuters BIP Coding Group" action="confirmed" date="1996-08-21"/>
  </code>
</codes>
<dc element="dc.date.created" value="1996-08-21"/>
<dc element="dc.publisher" value="Reuters Holdings Plc"/>
<dc element="dc.date.published" value="1996-08-21"/>
<dc element="dc.source" value="Reuters"/>
<dc element="dc.creator.location" value="PRAGUE"/>
<dc element="dc.creator.location.country.name" value="CZECH REPUBLIC"/>
<dc element="dc.source" value="Reuters"/>
</metadata>
</newsitem>
