<?xml version="1.0" encoding="iso-8859-1" ?>
<newsitem itemid="5495" id="root" date="1996-08-21" xml:lang="en">
<title>ECUADOR: Ecuador says Maxus ban not to hit investment.  [CORRECTED 23:28 22/8]</title>
<headline>Ecuador says Maxus ban not to hit investment.  [CORRECTED 23:28 22/8]</headline>
<byline>Gustavo Oviedo</byline>
<dateline>QUITO 1996-08-21</dateline>
<text>
<p>Investment by foreign oil firms in Ecuador will not be affected by the government decision to halt the operations of U.S. firm Maxus Energy Corp, Energy and Mines Minister Alfredo Adoum said Wednesday.</p>
<p>&quot;This is going to reassure all the other companies because they know that now they are all covered by the same rules. No one can have privileges,&quot; he said.</p>
<p>The government announced late Tuesday that it was banning Maxus from continuing its operations in Ecuador until it reaches a joint-venture deal with state-owned Petroecuador. </p>
<p>Maxus, which has been operating fields near the Colombian border for the past nine years, is the only one of the foreign companies producing Ecuadoran oil which does not have a production-sharing agreement with the government. It has been engaged in tough negotiations over new contract terms.</p>
<p>Adoum said the government has pressed Maxus several times to sign a contract but the firm, which is a unit of Argentina's largest energy concern YPF SA, has put off taking a decision.</p>
<p>&quot;Maxus has been reluctant, giving 1,000 excuses,&quot; he said. </p>
<p>Ecuadoran law requires foreign firms to grant the state a share equivalent to at least 12.5 percent of its output.</p>
<p>Insisting that &quot;we are not going to let them rob us&quot;, Adoum said the Ecuadoran government will fight any potential court action by Maxus.</p>
<p>&quot;Up to now, we have paid Maxus $800 million in terms of all the infrastructure installed to extract the oil .... Up to now Maxus has extracted 50 million barrels of oil which with the sale price makes more or less $600 million,&quot; said Adoum.</p>
<p>&quot;Up to now, the Ecuadoran people has not had a taste of one single liter of oil extracted by Maxus,&quot; he said. </p>
<p>While local Maxus officials refused to comment, sources in the Ministry of Defense told Reuters that military personnel were already guarding Maxus's sites.</p>
<p>Mark Miller, executive vice-president of Maxus, said in New York that the company hopes to have something to say about its problems with the government in the next couple of days.</p>
<p>(Corrects to clarify that the company does not yet know when problems will be resolved).</p>
<p>Maxus's Ecuadoran estimated reserves were 228 million barrels in 1992, ranking second only to Petroecuador. It began producing heavy oil in 1994 at a rate of 14,000 barrels a day. </p>
<p>Among the other foreign oil companies operating in Ecuador are France's Elf Aquitaine, Repsol of Spain and ARCO (Atlantic Richfield Co ) of the United States.</p>
<p>Ecuador, which left the Organization of Petroleum Exporting Countries in 1992, produced 379,437 barrels of oil a day in 1995, up from 371,632 barrels a day the year before.</p>
<p>-- Quito Newsroom +5932 258-433</p>
</text>
<copyright>(c) Reuters Limited 1996</copyright>
<metadata>
<codes class="bip:countries:1.0">
  <code code="ECU">
    <editdetail attribution="Reuters BIP Coding Group" action="confirmed" date="1996-08-21"/>
  </code>
</codes>
<codes class="bip:industries:1.0">
  <code code="I13000">
    <editdetail attribution="Reuters BIP Coding Group" action="confirmed" date="1996-08-21"/>
  </code>
</codes>
<codes class="bip:topics:1.0">
  <code code="C11">
    <editdetail attribution="Reuters BIP Coding Group" action="confirmed" date="1996-08-21"/>
  </code>
  <code code="C13">
    <editdetail attribution="Reuters BIP Coding Group" action="confirmed" date="1996-08-21"/>
  </code>
  <code code="CCAT">
    <editdetail attribution="Reuters BIP Coding Group" action="confirmed" date="1996-08-21"/>
  </code>
</codes>
<dc element="dc.date.created" value="1996-08-21"/>
<dc element="dc.publisher" value="Reuters Holdings Plc"/>
<dc element="dc.date.published" value="1996-08-21"/>
<dc element="dc.source" value="Reuters"/>
<dc element="dc.creator.location" value="QUITO"/>
<dc element="dc.creator.location.country.name" value="ECUADOR"/>
<dc element="dc.source" value="Reuters"/>
</metadata>
</newsitem>
