<?xml version="1.0" encoding="iso-8859-1" ?>
<newsitem itemid="5498" id="root" date="1996-08-21" xml:lang="en">
<title>CANADA: William Resources buys Russian gold play. [Corrected 16:55 gmt 22/8]</title>
<headline>William Resources buys Russian gold play. [Corrected 16:55 gmt 22/8]</headline>
<dateline>TORONTO 1996-08-21</dateline>
<text>
<p>William Resources Inc said Wednesday that it has acquired an interest in a high-grade deposit in Russia and Uzbekistan through its subsidiary, Rux Resources Inc.</p>
<p>The company said Rux has raised C$2.15 million (corrects from C$215) through a private placement to use as working capital.</p>
<p>Rux will acquire 50 percent of Nelkobazoloto, the Russian company which holds the right to mine the Shkolnoye high grade gold deposit in the Magadan region of Russia.</p>
<p>The Russian partner is contolled by Susumanzoloto, a gold producer in the Magadan region.</p>
<p>William Resources said the deposit contains an estimaed 340,000 ounces of minable gold reserves and could start to produce 66,000 ounces a year beginning in mid-1997.</p>
<p>The company said Rux has also entered into a letter of intent to buy 75 percent of Vetrenskoye Joint Co, a Russian company with the right to mine the Vetrenskoye high-grade gold deposit also in the Magadan region.</p>
<p>Rux will also become the owner of 49 pecent of an Uzbekistan joint venture company with precious metals deposits in Tashkent, William Resources said.</p>
<p>William Resources owns 70 percent of Rux.</p>
<p>	  -- Reuters Toronto Bureau 416 941-8100</p>
</text>
<copyright>(c) Reuters Limited 1996</copyright>
<metadata>
<codes class="bip:countries:1.0">
  <code code="CANA">
    <editdetail attribution="Reuters BIP Coding Group" action="confirmed" date="1996-08-21"/>
  </code>
  <code code="RUSS">
    <editdetail attribution="Reuters BIP Coding Group" action="confirmed" date="1996-08-21"/>
  </code>
  <code code="UZBK">
    <editdetail attribution="Reuters BIP Coding Group" action="confirmed" date="1996-08-21"/>
  </code>
</codes>
<codes class="bip:industries:1.0">
  <code code="I21000">
    <editdetail attribution="Reuters BIP Coding Group" action="confirmed" date="1996-08-21"/>
  </code>
</codes>
<codes class="bip:topics:1.0">
  <code code="C18">
    <editdetail attribution="Reuters BIP Coding Group" action="confirmed" date="1996-08-21"/>
  </code>
  <code code="C181">
    <editdetail attribution="Reuters BIP Coding Group" action="confirmed" date="1996-08-21"/>
  </code>
  <code code="CCAT">
    <editdetail attribution="Reuters BIP Coding Group" action="confirmed" date="1996-08-21"/>
  </code>
</codes>
<dc element="dc.date.created" value="1996-08-21"/>
<dc element="dc.publisher" value="Reuters Holdings Plc"/>
<dc element="dc.date.published" value="1996-08-21"/>
<dc element="dc.source" value="Reuters"/>
<dc element="dc.creator.location" value="TORONTO"/>
<dc element="dc.creator.location.country.name" value="CANADA"/>
<dc element="dc.source" value="Reuters"/>
</metadata>
</newsitem>
