<?xml version="1.0" encoding="iso-8859-1" ?>
<newsitem itemid="5499" id="root" date="1996-08-21" xml:lang="en">
<title>EU: OFFICIAL JOURNAL CONTENTS - OJ C 240 OF AUGUST 19, 1996.</title>
<headline>OFFICIAL JOURNAL CONTENTS - OJ C 240 OF AUGUST 19, 1996.</headline>
<text>
<p>*</p>
<p>SPECIAL REPORT No 1/96 on the MED programmes together with the Commission's replies END OF DOCUMENT.</p>
</text>
<copyright>(c) Reuters Limited 1996</copyright>
<metadata>
<codes class="bip:countries:1.0">
  <code code="EEC">
    <editdetail attribution="Reuters BIP Coding Group" action="confirmed" date="1996-08-21"/>
  </code>
</codes>
<codes class="bip:topics:1.0">
  <code code="G15">
    <editdetail attribution="Reuters BIP Coding Group" action="confirmed" date="1996-08-21"/>
  </code>
  <code code="GCAT">
    <editdetail attribution="Reuters BIP Coding Group" action="confirmed" date="1996-08-21"/>
  </code>
</codes>
<dc element="dc.publisher" value="Reuters Holdings Plc"/>
<dc element="dc.date.published" value="1996-08-21"/>
<dc element="dc.source" value="Reuters"/>
<dc element="dc.creator.location.country.name" value="EU"/>
<dc element="dc.source" value="Reuters"/>
</metadata>
</newsitem>
