<?xml version="1.0" encoding="iso-8859-1" ?>
<newsitem itemid="5500" id="root" date="1996-08-21" xml:lang="en">
<title>EU: OFFICIAL JOURNAL CONTENTS - OJ L 209 OF AUGUST 19, 1996.</title>
<headline>OFFICIAL JOURNAL CONTENTS - OJ L 209 OF AUGUST 19, 1996.</headline>
<text>
<p>*</p>
<p>(Note - contents are displayed in reverse order to that in the printed Journal)</p>
<p>*</p>
<p>JOINT DECLARATION</p>
<p>AGREEMENT on scientific and technical cooperation between the European Community and the State of Israel</p>
<p>COUNCIL DECISION of 25 July 1996 concerning the conclusion of the Agreement on scientific and technical cooperation between the European Community and the State of Israel</p>
<p>FRAMEWORK COOPERATION AGREEMENT leading ultimately to the establishment of a political and economic association between the European Community and its Member States, of the one part, and the Republic of Chile, of the other part</p>
<p>EXCHANGE OF LETTERS between the European Community and Chile concerning the provisional application of certain provisions of the Framework Cooperation Agreement leading ultimately to the establishment of a political and economic association between the European Community and its Member States, of the one part, and the Republic of Chile, of the other part</p>
<p>COUNCIL DECISION of 18 July 1996 on the Exchange of Letters between the European Community and Chile concerning the provisional application of certain provisions of the Framework Cooperation Agreement leading ultimately to the establishment of a political and economic association between the European Community and its Member States, of the one part, and the Republic of Chile, of the other part END OF DOCUMENT.</p>
</text>
<copyright>(c) Reuters Limited 1996</copyright>
<metadata>
<codes class="bip:countries:1.0">
  <code code="EEC">
    <editdetail attribution="Reuters BIP Coding Group" action="confirmed" date="1996-08-21"/>
  </code>
</codes>
<codes class="bip:topics:1.0">
  <code code="G15">
    <editdetail attribution="Reuters BIP Coding Group" action="confirmed" date="1996-08-21"/>
  </code>
  <code code="GCAT">
    <editdetail attribution="Reuters BIP Coding Group" action="confirmed" date="1996-08-21"/>
  </code>
</codes>
<dc element="dc.publisher" value="Reuters Holdings Plc"/>
<dc element="dc.date.published" value="1996-08-21"/>
<dc element="dc.source" value="Reuters"/>
<dc element="dc.creator.location.country.name" value="EU"/>
<dc element="dc.source" value="Reuters"/>
</metadata>
</newsitem>
