<?xml version="1.0" encoding="iso-8859-1" ?>
<newsitem itemid="5501" id="root" date="1996-08-21" xml:lang="en">
<title>EU: OFFICIAL JOURNAL CONTENTS - OJ C 242 OF AUGUST 21, 1996.</title>
<headline>OFFICIAL JOURNAL CONTENTS - OJ C 242 OF AUGUST 21, 1996.</headline>
<text>
<p>*</p>
<p>(Note - contents are displayed in reverse order to that in the printed Journal)</p>
<p>*</p>
<p>Sheet-fed offset press (96/C 242/12)</p>
<p>Study on an examination of the effects of the Single Market Programme: Computable General Equilibrium Modelling Contract award notice (96/C 242/11)</p>
<p>Study on the impact of Internal Market integration on the access of third-country economic operators (a study in 2 lots) Contract award notice (96/C 242/10)</p>
<p>Proposal for a Council Directive amending Directive 93/53/EEC introducing minimum Community measures for the control of certain fish diseases (96/C 242/09) (Text with EEA relevance) COM(96) 279 final - 96/0158(CNS)</p>
<p>Proposal for a Council Directive amending, with regard to Gyrodactylus salaris, Directive 91/67/EEC concerning the animal health conditions governing the placing on the market of aquaculture animals and products (96/C 242/08) (Text with EEA relevance) COM(96) 279 final - 96/0157(CNS)</p>
<p>Memorandum on applying Article 171 of the EC treaty (96/C 242/07)</p>
<p>Recapitulation of current tenders, published in the Supplement to the Official Journal of the European Communities, financed by the European Community under the European Development Fund (EDF) or the European Communities budget (week: 13 to 17 August 1996) (96/C 242/06)</p>
<p>Updated list of the official bodies and bodies officially recognized for the purpose of granting awards for table wines, quality wines psr and imported wines designated by a geographical ascription (96/C 242/05)</p>
<p>Information procedure - technical regulations (96/C 242/04)</p>
<p>Ecu (1) 20 August 1996 (96/C 242/03)</p>
<p>COUNCIL RESOLUTION of 25 July 1996 on electronic publishing and libraries (96/C 242/02)</p>
<p>COUNCIL RESOLUTION of 25 July 1996 on access to culture for all (96/C 242/01) END OF DOCUMENT.</p>
</text>
<copyright>(c) Reuters Limited 1996</copyright>
<metadata>
<codes class="bip:countries:1.0">
  <code code="EEC">
    <editdetail attribution="Reuters BIP Coding Group" action="confirmed" date="1996-08-21"/>
  </code>
</codes>
<codes class="bip:topics:1.0">
  <code code="G15">
    <editdetail attribution="Reuters BIP Coding Group" action="confirmed" date="1996-08-21"/>
  </code>
  <code code="GCAT">
    <editdetail attribution="Reuters BIP Coding Group" action="confirmed" date="1996-08-21"/>
  </code>
</codes>
<dc element="dc.publisher" value="Reuters Holdings Plc"/>
<dc element="dc.date.published" value="1996-08-21"/>
<dc element="dc.source" value="Reuters"/>
<dc element="dc.creator.location.country.name" value="EU"/>
<dc element="dc.source" value="Reuters"/>
</metadata>
</newsitem>
