<?xml version="1.0" encoding="iso-8859-1" ?>
<newsitem itemid="5502" id="root" date="1996-08-21" xml:lang="en">
<title>EU: OFFICIAL JOURNAL CONTENTS - OJ L 212 OF AUGUST 21, 1996.</title>
<headline>OFFICIAL JOURNAL CONTENTS - OJ L 212 OF AUGUST 21, 1996.</headline>
<text>
<p>*</p>
<p>COUNCIL DECISION of 9 August 1996 setting the date on which Joint Action 96/442/CFSP adopted by the Council on 15 July 1996 shall take effect (96/508/CFSP) END OF DOCUMENT.</p>
</text>
<copyright>(c) Reuters Limited 1996</copyright>
<metadata>
<codes class="bip:countries:1.0">
  <code code="EEC">
    <editdetail attribution="Reuters BIP Coding Group" action="confirmed" date="1996-08-21"/>
  </code>
</codes>
<codes class="bip:topics:1.0">
  <code code="G15">
    <editdetail attribution="Reuters BIP Coding Group" action="confirmed" date="1996-08-21"/>
  </code>
  <code code="GCAT">
    <editdetail attribution="Reuters BIP Coding Group" action="confirmed" date="1996-08-21"/>
  </code>
</codes>
<dc element="dc.publisher" value="Reuters Holdings Plc"/>
<dc element="dc.date.published" value="1996-08-21"/>
<dc element="dc.source" value="Reuters"/>
<dc element="dc.creator.location.country.name" value="EU"/>
<dc element="dc.source" value="Reuters"/>
</metadata>
</newsitem>
