<?xml version="1.0" encoding="iso-8859-1" ?>
<newsitem itemid="5503" id="root" date="1996-08-21" xml:lang="en">
<title>CANADA: Canadian dollar closes steady, eye on Buba.</title>
<headline>Canadian dollar closes steady, eye on Buba.</headline>
<text>
<p>FORECAST RANGE   1.3735/1.3750	    ASIAN CLOSE     1.3736</p>
<p>RESISTANCE 1.3680   SUPPORT 1.3800	HI 1.3744   LO  1.3738</p>
<p>CANADA OPEN  1.3743/48    HI 1.3744     EUROPE OPEN     1.3732</p>
<p>PREV CLOSE   1.3735/40    LO 1.3731     HI 1.3744   LO  1.3734</p>
<p>----------------------MARKET COMMENT-------------------------</p>
<p>* Canada's dollar ended little changed at C$1.3741 (US$0.7277) from Tuesday's close of C$1.3735 (US$0.7281). * Trading slow due to lack of moving economic news and in anticipation of Thursday's rate-setting Bundesbank meeting. * If German central bank drops rates, the Bank of Canada may follow.</p>
<p>* Unit likely to trade in similar range overnight.  </p>
<p>Analysts have said a disappointing showing in Canada's June retail trade, to be released on Thursday, may tip the scales in favor of a rate ease.</p>
<p>&quot;Nobody wants to make a really big bet right now,&quot; Kalirai said.</p>
<p>Trading is seen at a narrow range of C$1.3730 to C$1.3760 overseas, he said.</p>
<p>On the crosses, the Canada dollar fell to 1.0784 marks from Tuesday's close of 1.0830 marks and slid to 78.89 yen from 78.83 yen.</p>
<p>-- Lydia Zajc, Reuters Toronto Bureau (416) 941-8100</p>
</text>
<copyright>(c) Reuters Limited 1996</copyright>
<metadata>
<codes class="bip:countries:1.0">
  <code code="CANA">
    <editdetail attribution="Reuters BIP Coding Group" action="confirmed" date="1996-08-21"/>
  </code>
</codes>
<codes class="bip:topics:1.0">
  <code code="M13">
    <editdetail attribution="Reuters BIP Coding Group" action="confirmed" date="1996-08-21"/>
  </code>
  <code code="M132">
    <editdetail attribution="Reuters BIP Coding Group" action="confirmed" date="1996-08-21"/>
  </code>
  <code code="MCAT">
    <editdetail attribution="Reuters BIP Coding Group" action="confirmed" date="1996-08-21"/>
  </code>
</codes>
<dc element="dc.publisher" value="Reuters Holdings Plc"/>
<dc element="dc.date.published" value="1996-08-21"/>
<dc element="dc.source" value="Reuters"/>
<dc element="dc.creator.location.country.name" value="CANADA"/>
<dc element="dc.source" value="Reuters"/>
</metadata>
</newsitem>
