<?xml version="1.0" encoding="iso-8859-1" ?>
<newsitem itemid="5504" id="root" date="1996-08-21" xml:lang="en">
<title>CANADA: Canadian key economic indicators.</title>
<headline>Canadian key economic indicators.</headline>
<text>
<p>INDICATOR		    PERIOD  LATEST  PREV1  PREV2  NEXT</p>
<p>UNEMPLOYMENT	     PCT  June    9.8    10.0     9.4  09/06</p>
<p>EMPLOYMENT GROWTH	THD  June    +19     -62     +12  09/06</p>
<p>CPI (MONTHLY, S/ADJ)   PCT  July   -0.1    -0.1    +0.3  09/19</p>
<p>CPI (MONTHLY, UNADJ)   PCT  July    0.0    -0.1    +0.3  09/19</p>
<p>CPI (ALL ITEMS, YR/YR) PCT  July   +1.2    +1.4    +1.5  09/19</p>
<p>CPI (EX-FOOD/ENER)     PCT  July   +1.4    +1.3    +1.5  09/19</p>
<p>MERCH TRADE BALANCE    BLN  June +C$3.14 +C$3.95 +C$2.63 09/18</p>
<p>MERCH IMPORTS (S/ADJ)  BLN  June C$18.86 C$18.44 C$18.92 09/18</p>
<p>MERCH EXPORTS (S/ADJ)  BLN  June C$22.00 C$22.39 C$21.55 09/18</p>
<p>CURR ACCT(SA QUARTERLY)BLN  Q1   -C$1.94 -C$0.33 -C$1.27 08/30</p>
<p>  INDICATOR		    PERIOD  LATEST  PREV1  PREV2  NEXT</p>
<p>GDP (MONTHLY)	    PCT   May    +0.2   -0.5   -0.1   08/30</p>
<p>GDP (QUARTERLY)	  PCT   Q1     +0.3   +0.2   +0.5   08/30</p>
<p>GDP PRICE DEFLATOR     PCT   Q1     -0.2   +0.2   +0.5   08/30</p>
<p>INDUSTRIAL PRICES	PCT   June   -0.4   -0.5   -0.1   08/28</p>
<p>RAW MATERIALS PRICES   PCT   June   -2.3   +0.9   +3.0   08/28</p>
<p>BUDGET DEF (MONTHLY)   BLN   Oct   C$2.94   VS   C$3.31    N/A</p>
<p>BUDGET DEF (YR-DATE)   BLN   7 MO  C$17.62  VS   C$19.26   N/A</p>
<p>HOUSING STARTS (ANNUALIZED)  Jul 129,300 134,100 132,900 09/10</p>
<p>BUILDING PERMITS	 PCT   June   -0.4  +15.4  -10.4   09/04</p>
<p>COMPOS LEADING INDIC   PCT   July   +0.5   +0.5   +0.7   09/19</p>
<p>  INDICATOR		    PERIOD  LATEST  PREV1  PREV2  NEXT</p>
<p>MANUFAC SHIPMENTS	PCT   June  -0.4    +1.8    +2.2  09/17</p>
<p>MANUF UNFILLED ORDERS  PCT   June  +0.1    +1.7    -1.0  09/17</p>
<p>MANUF NEW ORDERS	 PCT   June  -2.1    +4.6    +2.7  09/17</p>
<p>INVENTORIES/SHIPMENTS RATIO  June  1.35    1.36    1.40  09/17</p>
<p>CAPACITY UTILIZATION   PCT   Q1     82.8    82.9   83.1  09/10</p>
<p>HELP WANTED INDEX	PCT   July   89	89	88   09/05</p>
<p>WAGE SETTLEMENTS	 PCT   June  +0.5    +0.8    +1.3  09/17</p>
<p>  INDICATOR		    PERIOD  LATEST  PREV1  PREV2  NEXT</p>
<p>NEW MOTOR VEHICLE SALES  PCT  June  +1.9   +8.2   -6.5  09/12</p>
<p>AVG WEEKLY EARNINGS Y/Y  PCT  May   +2.4   +1.3   +0.9  08/29</p>
<p>RETAIL SALES		 PCT  May   -0.1    0.0   +0.1  08/22</p>
<p>WHOLESALE TRADE M/M	PCT  May   +1.5   -0.1   +1.6  08/23</p>
<p>NEW HOUSING PRICE Y/Y    PCT  June  -2.2   -2.5   -2.7  09/11</p>
<p>-- Toronto Bureau 416 941-8100</p>
</text>
<copyright>(c) Reuters Limited 1996</copyright>
<metadata>
<codes class="bip:countries:1.0">
  <code code="CANA">
    <editdetail attribution="Reuters BIP Coding Group" action="confirmed" date="1996-08-21"/>
  </code>
</codes>
<codes class="bip:topics:1.0">
  <code code="E71">
    <editdetail attribution="Reuters BIP Coding Group" action="confirmed" date="1996-08-21"/>
  </code>
  <code code="ECAT">
    <editdetail attribution="Reuters BIP Coding Group" action="confirmed" date="1996-08-21"/>
  </code>
</codes>
<dc element="dc.publisher" value="Reuters Holdings Plc"/>
<dc element="dc.date.published" value="1996-08-21"/>
<dc element="dc.source" value="Reuters"/>
<dc element="dc.creator.location.country.name" value="CANADA"/>
<dc element="dc.source" value="Reuters"/>
</metadata>
</newsitem>
