<?xml version="1.0" encoding="iso-8859-1" ?>
<newsitem itemid="5506" id="root" date="1996-08-21" xml:lang="en">
<title>CANADA: Inco closes deal with Diamond Fields.</title>
<headline>Inco closes deal with Diamond Fields.</headline>
<dateline>TORONTO 1996-08-21</dateline>
<text>
<p>Inco Ltd said on Wednesday it has finally closed its C$4.3-billion takeover of Diamond Fields Resources Inc.</p>
<p>The closing gives Inco a leading role in the nickel market for years to come with the acquisition of the massive copper-cobalt-nickel deposit in remote Voisey's Bay, Labrador.  </p>
<p>Diamond Fields shareholders had the choice to take common shares in Inco, cash up to a maximum of C$350 million, preferred shares in Inco or a new class of VBN shares to participate directly in the Voisey's Bay deposit.</p>
<p>Inco said Wednesday the full C$350 million was paid out. The company also distributed a total of 50.3 million common shares, 25.9 million Inco class VBN shares and 9.4 million preferred shares as part of the acquisition.</p>
<p>The deal ends a long takeover battle and legal saga. Inco's bid beat out rival Falconbridge Ltd last spring.  </p>
<p>But Inco refused to sign the dotted line when, days before the scheduled closing of the deal, a group of Texans launched a lawsuit against Diamond Fields executives and Inco.</p>
<p>The lawsuit was settled August 5, clearing the way for the deal to go through.</p>
<p>But for Inco, the deal was worth fighting for. The Voisey's Bay deposit is thought to be one of the largest metals discoveries in the world.</p>
<p>The site contains an estimated reserve of about 150 million tonnes of ore and will give Inco a solid chunk of the nickel market when production starts up in 1998 or 1999.</p>
<p>Inco may still face some roadblocks before it gets to that stage, however.</p>
<p>The nickel giant must negotiate with local native groups and win environmental approvals before it can go ahead with production.</p>
<p>-- Reuters Toronto Bureau 416 941-8100</p>
</text>
<copyright>(c) Reuters Limited 1996</copyright>
<metadata>
<codes class="bip:countries:1.0">
  <code code="CANA">
    <editdetail attribution="Reuters BIP Coding Group" action="confirmed" date="1996-08-21"/>
  </code>
</codes>
<codes class="bip:industries:1.0">
  <code code="I21000">
    <editdetail attribution="Reuters BIP Coding Group" action="confirmed" date="1996-08-21"/>
  </code>
</codes>
<codes class="bip:topics:1.0">
  <code code="C18">
    <editdetail attribution="Reuters BIP Coding Group" action="confirmed" date="1996-08-21"/>
  </code>
  <code code="C181">
    <editdetail attribution="Reuters BIP Coding Group" action="confirmed" date="1996-08-21"/>
  </code>
  <code code="CCAT">
    <editdetail attribution="Reuters BIP Coding Group" action="confirmed" date="1996-08-21"/>
  </code>
</codes>
<dc element="dc.date.created" value="1996-08-21"/>
<dc element="dc.publisher" value="Reuters Holdings Plc"/>
<dc element="dc.date.published" value="1996-08-21"/>
<dc element="dc.source" value="Reuters"/>
<dc element="dc.creator.location" value="TORONTO"/>
<dc element="dc.creator.location.country.name" value="CANADA"/>
<dc element="dc.source" value="Reuters"/>
</metadata>
</newsitem>
