<?xml version="1.0" encoding="iso-8859-1" ?>
<newsitem itemid="5507" id="root" date="1996-08-21" xml:lang="en">
<title>CANADA: Amway cancels deal with Tee-Comm.</title>
<headline>Amway cancels deal with Tee-Comm.</headline>
<dateline>TORONTO 1996-08-21</dateline>
<text>
<p>Amway Corp has cancelled its private network distribution agreement with Tee-Comm Electronics Inc and its subsidiary AlphaStar Television Network Inc, the satellite communications company said Wednesday.</p>
<p>Tee-Comm and Alphastar said they were holding talks with Amway to set up a new contract.</p>
<p>An AlphaStar spokeswoman said the service was put in operation but Amway cancelled it because they were unhappy with it. The official would not give details on what Amway was displeased with.</p>
<p>&quot;The issues and problems raised by Amway in the past have been rectified,&quot; AlphaStar president Murray Klippenstein said in a statement.</p>
<p>Tee-Comm and AlphaStar signed a contract a year ago to provide Amway with hardware and a broadcasting system so Amway could communicate with its more than one million salespeople, the spokeswoman explained.</p>
<p>Amway was involved in the testing of the program and problems that arose during the testing have been solved, she said.</p>
<p>She said she would not give details since the matter was now in the hands of lawyers.</p>
<p>-- Reuters Toronto Bureau 416 941-8100</p>
</text>
<copyright>(c) Reuters Limited 1996</copyright>
<metadata>
<codes class="bip:countries:1.0">
  <code code="CANA">
    <editdetail attribution="Reuters BIP Coding Group" action="confirmed" date="1996-08-21"/>
  </code>
  <code code="USA">
    <editdetail attribution="Reuters BIP Coding Group" action="confirmed" date="1996-08-21"/>
  </code>
</codes>
<codes class="bip:industries:1.0">
  <code code="I34430">
    <editdetail attribution="Reuters BIP Coding Group" action="confirmed" date="1996-08-21"/>
  </code>
  <code code="I83954">
    <editdetail attribution="Reuters BIP Coding Group" action="confirmed" date="1996-08-21"/>
  </code>
  <code code="I8395449">
    <editdetail attribution="Reuters BIP Coding Group" action="confirmed" date="1996-08-21"/>
  </code>
</codes>
<codes class="bip:topics:1.0">
  <code code="C33">
    <editdetail attribution="Reuters BIP Coding Group" action="confirmed" date="1996-08-21"/>
  </code>
  <code code="CCAT">
    <editdetail attribution="Reuters BIP Coding Group" action="confirmed" date="1996-08-21"/>
  </code>
</codes>
<dc element="dc.date.created" value="1996-08-21"/>
<dc element="dc.publisher" value="Reuters Holdings Plc"/>
<dc element="dc.date.published" value="1996-08-21"/>
<dc element="dc.source" value="Reuters"/>
<dc element="dc.creator.location" value="TORONTO"/>
<dc element="dc.creator.location.country.name" value="CANADA"/>
<dc element="dc.source" value="Reuters"/>
</metadata>
</newsitem>
