<?xml version="1.0" encoding="iso-8859-1" ?>
<newsitem itemid="5508" id="root" date="1996-08-21" xml:lang="en">
<title>CANADA: Aur Resources down on Nevada results.</title>
<headline>Aur Resources down on Nevada results.</headline>
<dateline>TORONTO 1996-08-21</dateline>
<text>
<p>Shares in Aur Resources Inc dropped Wednesday after it released results from its gold property in Nevada.</p>
<p>Shares were down C$0.90 to $8.95 on heavy trading of more than one million shares.</p>
<p>Since June, Aur said it has tested about two percent of its Coleman Canyon property located about 100 km north of Elko, Nevada.</p>
<p>&quot;Investors think they've found dead ambers,&quot; said mining analyst Ray Goldie with Richardson Greenshields.  </p>
<p>&quot;They haven't, though. They've found a lot of smoke,&quot; Goldie said, adding that exploration is still in its early stages.</p>
<p>The company said it was drilling to evaluate the potential for a large tonnage, open pit gold deposit.</p>
<p>Drilling intersected an average grade of 0.02 ounces of gold per tonne over 11.6 metres, the company said in a statement.</p>
<p>Aur said the results confirm the presence of widespread gold mineralization in the area, but the company needs to establish the continuity of ore-grade mineralization.  </p>
<p>The company said it plans to continue drilling and trenching in September.</p>
<p>-- Reuters Toronto Bureau 416 941-8100</p>
</text>
<copyright>(c) Reuters Limited 1996</copyright>
<metadata>
<codes class="bip:countries:1.0">
  <code code="CANA">
    <editdetail attribution="Reuters BIP Coding Group" action="confirmed" date="1996-08-21"/>
  </code>
  <code code="USA">
    <editdetail attribution="Reuters BIP Coding Group" action="confirmed" date="1996-08-21"/>
  </code>
</codes>
<codes class="bip:industries:1.0">
  <code code="I21000">
    <editdetail attribution="Reuters BIP Coding Group" action="confirmed" date="1996-08-21"/>
  </code>
</codes>
<codes class="bip:topics:1.0">
  <code code="C15">
    <editdetail attribution="Reuters BIP Coding Group" action="confirmed" date="1996-08-21"/>
  </code>
  <code code="C151">
    <editdetail attribution="Reuters BIP Coding Group" action="confirmed" date="1996-08-21"/>
  </code>
  <code code="C152">
    <editdetail attribution="Reuters BIP Coding Group" action="confirmed" date="1996-08-21"/>
  </code>
  <code code="CCAT">
    <editdetail attribution="Reuters BIP Coding Group" action="confirmed" date="1996-08-21"/>
  </code>
</codes>
<dc element="dc.date.created" value="1996-08-21"/>
<dc element="dc.publisher" value="Reuters Holdings Plc"/>
<dc element="dc.date.published" value="1996-08-21"/>
<dc element="dc.source" value="Reuters"/>
<dc element="dc.creator.location" value="TORONTO"/>
<dc element="dc.creator.location.country.name" value="CANADA"/>
<dc element="dc.source" value="Reuters"/>
</metadata>
</newsitem>
