<?xml version="1.0" encoding="iso-8859-1" ?>
<newsitem itemid="5512" id="root" date="1996-08-21" xml:lang="en">
<title>CANADA: Zenon unit wins C$11 mln Polish contract.</title>
<headline>Zenon unit wins C$11 mln Polish contract.</headline>
<dateline>BURLINGTON, Ontario 1996-08-21</dateline>
<text>
<p>Zenon Environmental Inc said its Hungarian division won an C$11 million contract to provide a water treatment system and a five-year service contract in Poland.</p>
<p>Zenon's system will treat 150 cubic meters of water an hour, it said. Zenon is a water treatment and recycling firm.</p>
<p>-- Reuters Toronto Bureau (416) 941-8100</p>
</text>
<copyright>(c) Reuters Limited 1996</copyright>
<metadata>
<codes class="bip:countries:1.0">
  <code code="CANA">
    <editdetail attribution="Reuters BIP Coding Group" action="confirmed" date="1996-08-21"/>
  </code>
  <code code="POL">
    <editdetail attribution="Reuters BIP Coding Group" action="confirmed" date="1996-08-21"/>
  </code>
</codes>
<codes class="bip:topics:1.0">
  <code code="C33">
    <editdetail attribution="Reuters BIP Coding Group" action="confirmed" date="1996-08-21"/>
  </code>
  <code code="CCAT">
    <editdetail attribution="Reuters BIP Coding Group" action="confirmed" date="1996-08-21"/>
  </code>
</codes>
<dc element="dc.date.created" value="1996-08-21"/>
<dc element="dc.publisher" value="Reuters Holdings Plc"/>
<dc element="dc.date.published" value="1996-08-21"/>
<dc element="dc.source" value="Reuters"/>
<dc element="dc.creator.location" value="BURLINGTON, Ontario"/>
<dc element="dc.creator.location.country.name" value="CANADA"/>
<dc element="dc.source" value="Reuters"/>
</metadata>
</newsitem>
