<?xml version="1.0" encoding="iso-8859-1" ?>
<newsitem itemid="5513" id="root" date="1996-08-21" xml:lang="en">
<title>CANADA: Pangea Goldfields up on Peru results.</title>
<headline>Pangea Goldfields up on Peru results.</headline>
<dateline>TORONTO 1996-08-21</dateline>
<text>
<p>Stock in Pangea Goldfields Inc made solid gains on Wednesday after releasing an update on its Peru gold project.</p>
<p>Shares were up C$0.95 to C$7.60 by early afternoon, a gain of more than 14 per cent. Almost 600,000 shares traded hands.</p>
<p>The results are preliminary but encouraging, said Pangea president Jean-Charles Potvin.</p>
<p>&quot;Given the fact that everywhere we sample, we get good results, it looks very promising,&quot; he said.</p>
<p>&quot;So we'll have an aggressive drilling program as soon as we can move the rig in.&quot;  </p>
<p>Results released Wednesday showed the Pucamina Shear, a mineralized structure on its Victoria project in Peru, may be mineralized over a strike length of two kilometres, the company said.</p>
<p>Trench P18 and P19 returned grades of 7.3 grams of gold per tonne over eight metres and 23.2 grams per tonne over 3.7 metres respectively.</p>
<p>Trench P25 returned grades of 5.6 grams per tonne over three metres. Trench P6 showed 3.95 grams per tonne over three metres, the company said.</p>
</text>
<copyright>(c) Reuters Limited 1996</copyright>
<metadata>
<codes class="bip:countries:1.0">
  <code code="CANA">
    <editdetail attribution="Reuters BIP Coding Group" action="confirmed" date="1996-08-21"/>
  </code>
  <code code="PERU">
    <editdetail attribution="Reuters BIP Coding Group" action="confirmed" date="1996-08-21"/>
  </code>
</codes>
<codes class="bip:topics:1.0">
  <code code="C15">
    <editdetail attribution="Reuters BIP Coding Group" action="confirmed" date="1996-08-21"/>
  </code>
  <code code="C152">
    <editdetail attribution="Reuters BIP Coding Group" action="confirmed" date="1996-08-21"/>
  </code>
  <code code="C24">
    <editdetail attribution="Reuters BIP Coding Group" action="confirmed" date="1996-08-21"/>
  </code>
  <code code="CCAT">
    <editdetail attribution="Reuters BIP Coding Group" action="confirmed" date="1996-08-21"/>
  </code>
</codes>
<dc element="dc.date.created" value="1996-08-21"/>
<dc element="dc.publisher" value="Reuters Holdings Plc"/>
<dc element="dc.date.published" value="1996-08-21"/>
<dc element="dc.source" value="Reuters"/>
<dc element="dc.creator.location" value="TORONTO"/>
<dc element="dc.creator.location.country.name" value="CANADA"/>
<dc element="dc.source" value="Reuters"/>
</metadata>
</newsitem>
