<?xml version="1.0" encoding="iso-8859-1" ?>
<newsitem itemid="5517" id="root" date="1996-08-21" xml:lang="en">
<title>CANADA: Canada C$2.7 bln bond due 2001 yields 6.493 pct.</title>
<headline>Canada C$2.7 bln bond due 2001 yields 6.493 pct.</headline>
<dateline>TORONTO 1996-08-21</dateline>
<text>
<p>The Government of Canada said its C$2.7 billion auction of 7.0 percent bonds due September 1, 2001 produced the following results:</p>
<p>			     YIELD	 PRICE</p>
<p>		   AVG     6.493     102.133  PCT AT</p>
<p>		   LOW     6.489     102.150  HI YIELD</p>
<p>		   HIGH    6.495     102.124   95.93827</p>
<p>The bonds will be dated and delivered on September 3. The outstanding debt of the issue totals C$7.9 billion. Bids from primary dealers totalled C$6,870.4 million, including C$72.9 million non-competitive tenders at the average yield.</p>
</text>
<copyright>(c) Reuters Limited 1996</copyright>
<metadata>
<codes class="bip:countries:1.0">
  <code code="CANA">
    <editdetail attribution="Reuters BIP Coding Group" action="confirmed" date="1996-08-21"/>
  </code>
</codes>
<codes class="bip:topics:1.0">
  <code code="E21">
    <editdetail attribution="Reuters BIP Coding Group" action="confirmed" date="1996-08-21"/>
  </code>
  <code code="E212">
    <editdetail attribution="Reuters BIP Coding Group" action="confirmed" date="1996-08-21"/>
  </code>
  <code code="ECAT">
    <editdetail attribution="Reuters BIP Coding Group" action="confirmed" date="1996-08-21"/>
  </code>
</codes>
<dc element="dc.date.created" value="1996-08-21"/>
<dc element="dc.publisher" value="Reuters Holdings Plc"/>
<dc element="dc.date.published" value="1996-08-21"/>
<dc element="dc.source" value="Reuters"/>
<dc element="dc.creator.location" value="TORONTO"/>
<dc element="dc.creator.location.country.name" value="CANADA"/>
<dc element="dc.source" value="Reuters"/>
</metadata>
</newsitem>
