<?xml version="1.0" encoding="iso-8859-1" ?>
<newsitem itemid="5523" id="root" date="1996-08-21" xml:lang="en">
<title>USA: RESEARCH ALERT - Viking Office upgraded.</title>
<headline>RESEARCH ALERT - Viking Office upgraded.</headline>
<text>
<p>- Chicago Corp said it upgraded to a buy from a hold its rating on Viking Office Products Inc.</p>
<p>- Chicago Corp said it expects Viking Office Products to benefit from more stable paper prices and is confident the company's competitive position is strong.</p>
<p>- Shares of Viking Office Products added 1-5/8 to 25-3/4.</p>
<p>	     Chicago newsdesk 312 408 8787</p>
</text>
<copyright>(c) Reuters Limited 1996</copyright>
<metadata>
<codes class="bip:countries:1.0">
  <code code="USA">
    <editdetail attribution="Reuters BIP Coding Group" action="confirmed" date="1996-08-21"/>
  </code>
</codes>
<codes class="bip:industries:1.0">
  <code code="I33010">
    <editdetail attribution="Reuters BIP Coding Group" action="confirmed" date="1996-08-21"/>
  </code>
</codes>
<codes class="bip:topics:1.0">
  <code code="C15">
    <editdetail attribution="Reuters BIP Coding Group" action="confirmed" date="1996-08-21"/>
  </code>
  <code code="C152">
    <editdetail attribution="Reuters BIP Coding Group" action="confirmed" date="1996-08-21"/>
  </code>
  <code code="CCAT">
    <editdetail attribution="Reuters BIP Coding Group" action="confirmed" date="1996-08-21"/>
  </code>
</codes>
<dc element="dc.publisher" value="Reuters Holdings Plc"/>
<dc element="dc.date.published" value="1996-08-21"/>
<dc element="dc.source" value="Reuters"/>
<dc element="dc.creator.location.country.name" value="USA"/>
<dc element="dc.source" value="Reuters"/>
</metadata>
</newsitem>
