<?xml version="1.0" encoding="iso-8859-1" ?>
<newsitem itemid="5524" id="root" date="1996-08-21" xml:lang="en">
<title>USA: RESEARCH ALERT - BMC Software restarted.</title>
<headline>RESEARCH ALERT - BMC Software restarted.</headline>
<text>
<p>-- Furman Selz said analyst Sanjiv Hingorani reinitiated BMC Software Inc with a buy rating.</p>
<p>-- sees earnings per share growth at a compounded annual rate of 22.6 percent between fiscal 1996 and 1998.</p>
<p>-- set 12-month price target of $81. Shares rose one to 68-1/4.</p>
</text>
<copyright>(c) Reuters Limited 1996</copyright>
<metadata>
<codes class="bip:countries:1.0">
  <code code="USA">
    <editdetail attribution="Reuters BIP Coding Group" action="confirmed" date="1996-08-21"/>
  </code>
</codes>
<codes class="bip:industries:1.0">
  <code code="I33020">
    <editdetail attribution="Reuters BIP Coding Group" action="confirmed" date="1996-08-21"/>
  </code>
  <code code="I3302021">
    <editdetail attribution="Reuters BIP Coding Group" action="confirmed" date="1996-08-21"/>
  </code>
</codes>
<codes class="bip:topics:1.0">
  <code code="C15">
    <editdetail attribution="Reuters BIP Coding Group" action="confirmed" date="1996-08-21"/>
  </code>
  <code code="C152">
    <editdetail attribution="Reuters BIP Coding Group" action="confirmed" date="1996-08-21"/>
  </code>
  <code code="CCAT">
    <editdetail attribution="Reuters BIP Coding Group" action="confirmed" date="1996-08-21"/>
  </code>
</codes>
<dc element="dc.publisher" value="Reuters Holdings Plc"/>
<dc element="dc.date.published" value="1996-08-21"/>
<dc element="dc.source" value="Reuters"/>
<dc element="dc.creator.location.country.name" value="USA"/>
<dc element="dc.source" value="Reuters"/>
</metadata>
</newsitem>
