<?xml version="1.0" encoding="iso-8859-1" ?>
<newsitem itemid="5528" id="root" date="1996-08-21" xml:lang="en">
<title>USA: EIA weekly reformulated gasoline stock/output data.</title>
<headline>EIA weekly reformulated gasoline stock/output data.</headline>
<text>
<p>-    Stocks (Mln bpd)	   !     Output (1,000 bpd)</p>
<p>    -  08/16/96  08/09/96   Change! 08/16/96  08/09/96  Change</p>
<p> PADD 1   19.1     17.0	 2.1 !     524	445	+79</p>
<p> PADD 2    1.4	1.5	-0.1 !     247	236	+11</p>
<p> PADD 3    7.3	8.5	-1.2 !     591	620	-29</p>
<p> PADD 5   10.6     11.5	-0.9 !     845	900	-55</p>
<p> Total    38.4     38.6	-0.2 !   2,207    2,201	 +6</p>
</text>
<copyright>(c) Reuters Limited 1996</copyright>
<metadata>
<codes class="bip:countries:1.0">
  <code code="USA">
    <editdetail attribution="Reuters BIP Coding Group" action="confirmed" date="1996-08-21"/>
  </code>
</codes>
<codes class="bip:industries:1.0">
  <code code="I14000">
    <editdetail attribution="Reuters BIP Coding Group" action="confirmed" date="1996-08-21"/>
  </code>
</codes>
<codes class="bip:topics:1.0">
  <code code="C21">
    <editdetail attribution="Reuters BIP Coding Group" action="confirmed" date="1996-08-21"/>
  </code>
  <code code="CCAT">
    <editdetail attribution="Reuters BIP Coding Group" action="confirmed" date="1996-08-21"/>
  </code>
  <code code="M14">
    <editdetail attribution="Reuters BIP Coding Group" action="confirmed" date="1996-08-21"/>
  </code>
  <code code="M143">
    <editdetail attribution="Reuters BIP Coding Group" action="confirmed" date="1996-08-21"/>
  </code>
  <code code="MCAT">
    <editdetail attribution="Reuters BIP Coding Group" action="confirmed" date="1996-08-21"/>
  </code>
</codes>
<dc element="dc.publisher" value="Reuters Holdings Plc"/>
<dc element="dc.date.published" value="1996-08-21"/>
<dc element="dc.source" value="Reuters"/>
<dc element="dc.creator.location.country.name" value="USA"/>
<dc element="dc.source" value="Reuters"/>
</metadata>
</newsitem>
