<?xml version="1.0" encoding="iso-8859-1" ?>
<newsitem itemid="5529" id="root" date="1996-08-21" xml:lang="en">
<title>USA: RESEARCH ALERT - Heilig-Meyers rated buy.</title>
<headline>RESEARCH ALERT - Heilig-Meyers rated buy.</headline>
<text>
<p>-- Salomon Brothers analyst David Childe said he initiated coverage of Heilig-Meyers Co with a buy rating.</p>
<p>-- estimated earnings of $0.95 per share for 1997, ending in February, and $1.20 for 1998, versus $0.84 in 1996.</p>
<p>-- shares gained 3/8 to 18-1/4.</p>
</text>
<copyright>(c) Reuters Limited 1996</copyright>
<metadata>
<codes class="bip:countries:1.0">
  <code code="USA">
    <editdetail attribution="Reuters BIP Coding Group" action="confirmed" date="1996-08-21"/>
  </code>
</codes>
<codes class="bip:industries:1.0">
  <code code="I65400">
    <editdetail attribution="Reuters BIP Coding Group" action="confirmed" date="1996-08-21"/>
  </code>
</codes>
<codes class="bip:topics:1.0">
  <code code="C15">
    <editdetail attribution="Reuters BIP Coding Group" action="confirmed" date="1996-08-21"/>
  </code>
  <code code="C152">
    <editdetail attribution="Reuters BIP Coding Group" action="confirmed" date="1996-08-21"/>
  </code>
  <code code="CCAT">
    <editdetail attribution="Reuters BIP Coding Group" action="confirmed" date="1996-08-21"/>
  </code>
</codes>
<dc element="dc.publisher" value="Reuters Holdings Plc"/>
<dc element="dc.date.published" value="1996-08-21"/>
<dc element="dc.source" value="Reuters"/>
<dc element="dc.creator.location.country.name" value="USA"/>
<dc element="dc.source" value="Reuters"/>
</metadata>
</newsitem>
